{"layer":"oblast","simplify_tolerance":0.01,"features":[{"type":"Feature","geometry":{"type":"MultiPolygon","coordinates":[[[[27.11842,50.59322],[27.07946,50.58368],[27.07144,50.55111],[27.01752,50.559],[26.98279,50.52274],[26.89966,50.54635],[26.85632,50.509],[26.82724,50.52307],[26.81738,50.50253],[26.77834,50.50213],[26.76002,50.4767],[26.78655,50.46771],[26.74302,50.46153],[26.74517,50.4796],[26.7344,50.47725],[26.73695,50.44463],[26.7175,50.44564],[26.71259,50.41696],[26.69202,50.42011],[26.68247,50.38931],[26.65951,50.39221],[26.64796,50.36458],[26.60175,50.36818],[26.58661,50.33965],[26.55273,50.33025],[26.56064,50.31699],[26.52253,50.30659],[26.4962,50.27568],[26.50335,50.26275],[26.39604,50.26513],[26.32398,50.23115],[26.2876,50.18442],[26.21149,50.17536],[26.2209,50.16464],[26.20857,50.15414],[26.2435,50.14329],[26.23481,50.13121],[26.27344,50.10281],[26.20046,50.09797],[26.20082,50.06729],[26.22689,50.04734],[26.17592,50.02515],[26.21061,50.0159],[26.20238,49.99214],[26.17283,49.99395],[26.14198,49.97176],[26.16611,49.92218],[26.1327,49.8984],[26.20093,49.86626],[26.1782,49.8473],[26.24079,49.77565],[26.24346,49.74531],[26.19084,49.71415],[26.24127,49.69361],[26.27241,49.65691],[26.2626,49.63754],[26.23108,49.63647],[26.1994,49.60898],[26.21901,49.5512],[26.17559,49.54926],[26.14227,49.50946],[26.18812,49.48102],[26.19314,49.42985],[26.23533,49.40053],[26.21943,49.37834],[26.24466,49.36942],[26.23195,49.35781],[26.24367,49.34738],[26.22903,49.35035],[26.22568,49.32747],[26.25952,49.28955],[26.24143,49.27704],[26.25838,49.26407],[26.24486,49.24457],[26.20286,49.24464],[26.18314,49.19584],[26.18976,49.17158],[26.21087,49.16189],[26.1899,49.15818],[26.20553,49.1327],[26.19199,49.07738],[26.21557,49.07227],[26.18388,49.05656],[26.21561,49.00535],[26.17607,48.99564],[26.2119,48.98287],[26.17734,48.97369],[26.20819,48.9551],[26.19852,48.91824],[26.18384,48.91549],[26.19651,48.90349],[26.22316,48.91095],[26.20395,48.8959],[26.21408,48.87984],[26.19982,48.85889],[26.23319,48.81916],[26.25846,48.81555],[26.22552,48.81323],[26.2334,48.78997],[26.20729,48.79727],[26.24576,48.75569],[26.22337,48.75222],[26.24397,48.73653],[26.2289,48.70886],[26.23752,48.69663],[26.21951,48.68885],[26.24529,48.684],[26.24786,48.66786],[26.27853,48.67282],[26.27307,48.64717],[26.30751,48.6575],[26.28779,48.64019],[26.32357,48.62935],[26.29304,48.62282],[26.35969,48.58803],[26.33638,48.56936],[26.36382,48.55929],[26.3602,48.5419],[26.3794,48.56467],[26.41276,48.54106],[26.4864,48.5451],[26.56811,48.45419],[26.62213,48.45838],[26.60707,48.49887],[26.61624,48.50805],[26.66874,48.48569],[26.71266,48.49369],[26.67522,48.53863],[26.62351,48.53752],[26.62263,48.55488],[26.66145,48.56002],[26.72708,48.53306],[26.74308,48.55599],[26.72028,48.57873],[26.72865,48.58727],[26.7616,48.54916],[26.77983,48.5478],[26.79453,48.5675],[26.77884,48.59454],[26.80061,48.60919],[26.82377,48.60585],[26.8202,48.58174],[26.84094,48.55788],[26.87928,48.54248],[26.9262,48.57415],[26.98996,48.58824],[27.00068,48.57052],[27.09941,48.55581],[27.16784,48.58522],[27.248,48.56526],[27.26562,48.58449],[27.23316,48.60927],[27.26392,48.62676],[27.31285,48.59964],[27.34426,48.6049],[27.41504,48.70098],[27.3999,48.72674],[27.41436,48.73999],[27.38946,48.76441],[27.40896,48.76763],[27.42762,48.79719],[27.41099,48.81167],[27.41511,48.8817],[27.39353,48.90048],[27.39164,48.93804],[27.41743,48.95417],[27.41783,48.97158],[27.38328,49.00774],[27.41657,49.05459],[27.4415,49.07013],[27.50322,49.06635],[27.47924,49.08877],[27.50545,49.11039],[27.49264,49.12142],[27.50777,49.13148],[27.53495,49.12159],[27.53374,49.14138],[27.57754,49.12171],[27.60322,49.16233],[27.63981,49.16699],[27.68697,49.14166],[27.74126,49.13771],[27.78082,49.17471],[27.77601,49.1899],[27.85482,49.17059],[27.89866,49.186],[27.89426,49.20888],[27.86636,49.21306],[27.85712,49.23823],[27.87233,49.24951],[27.84918,49.26382],[27.86216,49.27937],[27.85809,49.3288],[27.81188,49.3658],[27.82904,49.36776],[27.81193,49.38825],[27.83354,49.39132],[27.8515,49.42695],[27.7504,49.43974],[27.76376,49.47835],[27.79116,49.48791],[27.73469,49.49626],[27.74271,49.53147],[27.77524,49.52031],[27.79404,49.53067],[27.79039,49.55699],[27.75831,49.57631],[27.79986,49.62102],[27.81179,49.6154],[27.81148,49.6446],[27.766,49.66644],[27.76251,49.69719],[27.81157,49.70198],[27.83702,49.72981],[27.78112,49.72834],[27.74934,49.75653],[27.70363,49.76901],[27.72696,49.79977],[27.66802,49.80784],[27.66224,49.79446],[27.64486,49.80743],[27.60999,49.87566],[27.62536,49.89241],[27.54676,49.90347],[27.5477,49.93484],[27.57561,49.94862],[27.54646,50.0116],[27.57126,50.01967],[27.61171,50.00564],[27.642,50.03676],[27.68116,50.03406],[27.66874,50.07753],[27.61545,50.08622],[27.6391,50.11507],[27.62592,50.12333],[27.63163,50.14622],[27.67766,50.15786],[27.66433,50.19274],[27.62127,50.16949],[27.62269,50.19972],[27.59296,50.21567],[27.59744,50.25855],[27.52093,50.22553],[27.48098,50.25722],[27.44262,50.26118],[27.44472,50.27545],[27.39541,50.28757],[27.4162,50.30745],[27.36324,50.33254],[27.31559,50.33166],[27.32116,50.36761],[27.24843,50.39279],[27.30132,50.49314],[27.26778,50.4918],[27.25875,50.51307],[27.20739,50.53184],[27.19633,50.5621],[27.13069,50.56087],[27.11842,50.59322]]]]},"properties":{"uid":3,"title_uk":"Хмельницька область","region_type":"oblast","parent_uid":null,"oblast_uid":3}},{"type":"Feature","geometry":{"type":"MultiPolygon","coordinates":[[[[28.87952,49.88847],[28.85722,49.88851],[28.84409,49.86],[28.75071,49.84449],[28.75896,49.81833],[28.72628,49.79682],[28.63654,49.81719],[28.60217,49.81003],[28.60104,49.782],[28.56973,49.77389],[28.52842,49.8204],[28.48195,49.80706],[28.46967,49.82258],[28.4219,49.8248],[28.40691,49.79186],[28.37955,49.78055],[28.26271,49.79938],[28.25092,49.81479],[28.22565,49.78493],[28.04446,49.77048],[27.98086,49.78016],[27.83589,49.75551],[27.81724,49.74294],[27.83702,49.72981],[27.81157,49.70198],[27.76251,49.69719],[27.766,49.66644],[27.81148,49.6446],[27.81218,49.61866],[27.7589,49.57838],[27.79331,49.55315],[27.79412,49.53087],[27.77524,49.52031],[27.74271,49.53147],[27.73469,49.49626],[27.79116,49.48791],[27.74512,49.45052],[27.80724,49.43952],[27.82735,49.42155],[27.8515,49.42695],[27.83354,49.39132],[27.81193,49.38825],[27.82904,49.36776],[27.81188,49.3658],[27.85809,49.3288],[27.86216,49.27937],[27.84918,49.26382],[27.87233,49.24951],[27.85712,49.23823],[27.86636,49.21306],[27.89426,49.20888],[27.89866,49.186],[27.85482,49.17059],[27.77601,49.1899],[27.78082,49.17471],[27.74126,49.13771],[27.68697,49.14166],[27.63981,49.16699],[27.60116,49.16109],[27.59757,49.13509],[27.57754,49.12171],[27.53374,49.14138],[27.53495,49.12159],[27.50601,49.13079],[27.49259,49.12128],[27.50542,49.11033],[27.47924,49.08877],[27.50393,49.06677],[27.43659,49.06924],[27.38328,49.00774],[27.41783,48.97158],[27.41743,48.95417],[27.39164,48.93804],[27.39353,48.90048],[27.41511,48.8817],[27.41099,48.81167],[27.42762,48.79719],[27.40896,48.76763],[27.38946,48.76441],[27.41436,48.73999],[27.3999,48.72674],[27.41504,48.70098],[27.38997,48.68083],[27.37291,48.63015],[27.45682,48.59022],[27.49478,48.48557],[27.53294,48.46948],[27.5978,48.49104],[27.59042,48.46096],[27.64523,48.44103],[27.76308,48.45604],[27.87155,48.4051],[27.88258,48.37206],[27.95331,48.32875],[28.07227,48.31848],[28.09381,48.29406],[28.08757,48.23477],[28.13027,48.24155],[28.14599,48.26282],[28.17599,48.25771],[28.18651,48.21548],[28.20732,48.20481],[28.35214,48.24668],[28.36856,48.20565],[28.30726,48.16104],[28.30463,48.14074],[28.3498,48.13557],[28.38387,48.17542],[28.42678,48.17315],[28.43992,48.14302],[28.42085,48.12228],[28.45104,48.08009],[28.49076,48.06553],[28.49885,48.12715],[28.521,48.1381],[28.50287,48.15111],[28.5689,48.17559],[28.64767,48.14328],[28.68225,48.1467],[28.68779,48.12455],[28.83352,48.12866],[28.85781,48.10311],[28.847,48.07887],[28.86808,48.06934],[28.87301,48.08261],[28.92718,48.09436],[28.94516,48.15669],[29.00448,48.15038],[29.03224,48.12563],[29.06463,48.19456],[29.15824,48.14859],[29.1415,48.14066],[29.20927,48.13421],[29.25124,48.14971],[29.26141,48.13037],[29.20354,48.11793],[29.31159,48.08601],[29.37186,48.09055],[29.3945,48.11374],[29.45838,48.12261],[29.49484,48.10263],[29.57006,48.09873],[29.58754,48.10198],[29.6025,48.13291],[29.66364,48.10752],[29.67589,48.16214],[29.65494,48.19502],[29.77961,48.20539],[29.77268,48.27222],[29.74939,48.28945],[29.81316,48.34759],[29.787,48.36993],[29.87174,48.41666],[29.86409,48.42572],[29.95131,48.4501],[29.96674,48.49143],[30.00087,48.49202],[30.00634,48.51336],[29.98901,48.51669],[30.02042,48.51921],[30.02114,48.53615],[30.00335,48.55163],[30.00584,48.57307],[29.94819,48.59339],[29.95129,48.60853],[29.98975,48.61353],[29.98978,48.63637],[29.94468,48.65782],[29.94685,48.66983],[29.86116,48.69975],[29.86774,48.7345],[29.88412,48.73608],[29.86653,48.76302],[29.76614,48.78626],[29.76164,48.84706],[29.7317,48.8546],[29.72807,48.88636],[29.70958,48.89744],[29.7355,48.90818],[29.687,48.91232],[29.65172,48.9368],[29.65201,48.95977],[29.69574,49.00041],[29.68367,49.02644],[29.63933,49.01176],[29.60594,49.05757],[29.6308,49.04704],[29.65089,49.09705],[29.68627,49.08871],[29.67818,49.11218],[29.7336,49.1228],[29.71203,49.14191],[29.72586,49.20293],[29.70379,49.22541],[29.73674,49.22861],[29.71624,49.23587],[29.71054,49.26315],[29.68988,49.2374],[29.63876,49.24745],[29.61305,49.26544],[29.62185,49.27412],[29.60772,49.29966],[29.61913,49.30583],[29.53535,49.32382],[29.50266,49.36986],[29.50527,49.39584],[29.54162,49.40143],[29.59486,49.44326],[29.54346,49.48367],[29.5844,49.49467],[29.58485,49.50656],[29.53909,49.52099],[29.53074,49.56207],[29.49632,49.60003],[29.53527,49.63669],[29.43134,49.66197],[29.40944,49.65897],[29.38002,49.61969],[29.2756,49.62708],[29.27561,49.59],[29.24149,49.60353],[29.21289,49.5877],[29.11652,49.58354],[28.9932,49.59742],[29.01007,49.63253],[28.94568,49.67923],[29.00472,49.72655],[29.00213,49.73853],[28.94278,49.78315],[28.97013,49.80363],[28.94457,49.81975],[28.95362,49.83988],[28.87952,49.88847]]]]},"properties":{"uid":4,"title_uk":"Вінницька область","region_type":"oblast","parent_uid":null,"oblast_uid":4}},{"type":"Feature","geometry":{"type":"MultiPolygon","coordinates":[[[[25.77987,51.9491],[25.76549,51.94957],[25.78006,51.92214],[25.5927,51.92439],[25.62828,51.90335],[25.7086,51.89453],[25.64012,51.84884],[25.65024,51.81917],[25.63155,51.80404],[25.65939,51.78359],[25.64972,51.76677],[25.67033,51.77206],[25.68267,51.7559],[25.64094,51.68137],[25.57757,51.62471],[25.53006,51.63103],[25.53201,51.61394],[25.55525,51.62434],[25.59876,51.58083],[25.5654,51.53968],[25.59543,51.52463],[25.55011,51.51931],[25.55549,51.50061],[25.61022,51.50698],[25.60216,51.49314],[25.62391,51.49514],[25.61811,51.47722],[25.64147,51.47868],[25.64669,51.41672],[25.68757,51.40538],[25.70387,51.38382],[25.69522,51.37568],[25.72479,51.38043],[25.72486,51.40014],[25.75983,51.40038],[25.75529,51.38118],[25.78116,51.37428],[25.83111,51.38715],[25.84383,51.37575],[25.8244,51.36584],[25.83298,51.33022],[25.93818,51.27785],[25.94605,51.23256],[25.99572,51.22782],[26.06539,51.17936],[26.05869,51.14261],[25.94161,51.11937],[25.94159,51.08399],[26.01694,51.08329],[26.09117,51.05061],[26.10731,51.00507],[26.08559,51.00263],[26.0847,50.9732],[25.96702,50.95696],[26.0007,50.93539],[25.99168,50.86584],[26.0395,50.84174],[26.02196,50.82084],[25.90246,50.83155],[25.87185,50.73863],[25.8787,50.70853],[25.82353,50.64674],[25.84452,50.63092],[25.82934,50.61981],[25.79521,50.66952],[25.7088,50.67146],[25.7221,50.68351],[25.69551,50.70318],[25.69396,50.72474],[25.60688,50.7174],[25.60167,50.69624],[25.46956,50.68005],[25.45702,50.66252],[25.38109,50.68648],[25.38687,50.65781],[25.35121,50.64149],[25.40576,50.6115],[25.32786,50.61213],[25.29195,50.63052],[25.30017,50.57965],[25.31877,50.58361],[25.32142,50.56873],[25.30049,50.53808],[25.12368,50.55349],[25.1222,50.52883],[25.16301,50.50063],[25.15062,50.46835],[25.08409,50.47542],[25.13831,50.46112],[25.15175,50.44681],[25.13913,50.42824],[25.15854,50.42894],[25.16936,50.39586],[25.20983,50.3812],[25.19865,50.36311],[25.17929,50.36219],[25.16898,50.37971],[25.14174,50.36915],[25.1459,50.34425],[25.16632,50.33111],[25.10905,50.31221],[25.10132,50.29506],[25.2049,50.27922],[25.20646,50.24729],[25.19,50.24872],[25.16547,50.20922],[25.21496,50.17975],[25.19725,50.1311],[25.21118,50.11499],[25.34909,50.00295],[25.36439,50.04603],[25.43139,50.05297],[25.45411,50.09429],[25.48902,50.10184],[25.44839,50.12406],[25.44938,50.15043],[25.47601,50.16616],[25.55411,50.15045],[25.57571,50.17633],[25.62538,50.15211],[25.68813,50.17842],[25.72073,50.17328],[25.72896,50.18697],[25.82116,50.1816],[25.85502,50.18989],[25.93135,50.25614],[25.96274,50.25643],[26.0087,50.22875],[26.065,50.25739],[26.16579,50.2308],[26.19133,50.26277],[26.22124,50.26683],[26.21812,50.23017],[26.18537,50.22913],[26.17927,50.19709],[26.22965,50.17207],[26.27347,50.17875],[26.32398,50.23115],[26.38302,50.26072],[26.50335,50.26275],[26.4962,50.27568],[26.52728,50.31095],[26.56064,50.31699],[26.55273,50.33025],[26.58661,50.33965],[26.60187,50.36824],[26.64796,50.36458],[26.65951,50.39221],[26.68247,50.38931],[26.69202,50.42011],[26.71259,50.41696],[26.7175,50.44564],[26.73695,50.44463],[26.7344,50.47725],[26.74517,50.4796],[26.74302,50.46153],[26.78655,50.46771],[26.76156,50.47046],[26.76504,50.48908],[26.81738,50.50253],[26.82724,50.52307],[26.85632,50.509],[26.89966,50.54635],[26.98279,50.52274],[27.01752,50.559],[27.07144,50.55111],[27.07946,50.58368],[27.118,50.59469],[27.13069,50.56087],[27.23116,50.56674],[27.21516,50.58839],[27.22482,50.60604],[27.18638,50.6254],[27.21372,50.63963],[27.20372,50.66619],[27.2446,50.67307],[27.27573,50.7223],[27.26262,50.74566],[27.27046,50.76334],[27.24172,50.77032],[27.23217,50.79703],[27.24237,50.82795],[27.23201,50.83905],[27.25625,50.89597],[27.217,50.91984],[27.23835,50.9454],[27.19999,51.00018],[27.22626,51.00792],[27.21936,51.0301],[27.32591,51.04222],[27.32402,51.08155],[27.36671,51.09755],[27.36402,51.14294],[27.39824,51.17023],[27.40041,51.20071],[27.47396,51.23714],[27.4471,51.25459],[27.46139,51.26415],[27.44073,51.31054],[27.49,51.3156],[27.52762,51.35344],[27.52607,51.36639],[27.49474,51.37473],[27.50502,51.45149],[27.53448,51.45295],[27.53289,51.42878],[27.58439,51.40165],[27.61414,51.40295],[27.59895,51.43019],[27.58249,51.42973],[27.57885,51.47848],[27.66913,51.49695],[27.6763,51.5393],[27.72048,51.56129],[27.72292,51.60344],[27.64552,51.61599],[27.61896,51.60544],[27.54999,51.63718],[27.5399,51.62057],[27.50799,51.62882],[27.51233,51.60726],[27.52791,51.60768],[27.50341,51.58719],[27.48222,51.59329],[27.48663,51.61233],[27.46817,51.60604],[27.45413,51.61972],[27.42536,51.60555],[27.35919,51.61589],[27.24026,51.60175],[27.27276,51.65433],[27.2082,51.66385],[27.20132,51.77344],[26.99458,51.76883],[26.94821,51.73588],[26.84697,51.76568],[26.7908,51.75699],[26.75166,51.77382],[26.75401,51.80094],[26.6917,51.82339],[26.59274,51.83096],[26.54688,51.79586],[26.46671,51.7995],[26.4274,51.83303],[26.39572,51.83112],[26.39524,51.87828],[26.37103,51.86296],[26.19081,51.86231],[26.04323,51.92559],[25.99605,51.93356],[25.92323,51.91547],[25.8255,51.92498],[25.82458,51.94275],[25.77987,51.9491]]]]},"properties":{"uid":5,"title_uk":"Рівненська область","region_type":"oblast","parent_uid":null,"oblast_uid":5}},{"type":"Feature","geometry":{"type":"MultiPolygon","coordinates":[[[[25.22584,51.96091],[25.19163,51.96918],[25.09975,51.95346],[24.95483,51.89617],[24.91891,51.91134],[24.843,51.89613],[24.8295,51.91295],[24.7496,51.88114],[24.62559,51.90265],[24.37242,51.87844],[24.33977,51.86416],[24.29465,51.80403],[24.31902,51.75075],[24.2701,51.71689],[24.12062,51.66675],[24.07508,51.61879],[23.99632,51.58007],[23.94328,51.59678],[23.88122,51.59191],[23.88022,51.6083],[23.91255,51.63146],[23.78832,51.64013],[23.78272,51.66749],[23.67821,51.6531],[23.60407,51.62146],[23.66136,51.58331],[23.63621,51.5495],[23.67671,51.50643],[23.61644,51.50314],[23.67,51.4828],[23.67644,51.47088],[23.64679,51.4593],[23.64936,51.44624],[23.68548,51.44525],[23.67689,51.4301],[23.7029,51.41983],[23.69277,51.41413],[23.7026,51.40356],[23.67672,51.39367],[23.68638,51.3684],[23.66575,51.36736],[23.63555,51.32825],[23.64824,51.28734],[23.69522,51.29153],[23.72678,51.26147],[23.73908,51.21203],[23.86914,51.15062],[23.86964,51.12975],[23.84928,51.1239],[23.85658,51.1],[23.87565,51.07706],[23.91151,51.0745],[23.91299,51.04158],[23.93158,51.0381],[23.91579,51.02809],[23.93571,51.0146],[23.91494,51.00691],[23.95716,50.99008],[23.97049,50.95031],[24.05238,50.8913],[24.1457,50.8692],[24.10035,50.8359],[23.98944,50.83741],[23.95724,50.79468],[23.97784,50.76856],[24.02379,50.76627],[24.01106,50.75434],[24.02389,50.75084],[24.01651,50.72292],[24.07201,50.72036],[24.06224,50.67778],[24.09105,50.66363],[24.08821,50.63527],[24.15472,50.64661],[24.21154,50.59192],[24.31246,50.57155],[24.32353,50.59981],[24.38088,50.60915],[24.41347,50.58634],[24.39855,50.57441],[24.40619,50.56031],[24.45039,50.53924],[24.5315,50.55033],[24.55923,50.51089],[24.55473,50.49287],[24.5961,50.49783],[24.59665,50.41349],[24.65381,50.40999],[24.70713,50.38361],[24.72168,50.37338],[24.7138,50.3423],[24.77728,50.33766],[24.86581,50.35961],[24.88722,50.35859],[24.88559,50.34466],[24.93675,50.34559],[24.92933,50.37821],[24.94191,50.38945],[25.01683,50.34172],[25.05894,50.34228],[25.05412,50.30096],[25.11261,50.28724],[25.10132,50.29506],[25.10905,50.31221],[25.16632,50.33111],[25.1459,50.34425],[25.14174,50.36915],[25.16898,50.37971],[25.17929,50.36219],[25.19865,50.36311],[25.20983,50.3812],[25.16936,50.39586],[25.15854,50.42894],[25.13913,50.42824],[25.15175,50.44681],[25.13831,50.46112],[25.08409,50.47542],[25.15062,50.46835],[25.16301,50.50063],[25.1222,50.52883],[25.12368,50.55349],[25.30049,50.53808],[25.32142,50.56873],[25.31877,50.58361],[25.30017,50.57965],[25.29195,50.63052],[25.32786,50.61213],[25.40576,50.6115],[25.35121,50.64149],[25.38687,50.65781],[25.38109,50.68648],[25.45702,50.66252],[25.46956,50.68005],[25.60167,50.69624],[25.60688,50.7174],[25.69396,50.72474],[25.69551,50.70318],[25.7221,50.68351],[25.7088,50.67146],[25.79521,50.66952],[25.82934,50.61981],[25.84452,50.63092],[25.82353,50.64674],[25.8787,50.70853],[25.87185,50.73863],[25.90246,50.83155],[26.02196,50.82084],[26.03814,50.85081],[25.99168,50.86584],[26.0007,50.93539],[25.96702,50.95696],[26.0847,50.9732],[26.08559,51.00263],[26.10731,51.00507],[26.09117,51.05061],[26.01694,51.08329],[25.94159,51.08399],[25.94988,51.10321],[25.93806,51.11433],[25.99473,51.1234],[25.99325,51.13926],[26.05869,51.14261],[26.06773,51.17688],[25.99572,51.22782],[25.94605,51.23256],[25.93818,51.27785],[25.83298,51.33022],[25.8244,51.36584],[25.84383,51.37575],[25.83111,51.38715],[25.78116,51.37428],[25.75529,51.38118],[25.75983,51.40038],[25.72486,51.40014],[25.72479,51.38043],[25.69522,51.37568],[25.70387,51.38382],[25.68757,51.40538],[25.64669,51.41672],[25.64147,51.47868],[25.61811,51.47722],[25.62391,51.49514],[25.60216,51.49314],[25.61022,51.50698],[25.55448,51.50396],[25.55011,51.51931],[25.59543,51.52463],[25.5654,51.53968],[25.59876,51.58083],[25.55525,51.62434],[25.53201,51.61394],[25.53006,51.63103],[25.57757,51.62471],[25.64094,51.68137],[25.68267,51.7559],[25.67033,51.77206],[25.64972,51.76677],[25.65939,51.78359],[25.63155,51.80404],[25.65024,51.81917],[25.64012,51.84884],[25.7086,51.89453],[25.62828,51.90335],[25.52715,51.94023],[25.50986,51.92116],[25.40996,51.9217],[25.34012,51.93322],[25.26422,51.96805],[25.22584,51.96091]]]]},"properties":{"uid":8,"title_uk":"Волинська область","region_type":"oblast","parent_uid":null,"oblast_uid":8}},{"type":"Feature","geometry":{"type":"MultiPolygon","coordinates":[[[[34.94829,49.19156],[34.89961,49.15042],[34.86487,49.16143],[34.90194,49.17817],[34.82357,49.18903],[34.81196,49.16683],[34.8036,49.17915],[34.75838,49.16838],[34.76286,49.14333],[34.5901,49.11227],[34.59398,49.09334],[34.57231,49.09517],[34.57389,49.06331],[34.55821,49.05552],[34.5158,49.07191],[34.46584,49.06427],[34.40211,49.09386],[34.41568,49.05485],[34.36019,49.03341],[34.3255,48.99881],[34.3529,48.98386],[34.31185,48.94066],[34.30019,48.89577],[34.35061,48.85067],[34.32514,48.84424],[34.32303,48.8289],[34.34348,48.82446],[34.29709,48.82075],[34.29806,48.78459],[34.34249,48.78419],[34.30874,48.76511],[34.29781,48.72305],[34.28845,48.74337],[34.12551,48.77906],[34.11811,48.8213],[34.0725,48.82377],[34.02532,48.86249],[33.92643,48.88108],[33.89376,48.90201],[33.84772,48.80258],[33.8508,48.77082],[33.81898,48.77608],[33.81128,48.80285],[33.72527,48.78667],[33.71424,48.81353],[33.675,48.81517],[33.65673,48.79265],[33.61781,48.78761],[33.58301,48.79678],[33.58523,48.75439],[33.60755,48.75137],[33.61885,48.72758],[33.68148,48.72319],[33.75036,48.68074],[33.80511,48.68744],[33.80213,48.66287],[33.7561,48.65721],[33.76148,48.62464],[33.66046,48.58567],[33.65003,48.59987],[33.60925,48.59943],[33.6222,48.56594],[33.50963,48.56811],[33.4724,48.54503],[33.49719,48.39368],[33.47178,48.38546],[33.4597,48.35756],[33.47871,48.3493],[33.47297,48.32609],[33.51723,48.32832],[33.51367,48.27729],[33.52972,48.27579],[33.53956,48.22776],[33.50065,48.23195],[33.48442,48.21447],[33.49611,48.20199],[33.43044,48.18872],[33.43054,48.17006],[33.29082,48.15003],[33.31648,48.1249],[33.29344,48.10176],[33.277,48.10319],[33.27176,48.15369],[33.2475,48.15113],[33.24299,48.17264],[33.21281,48.16991],[33.23204,48.12677],[33.18171,48.11814],[33.18676,48.10422],[33.23541,48.11338],[33.22487,48.09205],[33.14171,48.07648],[33.15368,48.04208],[33.14335,48.06401],[33.1146,48.06466],[33.1106,48.04289],[33.03632,48.03388],[33.02491,47.98417],[32.9952,47.98548],[33.00767,47.93676],[32.99091,47.93409],[33.00614,47.91217],[33.07828,47.92038],[33.08643,47.88517],[33.06974,47.88254],[33.08104,47.83483],[33.05724,47.83185],[33.06776,47.78359],[33.04962,47.78186],[33.07216,47.73888],[32.97202,47.72263],[32.99713,47.61655],[32.96058,47.59055],[33.09496,47.59704],[33.09262,47.57869],[33.17098,47.56678],[33.23324,47.5774],[33.21547,47.53313],[33.28717,47.5433],[33.27902,47.51709],[33.30987,47.50162],[33.31365,47.48215],[33.34886,47.49357],[33.32519,47.52282],[33.48612,47.54398],[33.47367,47.58718],[33.58033,47.59999],[33.609,47.5611],[33.58892,47.55817],[33.5882,47.50213],[33.63584,47.51401],[33.64347,47.48445],[33.93774,47.51644],[33.95544,47.45739],[34.20259,47.4876],[34.2975,47.51852],[34.46768,47.53207],[34.582,47.56235],[34.87931,47.51556],[34.94402,47.52921],[34.96503,47.5484],[34.95675,47.56871],[34.92731,47.58036],[34.9419,47.60157],[34.90552,47.67399],[34.9377,47.67756],[34.92965,47.71156],[34.95588,47.71242],[34.96477,47.74002],[34.95693,47.7693],[34.8935,47.76014],[34.87887,47.81855],[34.90333,47.82983],[34.89741,47.8527],[34.87065,47.85133],[34.86114,47.88048],[34.8168,47.86455],[34.8039,47.90796],[34.85306,47.92156],[34.84912,47.9379],[34.91847,47.9334],[34.90474,47.98576],[34.86937,47.98229],[34.85826,48.01511],[34.84653,48.01361],[34.83935,48.04901],[34.87558,48.05431],[34.85505,48.13298],[34.91559,48.13039],[34.91461,48.09081],[35.03682,48.09741],[35.06101,48.12129],[35.10517,48.13101],[35.28987,48.14388],[35.42004,48.10004],[35.51891,48.09485],[35.52431,48.0744],[35.70323,48.14025],[35.7428,48.09568],[35.80599,48.10074],[35.8166,48.06568],[35.96778,48.09469],[35.98542,48.08448],[35.96925,48.07277],[35.98848,48.05828],[35.97512,48.04335],[36.05231,48.05882],[36.0652,48.02513],[36.03419,48.01872],[36.06158,48.00142],[36.07084,47.97214],[36.05145,47.95847],[36.07339,47.96505],[36.08457,47.93026],[36.10895,47.94172],[36.12008,47.92794],[36.11954,47.86486],[36.08699,47.86115],[36.08061,47.8833],[36.054,47.87995],[36.07366,47.84788],[36.19604,47.85942],[36.18988,47.83682],[36.26589,47.83334],[36.27534,47.81535],[36.33256,47.82074],[36.32373,47.83935],[36.4723,47.82406],[36.585,47.84715],[36.57673,47.88031],[36.54937,47.87731],[36.54178,47.9059],[36.64013,47.92037],[36.62906,47.96168],[36.5853,47.95657],[36.58631,48.00068],[36.5684,48.01114],[36.59086,48.02008],[36.57377,48.04021],[36.58723,48.05235],[36.5801,48.07949],[36.60185,48.09086],[36.6231,48.08206],[36.65331,48.10023],[36.71863,48.08459],[36.74705,48.06426],[36.74377,48.0502],[36.8037,48.05317],[36.85454,48.03244],[36.85803,48.05223],[36.87645,48.05106],[36.89623,48.07759],[36.8727,48.18413],[36.93655,48.19428],[36.9123,48.30919],[36.81656,48.3125],[36.80876,48.34813],[36.82768,48.37115],[36.82032,48.40648],[36.83492,48.41009],[36.82456,48.41467],[36.85145,48.41738],[36.83012,48.48438],[36.8567,48.48698],[36.85027,48.51769],[36.90597,48.52291],[36.90148,48.54338],[36.859,48.56877],[36.81037,48.56896],[36.80573,48.59633],[36.7453,48.59637],[36.73886,48.62616],[36.59111,48.60244],[36.4825,48.66353],[36.44755,48.63291],[36.42017,48.63505],[36.44542,48.61366],[36.42508,48.61273],[36.35478,48.53212],[36.32373,48.55562],[36.2963,48.53145],[36.2713,48.54374],[36.31903,48.58718],[36.2512,48.62073],[36.28423,48.65947],[36.14279,48.72437],[36.16167,48.74884],[36.13998,48.76589],[36.15887,48.76812],[36.15904,48.78414],[36.13052,48.80668],[36.06612,48.80887],[36.0748,48.83616],[36.01941,48.85472],[36.04031,48.87349],[36.01168,48.88789],[36.04363,48.91556],[35.99592,48.93932],[36.00413,48.94605],[35.97758,48.95971],[35.98957,48.96924],[35.94032,48.99907],[35.9375,48.97291],[35.88499,48.97519],[35.85579,48.94509],[35.80985,48.94127],[35.80827,48.92706],[35.78894,48.95423],[35.75199,48.94692],[35.72371,48.96659],[35.69606,48.94276],[35.69437,48.9675],[35.65018,48.9741],[35.63077,48.96247],[35.62663,48.98317],[35.48562,48.97252],[35.43884,49.01111],[35.40736,49.01358],[35.40111,49.03055],[35.30178,49.06954],[35.30736,49.09172],[35.27644,49.09063],[35.25694,49.11354],[35.22745,49.10034],[35.18999,49.1099],[35.22865,49.12629],[35.18992,49.13807],[35.2097,49.15092],[35.19285,49.16079],[35.14475,49.15049],[35.12229,49.16469],[35.08536,49.14101],[35.07344,49.17018],[35.05316,49.17703],[35.04414,49.15643],[35.01215,49.14911],[34.94829,49.19156]]]]},"properties":{"uid":9,"title_uk":"Дніпропетровська область","region_type":"oblast","parent_uid":null,"oblast_uid":9}},{"type":"Feature","geometry":{"type":"MultiPolygon","coordinates":[[[[28.26752,51.68005],[28.17066,51.64402],[28.15503,51.61114],[28.13006,51.60729],[28.10534,51.57919],[28.04358,51.56623],[27.93934,51.55702],[27.97481,51.594],[27.91999,51.5777],[27.91184,51.61633],[27.8357,51.62487],[27.81946,51.61723],[27.84004,51.60785],[27.82483,51.57701],[27.84945,51.54321],[27.79991,51.53286],[27.7618,51.47385],[27.66295,51.5173],[27.66913,51.49695],[27.57885,51.47848],[27.58249,51.42973],[27.59895,51.43019],[27.61414,51.40295],[27.58439,51.40165],[27.53289,51.42878],[27.53448,51.45295],[27.50502,51.45149],[27.49474,51.37473],[27.52607,51.36639],[27.52762,51.35344],[27.49,51.3156],[27.44073,51.31054],[27.46139,51.26415],[27.4471,51.25459],[27.47396,51.23714],[27.40041,51.20071],[27.39824,51.17023],[27.36402,51.14294],[27.36671,51.09755],[27.32402,51.08155],[27.32591,51.04222],[27.21936,51.0301],[27.22626,51.00792],[27.19999,51.00018],[27.23835,50.9454],[27.217,50.91984],[27.25625,50.89597],[27.23201,50.83905],[27.24237,50.82795],[27.23217,50.79703],[27.24172,50.77032],[27.27046,50.76334],[27.26262,50.74566],[27.27573,50.7223],[27.2446,50.67307],[27.20128,50.66316],[27.21372,50.63963],[27.1864,50.62532],[27.22482,50.60604],[27.21516,50.58839],[27.23116,50.56674],[27.19633,50.55264],[27.20739,50.53184],[27.25892,50.51295],[27.26778,50.4918],[27.30132,50.49314],[27.24843,50.39279],[27.32116,50.36761],[27.31559,50.33166],[27.36324,50.33254],[27.4162,50.30745],[27.39541,50.28757],[27.44472,50.27545],[27.44262,50.26118],[27.48098,50.25722],[27.52093,50.22553],[27.59744,50.25855],[27.59296,50.21567],[27.62269,50.19972],[27.62127,50.16949],[27.66433,50.19274],[27.67766,50.15786],[27.63163,50.14622],[27.62592,50.12333],[27.6391,50.11507],[27.61545,50.08622],[27.66874,50.07753],[27.68116,50.03406],[27.642,50.03676],[27.61171,50.00564],[27.57126,50.01967],[27.54646,50.0116],[27.57561,49.94862],[27.5477,49.93484],[27.54676,49.90347],[27.62536,49.89241],[27.60999,49.87566],[27.64486,49.80743],[27.66224,49.79446],[27.66802,49.80784],[27.71723,49.80579],[27.72368,49.79034],[27.70363,49.76901],[27.74934,49.75653],[27.78112,49.72834],[27.80754,49.72786],[27.83589,49.75551],[27.95998,49.77837],[28.22565,49.78493],[28.25092,49.81479],[28.26271,49.79938],[28.37955,49.78055],[28.40691,49.79186],[28.4219,49.8248],[28.46967,49.82258],[28.48195,49.80706],[28.52842,49.8204],[28.56973,49.77389],[28.60104,49.782],[28.60217,49.81003],[28.63654,49.81719],[28.72628,49.79682],[28.75896,49.81833],[28.75071,49.84449],[28.84409,49.86],[28.8693,49.88905],[28.95362,49.83988],[28.94457,49.81975],[28.97013,49.80363],[28.94278,49.78315],[29.00213,49.73853],[29.00472,49.72655],[28.94568,49.67923],[29.01007,49.63253],[28.9932,49.59742],[29.11652,49.58354],[29.21289,49.5877],[29.24149,49.60353],[29.27561,49.59],[29.2756,49.62708],[29.38002,49.61969],[29.40944,49.65897],[29.43134,49.66197],[29.50518,49.6491],[29.51361,49.66312],[29.48904,49.66916],[29.49734,49.71384],[29.44601,49.71346],[29.43568,49.72947],[29.46208,49.76194],[29.43874,49.80552],[29.47004,49.81444],[29.48027,49.80321],[29.50911,49.83506],[29.54193,49.81902],[29.54693,49.83549],[29.65523,49.86655],[29.66661,49.87383],[29.62726,49.88622],[29.73519,49.94453],[29.6715,50.03223],[29.69535,50.04424],[29.69725,50.06842],[29.64707,50.10648],[29.66988,50.11371],[29.65907,50.12761],[29.69207,50.1521],[29.64307,50.17985],[29.70125,50.23078],[29.66559,50.26499],[29.68882,50.27718],[29.67558,50.29762],[29.69269,50.32323],[29.62602,50.3301],[29.61169,50.3414],[29.64185,50.35818],[29.63779,50.37238],[29.58879,50.37488],[29.59039,50.40037],[29.56027,50.42252],[29.45479,50.40147],[29.44261,50.41544],[29.48158,50.41891],[29.49839,50.43978],[29.49763,50.45049],[29.44686,50.45282],[29.4572,50.47111],[29.48346,50.45922],[29.51087,50.47076],[29.50663,50.50014],[29.46019,50.51725],[29.45876,50.53948],[29.50292,50.54944],[29.49801,50.59028],[29.44471,50.62121],[29.47253,50.62818],[29.46358,50.63331],[29.48579,50.6627],[29.52967,50.66422],[29.5278,50.67801],[29.57644,50.69929],[29.59719,50.72902],[29.56984,50.77153],[29.47271,50.7734],[29.50721,50.77449],[29.5216,50.79252],[29.48823,50.81224],[29.54741,50.81379],[29.54221,50.8284],[29.49752,50.83731],[29.52135,50.86888],[29.47136,50.90366],[29.46753,50.92475],[29.41154,50.94895],[29.4139,50.98355],[29.46728,50.98507],[29.46461,51.01897],[29.51178,51.06064],[29.4275,51.12395],[29.34889,51.16009],[29.33052,51.15762],[29.32037,51.12722],[29.26884,51.26026],[29.35451,51.27444],[29.36714,51.30594],[29.34734,51.32396],[29.39637,51.32745],[29.3938,51.37953],[29.32054,51.37726],[29.30436,51.45435],[29.27063,51.45816],[29.24563,51.50007],[29.25914,51.52954],[29.25214,51.56746],[29.21454,51.56704],[29.20586,51.59619],[29.17742,51.60702],[29.1857,51.62095],[29.15779,51.62882],[29.17541,51.6511],[29.11717,51.65647],[28.99938,51.57356],[28.97358,51.57316],[28.96651,51.59135],[28.90486,51.58846],[28.81949,51.5587],[28.76138,51.48703],[28.77994,51.45403],[28.75265,51.41496],[28.73303,51.43476],[28.73615,51.46517],[28.68323,51.44437],[28.64847,51.5584],[28.62959,51.56129],[28.65815,51.56744],[28.46913,51.59318],[28.35265,51.53982],[28.34237,51.57687],[28.27997,51.62334],[28.2548,51.62118],[28.26752,51.68005]]]]},"properties":{"uid":10,"title_uk":"Житомирська область","region_type":"oblast","parent_uid":null,"oblast_uid":10}},{"type":"Feature","geometry":{"type":"MultiPolygon","coordinates":[[[[22.58336,49.09703],[22.55313,49.07948],[22.54545,49.00675],[22.47727,48.99114],[22.42474,48.92922],[22.42102,48.88452],[22.38357,48.86548],[22.38754,48.79999],[22.34551,48.7661],[22.36173,48.73017],[22.3396,48.68401],[22.25025,48.64743],[22.1713,48.58749],[22.13691,48.41943],[22.14497,48.40335],[22.20706,48.42567],[22.26502,48.40994],[22.24003,48.38626],[22.26736,48.36088],[22.31769,48.354],[22.31296,48.32571],[22.3367,48.30786],[22.33852,48.27895],[22.38446,48.23415],[22.40091,48.24904],[22.50214,48.24844],[22.53169,48.20885],[22.57038,48.19607],[22.56141,48.18158],[22.59815,48.14518],[22.59024,48.10761],[22.67275,48.09169],[22.73511,48.1193],[22.77047,48.10891],[22.77226,48.12146],[22.80227,48.12168],[22.8064,48.10603],[22.82475,48.11707],[22.83658,48.07968],[22.88154,48.05472],[22.86604,48.01209],[22.83563,47.98985],[22.89588,47.95404],[22.9475,47.96726],[22.92035,48.00667],[22.92712,48.01909],[23.01357,47.99046],[23.08997,48.00546],[23.10923,48.03521],[23.10521,48.06573],[23.12334,48.07741],[23.11397,48.08656],[23.17392,48.12001],[23.18916,48.09772],[23.26784,48.10017],[23.29207,48.07313],[23.27641,48.05969],[23.28792,48.04675],[23.46053,47.97386],[23.50182,47.96911],[23.52901,48.01979],[23.56646,48.0029],[23.61703,48.00824],[23.6669,47.98381],[23.77027,47.99602],[23.81947,47.98238],[23.8635,47.93198],[24.00775,47.96739],[24.09804,47.93655],[24.11243,47.91473],[24.19493,47.91642],[24.22537,47.89656],[24.32487,47.92585],[24.35018,47.91535],[24.43583,47.97034],[24.50205,47.95229],[24.55252,47.95868],[24.57607,48.01616],[24.62706,48.04699],[24.59567,48.08996],[24.5311,48.12353],[24.50024,48.15972],[24.54543,48.21593],[24.53831,48.22557],[24.48542,48.24329],[24.48825,48.27983],[24.417,48.33198],[24.35779,48.35203],[24.35389,48.37889],[24.28383,48.40122],[24.28877,48.38077],[24.25803,48.34971],[24.18014,48.36447],[24.14817,48.38892],[24.14542,48.43453],[24.12503,48.45319],[24.14024,48.48086],[24.11413,48.49717],[24.12532,48.53304],[24.03431,48.50128],[24.00283,48.5065],[23.96536,48.45833],[23.92503,48.46529],[23.90743,48.48231],[23.92889,48.55232],[23.90679,48.56297],[23.85814,48.55254],[23.83547,48.57943],[23.80399,48.58065],[23.78662,48.60582],[23.78896,48.64066],[23.70511,48.63912],[23.63735,48.68429],[23.63015,48.7044],[23.57014,48.72479],[23.51174,48.73475],[23.47187,48.7183],[23.39682,48.73294],[23.35925,48.77268],[23.32483,48.75359],[23.28541,48.77583],[23.26797,48.76167],[23.20137,48.76043],[23.168,48.81683],[23.09852,48.86283],[23.02012,48.84718],[23.00101,48.82951],[22.97474,48.84485],[22.97047,48.87437],[22.89822,48.90435],[22.87769,48.93268],[22.87324,48.95679],[22.91914,48.96996],[22.89792,49.00486],[22.84698,49.00237],[22.83346,49.02594],[22.7656,49.05338],[22.68011,49.03934],[22.58336,49.09703]]]]},"properties":{"uid":11,"title_uk":"Закарпатська область","region_type":"oblast","parent_uid":null,"oblast_uid":11}},{"type":"Feature","geometry":{"type":"MultiPolygon","coordinates":[[[[35.31534,48.13498],[35.10517,48.13101],[34.98929,48.08996],[34.91461,48.09081],[34.91559,48.13039],[34.85505,48.13298],[34.87558,48.05431],[34.83935,48.04901],[34.84653,48.01361],[34.85826,48.01511],[34.86937,47.98229],[34.90474,47.98576],[34.91847,47.9334],[34.88085,47.92883],[34.86865,47.94098],[34.84912,47.9379],[34.85306,47.92156],[34.80187,47.91552],[34.8168,47.86455],[34.86114,47.88048],[34.87065,47.85133],[34.89741,47.8527],[34.90333,47.82983],[34.87887,47.81855],[34.8935,47.76014],[34.95693,47.7693],[34.95588,47.71242],[34.92965,47.71156],[34.9377,47.67756],[34.90552,47.67399],[34.9419,47.60157],[34.92731,47.58036],[34.96518,47.55113],[34.95106,47.53302],[34.86123,47.51532],[34.7968,47.53719],[34.57239,47.56173],[34.46768,47.53207],[34.2975,47.51852],[34.13928,47.47751],[34.24191,47.43481],[34.3054,47.26911],[34.33001,47.29041],[34.40154,47.2871],[34.39897,47.29833],[34.41928,47.30064],[34.41395,47.32337],[34.51565,47.33559],[34.51718,47.31834],[34.47878,47.31455],[34.48794,47.27989],[34.51858,47.28368],[34.53028,47.25109],[34.4899,47.24683],[34.51927,47.10461],[34.55318,47.10579],[34.56714,47.0245],[34.59261,47.02539],[34.59965,46.99191],[34.61919,46.99353],[34.62377,46.97338],[34.6819,46.97913],[34.68638,46.95568],[34.73636,46.96135],[34.75249,46.87968],[34.80457,46.88255],[34.81706,46.8284],[34.75801,46.8228],[34.76745,46.78106],[34.75003,46.78089],[34.73498,46.74746],[34.62515,46.72403],[34.63234,46.68686],[34.74599,46.68313],[34.75611,46.6271],[34.71278,46.62033],[34.72304,46.58137],[34.74804,46.58413],[34.75735,46.55014],[34.89108,46.56368],[34.89025,46.50675],[34.94723,46.5125],[35.01586,46.48043],[35.05272,46.48159],[35.07353,46.29984],[35.13312,46.30049],[35.27766,46.26445],[35.45238,46.44053],[35.5933,46.48816],[35.72551,46.58755],[35.92439,46.66055],[36.19555,46.67048],[36.24897,46.63732],[36.25812,46.59601],[36.26697,46.62692],[36.27221,46.61226],[36.27732,46.62198],[36.27022,46.63454],[36.29464,46.63886],[36.27181,46.65179],[36.29625,46.64175],[36.22235,46.54905],[36.17114,46.52339],[36.15284,46.54166],[36.14813,46.50765],[36.10021,46.4928],[36.1131,46.48896],[36.17649,46.50374],[36.37172,46.7068],[36.61456,46.77853],[36.7208,46.77925],[36.81,46.73271],[36.82868,46.6997],[36.7783,46.64592],[36.75795,46.65627],[36.75033,46.63304],[36.76582,46.63172],[36.81605,46.67779],[36.90146,46.81255],[36.98732,46.86348],[37.06255,46.88401],[37.02142,46.92792],[37.14119,46.98177],[37.08945,47.00746],[37.12488,47.03918],[37.0986,47.05935],[37.08109,47.04752],[36.98582,47.07948],[37.01273,47.0894],[37.00161,47.12762],[36.98342,47.12443],[36.94864,47.15927],[36.8885,47.17074],[36.85428,47.19941],[36.96237,47.2017],[36.92615,47.31934],[37.0266,47.31465],[37.03621,47.29999],[37.12201,47.34035],[37.10615,47.37582],[37.14182,47.37984],[37.16183,47.34138],[37.20351,47.35583],[37.19463,47.37328],[37.24456,47.46854],[37.18942,47.46894],[37.19607,47.47892],[37.17968,47.48354],[37.15749,47.45475],[37.07422,47.4936],[37.02098,47.55278],[37.00152,47.53897],[36.94443,47.57587],[36.8931,47.54497],[36.83016,47.62423],[36.748,47.6065],[36.7452,47.62173],[36.76571,47.63411],[36.72505,47.63106],[36.71799,47.65927],[36.77545,47.66435],[36.79136,47.68459],[36.71326,47.67834],[36.6714,47.79319],[36.58755,47.78547],[36.60437,47.85059],[36.4741,47.82412],[36.32373,47.83935],[36.33256,47.82074],[36.27534,47.81535],[36.26589,47.83334],[36.18988,47.83682],[36.19604,47.85942],[36.07366,47.84788],[36.054,47.87995],[36.08061,47.8833],[36.08699,47.86115],[36.11954,47.86486],[36.12008,47.92794],[36.10895,47.94172],[36.08457,47.93026],[36.07339,47.96505],[36.05145,47.95847],[36.07084,47.97214],[36.06158,48.00142],[36.03419,48.01872],[36.0652,48.02513],[36.05231,48.05882],[35.97512,48.04335],[35.98852,48.058],[35.97144,48.06073],[35.98542,48.08448],[35.97477,48.09259],[35.8166,48.06568],[35.80599,48.10074],[35.7428,48.09568],[35.70323,48.14025],[35.52431,48.0744],[35.51891,48.09485],[35.42004,48.10004],[35.31534,48.13498]]]]},"properties":{"uid":12,"title_uk":"Запорізька область","region_type":"oblast","parent_uid":null,"oblast_uid":12}},{"type":"Feature","geometry":{"type":"MultiPolygon","coordinates":[[[[24.47977,49.55916],[24.43447,49.53671],[24.44622,49.50728],[24.40225,49.49572],[24.41785,49.4737],[24.4104,49.44488],[24.37012,49.42987],[24.38713,49.39515],[24.4369,49.38051],[24.39083,49.35395],[24.40162,49.33901],[24.38052,49.308],[24.35852,49.32226],[24.3017,49.31594],[24.29911,49.30017],[24.30494,49.27743],[24.33896,49.29197],[24.36389,49.28035],[24.34035,49.24207],[24.34831,49.23252],[24.44876,49.23123],[24.43572,49.174],[24.35705,49.18587],[24.23401,49.14362],[24.20736,49.1483],[24.19808,49.13876],[24.21285,49.13329],[24.17187,49.14373],[24.1647,49.12754],[24.08338,49.14879],[24.02055,49.11716],[23.9696,49.13774],[23.90595,49.09921],[23.75923,49.12215],[23.72561,49.0961],[23.69914,49.10073],[23.67682,49.07503],[23.68778,49.06575],[23.67285,49.03594],[23.62189,49.02539],[23.62468,49.01383],[23.56575,48.97463],[23.5858,48.95326],[23.56278,48.91013],[23.57778,48.88646],[23.60776,48.87813],[23.57588,48.8666],[23.55151,48.82247],[23.579,48.78446],[23.54462,48.74072],[23.54821,48.72512],[23.63015,48.7044],[23.63735,48.68429],[23.70511,48.63912],[23.78896,48.64066],[23.79211,48.59175],[23.83547,48.57943],[23.85739,48.55274],[23.90679,48.56297],[23.92889,48.55232],[23.90743,48.48231],[23.92503,48.46529],[23.96583,48.45849],[24.00283,48.5065],[24.03431,48.50128],[24.12355,48.53382],[24.133,48.52472],[24.11413,48.49717],[24.14024,48.48086],[24.12503,48.45319],[24.14542,48.43453],[24.1479,48.38934],[24.17944,48.36481],[24.25875,48.34991],[24.28877,48.38077],[24.28383,48.40122],[24.35389,48.37889],[24.35779,48.35203],[24.417,48.33198],[24.48825,48.27983],[24.48542,48.24329],[24.54537,48.21613],[24.50024,48.15972],[24.5311,48.12353],[24.59567,48.08996],[24.62709,48.04718],[24.57454,48.01429],[24.56272,47.96846],[24.59726,47.94629],[24.62839,47.94809],[24.63537,47.92453],[24.67386,47.89646],[24.67104,47.86565],[24.70632,47.84024],[24.82795,47.82049],[24.83643,47.77963],[24.87857,47.75259],[24.88322,47.72428],[24.92233,47.72681],[24.94667,47.79425],[24.99732,47.8556],[24.95653,47.87916],[24.94452,47.8979],[24.96126,47.90399],[24.95704,47.92001],[24.9192,47.94652],[24.92892,47.95391],[24.91445,47.96861],[24.91171,48.02742],[24.9942,48.08653],[24.98212,48.11342],[25.03659,48.11171],[25.03852,48.12747],[25.06749,48.13284],[25.06623,48.15723],[25.09282,48.16203],[25.08804,48.18118],[25.13728,48.1813],[25.10612,48.22493],[25.19319,48.25495],[25.31596,48.36607],[25.4539,48.40258],[25.6211,48.38038],[25.62028,48.4088],[25.60018,48.41471],[25.60919,48.52707],[25.58512,48.634],[25.65295,48.70547],[25.61055,48.72095],[25.63855,48.75003],[25.55369,48.79903],[25.45365,48.83185],[25.4696,48.85611],[25.45302,48.86668],[25.42753,48.86897],[25.43905,48.84747],[25.42804,48.84274],[25.35474,48.85959],[25.34143,48.85488],[25.34466,48.83754],[25.32549,48.83788],[25.26208,48.86675],[25.21116,48.84597],[25.2354,48.93129],[25.19058,48.92679],[25.19816,48.91469],[25.1673,48.89356],[25.16073,48.86542],[25.13666,48.87489],[25.11849,48.92055],[25.14731,48.94327],[25.10849,48.96519],[25.11386,48.99698],[25.08764,48.97963],[25.01763,49.01133],[24.96562,48.99233],[24.96954,49.01125],[24.90299,49.05452],[24.91631,49.08301],[24.99113,49.07129],[24.97368,49.08253],[24.98557,49.1167],[24.89993,49.1289],[24.85644,49.16364],[24.85783,49.17862],[24.934,49.23222],[24.84349,49.2627],[24.82869,49.32049],[24.85941,49.34658],[24.83372,49.36281],[24.82886,49.38553],[24.77836,49.38123],[24.77089,49.43158],[24.72071,49.4969],[24.63852,49.49765],[24.57333,49.53431],[24.51938,49.52152],[24.50758,49.53551],[24.52177,49.54223],[24.47977,49.55916]]]]},"properties":{"uid":13,"title_uk":"Івано-Франківська область","region_type":"oblast","parent_uid":null,"oblast_uid":13}},{"type":"Feature","geometry":{"type":"MultiPolygon","coordinates":[[[[29.73953,51.5222],[29.70654,51.52781],[29.66853,51.50267],[29.63333,51.50603],[29.57947,51.46147],[29.53716,51.48255],[29.51511,51.4453],[29.51947,51.42187],[29.49495,51.39644],[29.4161,51.4135],[29.37259,51.39831],[29.35934,51.37593],[29.3938,51.37953],[29.39637,51.32745],[29.34734,51.32396],[29.3684,51.28922],[29.34138,51.27115],[29.26728,51.26531],[29.32037,51.12722],[29.33052,51.15762],[29.34889,51.16009],[29.4275,51.12395],[29.51178,51.06064],[29.46461,51.01897],[29.46728,50.98507],[29.4139,50.98355],[29.41154,50.94895],[29.46753,50.92475],[29.47136,50.90366],[29.52135,50.86888],[29.49752,50.83731],[29.54221,50.8284],[29.54741,50.81379],[29.48823,50.81224],[29.5216,50.79252],[29.50721,50.77449],[29.47271,50.7734],[29.56984,50.77153],[29.59718,50.7292],[29.57644,50.69929],[29.5278,50.67801],[29.52967,50.66422],[29.48579,50.6627],[29.46358,50.63331],[29.47253,50.62818],[29.44471,50.62121],[29.49801,50.59028],[29.50292,50.54944],[29.45876,50.53948],[29.46019,50.51725],[29.50663,50.50014],[29.51087,50.47076],[29.48346,50.45922],[29.4572,50.47111],[29.44686,50.45282],[29.49763,50.45049],[29.49839,50.43978],[29.48158,50.41891],[29.44261,50.41544],[29.45479,50.40147],[29.56027,50.42252],[29.59039,50.40037],[29.58879,50.37488],[29.63779,50.37238],[29.64185,50.35818],[29.61169,50.3414],[29.62602,50.3301],[29.69269,50.32323],[29.67558,50.29762],[29.68882,50.27718],[29.66559,50.26499],[29.70125,50.23078],[29.64307,50.17985],[29.69207,50.1521],[29.65907,50.12761],[29.66988,50.11371],[29.64707,50.10648],[29.69725,50.06842],[29.69535,50.04424],[29.6715,50.03223],[29.73519,49.94453],[29.62726,49.88622],[29.66661,49.87383],[29.65523,49.86655],[29.54693,49.83549],[29.54193,49.81902],[29.50911,49.83506],[29.48027,49.80321],[29.47004,49.81444],[29.43874,49.80552],[29.46208,49.76194],[29.43568,49.72947],[29.44601,49.71346],[29.49734,49.71384],[29.48904,49.66916],[29.53527,49.63669],[29.49632,49.60003],[29.53074,49.56207],[29.53909,49.52099],[29.58485,49.50656],[29.5844,49.49467],[29.54346,49.48367],[29.59486,49.44326],[29.54162,49.40143],[29.50527,49.39584],[29.50266,49.36986],[29.53535,49.32382],[29.61913,49.30583],[29.60772,49.29966],[29.62185,49.27412],[29.61305,49.26544],[29.63926,49.24716],[29.68988,49.2374],[29.71054,49.26315],[29.71624,49.23587],[29.75466,49.22629],[29.72733,49.2081],[29.76014,49.17978],[29.88222,49.18613],[29.87677,49.20026],[29.95558,49.25218],[29.94839,49.31192],[30.00716,49.31505],[30.02664,49.3343],[30.07838,49.32232],[30.08863,49.286],[30.11305,49.2701],[30.12324,49.28892],[30.10703,49.30289],[30.13684,49.33123],[30.20026,49.32817],[30.18949,49.27491],[30.36674,49.25504],[30.37571,49.23626],[30.39773,49.30348],[30.42123,49.30233],[30.41385,49.33047],[30.47327,49.36509],[30.51582,49.32782],[30.60719,49.37025],[30.72858,49.33173],[30.80045,49.35407],[30.90906,49.3585],[30.93478,49.39557],[30.92079,49.41553],[30.9945,49.42277],[31.02931,49.47176],[31.04403,49.45649],[31.03948,49.47342],[31.09492,49.49718],[31.10868,49.5573],[31.15159,49.55586],[31.13859,49.57129],[31.15261,49.58047],[31.1287,49.58377],[31.13569,49.60369],[31.21747,49.6946],[31.19623,49.70154],[31.22103,49.73312],[31.20767,49.7555],[31.21623,49.77689],[31.18979,49.79023],[31.2208,49.83207],[31.20774,49.85231],[31.24737,49.86766],[31.26083,49.85813],[31.29117,49.88295],[31.37926,49.90643],[31.3349,49.93828],[31.35013,49.95021],[31.31529,49.96401],[31.28886,49.9523],[31.30543,49.97242],[31.29216,49.97859],[31.38266,49.99248],[31.43656,49.98466],[31.44607,49.97259],[31.42493,49.9165],[31.44899,49.87633],[31.49679,49.86134],[31.50444,49.84141],[31.51983,49.86855],[31.55099,49.87273],[31.58004,49.90686],[31.61241,49.90651],[31.61448,49.85597],[31.71788,49.85245],[31.75228,49.89339],[31.77398,49.89361],[31.7702,49.92009],[31.81356,49.96618],[31.88969,49.96245],[31.90136,49.94381],[31.91861,49.99093],[31.89994,50.01927],[31.97977,50.03872],[31.98648,50.05241],[31.90411,50.05578],[31.91142,50.10069],[31.97522,50.12516],[31.93396,50.15836],[31.96538,50.15145],[31.99328,50.20125],[32.05624,50.18766],[32.08645,50.22143],[32.1182,50.22842],[32.08945,50.24698],[32.10102,50.27658],[32.08414,50.2832],[32.14022,50.30466],[32.129,50.31572],[32.15234,50.33745],[32.1413,50.35411],[32.16101,50.36803],[32.11885,50.38065],[32.07438,50.37279],[32.10238,50.41267],[32.04451,50.40165],[32.02351,50.45862],[31.97336,50.46646],[31.97953,50.48139],[31.963,50.48513],[32.04692,50.49605],[32.06405,50.51173],[32.05144,50.5235],[32.06345,50.54077],[31.95213,50.54408],[31.9141,50.59506],[31.85899,50.63204],[31.78205,50.60567],[31.78217,50.55947],[31.68557,50.56353],[31.64678,50.55274],[31.63006,50.52033],[31.55462,50.51975],[31.52226,50.53612],[31.52121,50.52188],[31.44481,50.50035],[31.36437,50.53075],[31.33041,50.50103],[31.31916,50.52811],[31.26188,50.53921],[31.24658,50.56706],[31.16586,50.58944],[31.16604,50.6075],[31.2278,50.61316],[31.19909,50.64467],[31.2237,50.6673],[31.21834,50.69691],[31.19087,50.70268],[31.19082,50.72447],[31.12176,50.74977],[31.12641,50.77484],[31.07559,50.78136],[31.06949,50.76472],[30.94988,50.75725],[30.8891,50.77353],[30.87553,50.74652],[30.8376,50.74388],[30.84632,50.77664],[30.87059,50.78605],[30.83688,50.76396],[30.73878,50.77209],[30.7508,50.79845],[30.73233,50.8125],[30.76647,50.81373],[30.77149,50.87453],[30.73456,50.89822],[30.67288,50.90619],[30.64097,51.00315],[30.60284,51.00929],[30.60134,51.02684],[30.49937,51.01905],[30.49344,51.04985],[30.51019,51.07372],[30.48443,51.0923],[30.51721,51.11099],[30.49041,51.16335],[30.53878,51.17834],[30.51637,51.18579],[30.53044,51.20059],[30.50536,51.22597],[30.55448,51.23008],[30.55651,51.24621],[30.50452,51.27971],[30.45352,51.27345],[30.46235,51.30691],[30.39824,51.31247],[30.33466,51.35237],[30.32407,51.36158],[30.3576,51.37876],[30.34507,51.42434],[30.2884,51.46354],[30.1809,51.51241],[30.16198,51.48877],[30.12836,51.506],[30.11723,51.48735],[30.01443,51.50547],[30.01251,51.48995],[29.96486,51.47155],[29.92659,51.48986],[29.88948,51.48331],[29.87777,51.44542],[29.80977,51.45909],[29.79075,51.45788],[29.79337,51.44161],[29.73909,51.45896],[29.7253,51.49134],[29.74546,51.49317],[29.73953,51.5222]],[[30.37094,50.57805],[30.46287,50.58443],[30.56716,50.51563],[30.55634,50.53911],[30.65401,50.53394],[30.66496,50.55179],[30.71415,50.55552],[30.71811,50.59076],[30.78555,50.57832],[30.81741,50.5646],[30.82329,50.53704],[30.75261,50.51856],[30.76192,50.50902],[30.73774,50.49893],[30.75984,50.4835],[30.74285,50.45841],[30.82654,50.40395],[30.77603,50.39475],[30.76227,50.37496],[30.71721,50.38251],[30.71319,50.35444],[30.69678,50.34729],[30.66866,50.35965],[30.67936,50.3713],[30.63628,50.36104],[30.64207,50.33773],[30.61167,50.34612],[30.6488,50.29258],[30.60976,50.27687],[30.64671,50.23972],[30.64367,50.22596],[30.59347,50.2133],[30.56378,50.27715],[30.5538,50.26965],[30.54623,50.29101],[30.52811,50.2903],[30.53363,50.31711],[30.47526,50.33318],[30.46839,50.36013],[30.43763,50.35693],[30.44217,50.38146],[30.36913,50.42097],[30.34566,50.45359],[30.28126,50.44732],[30.26931,50.42621],[30.23669,50.43029],[30.25186,50.48494],[30.27032,50.49812],[30.26347,50.5147],[30.30258,50.53307],[30.29803,50.55441],[30.34189,50.55693],[30.3074,50.57058],[30.37094,50.57805]]],[[[30.7456,51.54041],[30.70886,51.55308],[30.71012,51.53087],[30.58574,51.51588],[30.78225,51.51185],[30.78922,51.52286],[30.78531,51.53885],[30.7456,51.54041]]],[[[30.34301,50.49619],[30.3174,50.49206],[30.35178,50.48458],[30.34301,50.49619]]],[[[30.7314,50.51195],[30.75088,50.52432],[30.72155,50.52193],[30.7314,50.51195]]]]},"properties":{"uid":14,"title_uk":"Київська область","region_type":"oblast","parent_uid":null,"oblast_uid":14}},{"type":"Feature","geometry":{"type":"MultiPolygon","coordinates":[[[[32.92312,49.23375],[32.8561,49.24619],[32.75745,49.16531],[32.77498,49.1444],[32.88915,49.12116],[32.89052,49.09595],[32.81431,49.07465],[32.8432,49.02547],[32.82868,49.00921],[32.87225,49.00011],[32.84523,48.98046],[32.73329,48.96475],[32.73026,48.97749],[32.67519,48.98757],[32.67972,48.9573],[32.61143,48.95369],[32.60759,48.96449],[32.58711,48.94998],[32.53887,48.96693],[32.5517,48.94176],[32.52189,48.9389],[32.50054,49.01444],[32.47572,49.00548],[32.47454,49.0333],[32.44271,49.0525],[32.40124,49.02648],[32.37068,49.03869],[32.36534,49.07177],[32.28238,49.08484],[32.25987,49.07823],[32.26197,49.05867],[32.23365,49.05944],[32.21749,48.98773],[32.18379,48.99645],[32.17815,48.97291],[32.13475,48.96613],[32.13059,48.95187],[32.15396,48.94465],[32.1458,48.91218],[32.09875,48.90294],[32.08582,48.90509],[32.09331,48.91887],[32.0489,48.91631],[32.02642,48.93072],[32.00594,48.91353],[31.94535,48.90607],[31.92108,48.88011],[31.91823,48.90619],[31.80534,48.94961],[31.75099,48.92608],[31.69853,48.93103],[31.68945,48.89631],[31.63993,48.90791],[31.58068,48.88774],[31.59479,48.90613],[31.58167,48.91257],[31.56695,48.89986],[31.58186,48.8749],[31.55937,48.86299],[31.5589,48.82852],[31.42262,48.76364],[31.43614,48.75386],[31.42429,48.74306],[31.41203,48.75648],[31.39289,48.73542],[31.39343,48.74821],[31.38259,48.72775],[31.35758,48.74177],[31.35367,48.72752],[31.32983,48.72586],[31.30971,48.75903],[31.26202,48.74868],[31.24402,48.76826],[31.17407,48.76248],[31.11353,48.72763],[31.03763,48.76067],[30.94877,48.77173],[30.94533,48.75892],[30.90174,48.76255],[30.88266,48.74384],[30.83213,48.74967],[30.81145,48.76922],[30.80395,48.75684],[30.69804,48.76736],[30.63703,48.75187],[30.60897,48.71913],[30.57603,48.72087],[30.61118,48.69796],[30.59865,48.6632],[30.55135,48.65365],[30.5294,48.62779],[30.57085,48.60564],[30.55781,48.59577],[30.56643,48.56738],[30.48617,48.56412],[30.45283,48.58347],[30.40284,48.57383],[30.38659,48.52705],[30.25487,48.50542],[30.25628,48.48926],[30.22033,48.48007],[30.16286,48.50378],[30.11787,48.45292],[30.04984,48.48283],[29.96804,48.47206],[29.95131,48.4501],[29.86409,48.42572],[29.87174,48.41666],[29.787,48.36993],[29.81316,48.34759],[29.74939,48.28945],[29.77268,48.27222],[29.78243,48.24224],[29.77116,48.22609],[29.78573,48.20444],[29.84303,48.21223],[29.89182,48.18572],[29.9303,48.2333],[29.97504,48.21703],[29.99107,48.2303],[30.00971,48.20811],[30.00294,48.18409],[30.03255,48.17926],[30.04973,48.15043],[30.10586,48.13968],[30.18762,48.15482],[30.31658,48.14044],[30.32759,48.16002],[30.3666,48.17415],[30.41483,48.16244],[30.49564,48.16992],[30.50427,48.15794],[30.5268,48.17955],[30.55606,48.15593],[30.61774,48.15608],[30.65659,48.17191],[30.64747,48.18525],[30.71681,48.19555],[30.78539,48.19139],[30.79251,48.16778],[30.81521,48.1697],[30.82305,48.1908],[30.84839,48.18437],[30.85504,48.16106],[30.90024,48.15932],[30.93029,48.16624],[30.93173,48.18397],[30.98916,48.18446],[30.98102,48.22214],[31.05302,48.23228],[31.05628,48.22014],[31.16372,48.22252],[31.19201,48.19409],[31.17977,48.1809],[31.22058,48.17075],[31.23633,48.11703],[31.32524,48.13818],[31.33021,48.11388],[31.3799,48.1324],[31.39552,48.10837],[31.48643,48.12964],[31.49849,48.08721],[31.47596,48.08281],[31.47,48.06404],[31.48817,48.06536],[31.49246,48.05073],[31.51023,48.06883],[31.551,48.06979],[31.54055,48.10779],[31.56942,48.09742],[31.58391,48.10551],[31.58262,48.12876],[31.63361,48.13477],[31.64188,48.11494],[31.68558,48.121],[31.69433,48.09336],[31.76728,48.10212],[31.78302,48.04223],[31.72903,48.03546],[31.75193,47.94431],[31.84383,47.96358],[31.85499,47.91612],[31.87659,47.91942],[31.89195,47.86756],[31.85704,47.86466],[31.87108,47.82656],[31.8274,47.81652],[31.83873,47.7822],[32.05467,47.81725],[32.14033,47.7489],[32.15443,47.76094],[32.23158,47.7604],[32.22251,47.79145],[32.23962,47.79381],[32.23654,47.81469],[32.30321,47.82373],[32.3642,47.78859],[32.6578,47.81994],[32.67945,47.8518],[32.66442,47.87091],[32.68554,47.87298],[32.67648,47.90701],[32.65594,47.90482],[32.6519,47.92152],[32.74556,47.93251],[32.73707,47.95163],[32.69731,47.94653],[32.68949,47.98184],[32.89441,47.98553],[32.87047,48.03233],[32.99016,48.04823],[33.00475,47.98868],[33.02433,47.98382],[33.03632,48.03388],[33.1106,48.04289],[33.1146,48.06466],[33.14335,48.06401],[33.15368,48.04208],[33.14171,48.07648],[33.22487,48.09205],[33.23541,48.11338],[33.18676,48.10422],[33.18171,48.11814],[33.23204,48.12677],[33.21281,48.16991],[33.24299,48.17264],[33.2475,48.15113],[33.27176,48.15369],[33.277,48.10319],[33.29344,48.10176],[33.31648,48.1249],[33.29082,48.15003],[33.43054,48.17006],[33.43044,48.18872],[33.49611,48.20199],[33.48442,48.21447],[33.50065,48.23195],[33.53956,48.22776],[33.52972,48.27579],[33.51367,48.27729],[33.51723,48.32832],[33.47297,48.32609],[33.47871,48.3493],[33.4597,48.35756],[33.47178,48.38546],[33.49719,48.39368],[33.4724,48.54503],[33.50963,48.56811],[33.6222,48.56594],[33.60925,48.59943],[33.65003,48.59987],[33.66046,48.58567],[33.74395,48.61528],[33.76324,48.62663],[33.7561,48.65721],[33.80213,48.66287],[33.80526,48.68604],[33.75036,48.68074],[33.68148,48.72319],[33.61885,48.72758],[33.60755,48.75137],[33.58523,48.75439],[33.58301,48.79678],[33.61781,48.78761],[33.65673,48.79265],[33.675,48.81517],[33.71424,48.81353],[33.72527,48.78667],[33.81128,48.80285],[33.81898,48.77608],[33.8508,48.77082],[33.84772,48.80258],[33.89376,48.90201],[33.81068,48.93873],[33.70952,48.94088],[33.66422,48.97855],[33.63794,48.97399],[33.58921,48.91689],[33.56756,48.91886],[33.57513,48.91115],[33.54767,48.91263],[33.53694,48.93139],[33.47371,48.91373],[33.47594,48.95195],[33.42133,48.94887],[33.40711,48.96145],[33.40158,48.92686],[33.35265,48.95423],[33.31985,48.94848],[33.29704,49.00791],[33.33474,49.02699],[33.2983,49.06623],[33.30789,49.07819],[33.26219,49.09187],[33.30422,49.11839],[33.26719,49.13344],[33.26013,49.15391],[33.23869,49.16655],[33.24491,49.07921],[33.20144,49.07317],[33.18559,49.09724],[33.15613,49.09842],[33.15772,49.13058],[33.10771,49.18164],[33.02954,49.1848],[32.98486,49.20907],[32.98786,49.23406],[32.97266,49.24494],[32.92312,49.23375]]]]},"properties":{"uid":15,"title_uk":"Кіровоградська область","region_type":"oblast","parent_uid":null,"oblast_uid":15}},{"type":"Feature","geometry":{"type":"MultiPolygon","coordinates":[[[[38.33152,50.0736],[38.31295,50.08824],[38.27497,50.07337],[38.17854,50.07991],[38.18588,50.02261],[38.2177,49.97951],[38.12734,49.9222],[38.12473,49.94239],[38.04546,49.91469],[38.0328,49.90045],[38.0937,49.84599],[38.01778,49.83721],[38.00964,49.81283],[38.05277,49.78352],[37.99857,49.75327],[37.9766,49.76758],[37.95143,49.73143],[37.97468,49.70853],[38.01699,49.7128],[37.99892,49.70022],[38.04576,49.65747],[37.99494,49.64698],[37.97495,49.61165],[37.94426,49.61127],[37.93431,49.58969],[37.95266,49.56839],[37.90106,49.57378],[37.88632,49.54923],[37.92562,49.54159],[37.88562,49.51883],[37.84679,49.52058],[37.83696,49.49252],[37.85087,49.48774],[37.84387,49.44515],[37.87583,49.44674],[37.87843,49.41342],[37.89604,49.40351],[37.88374,49.31287],[37.94594,49.30374],[37.95838,49.28521],[37.91335,49.2776],[37.89895,49.27025],[37.91152,49.25972],[37.86617,49.24636],[37.88974,49.21177],[37.93512,49.19171],[37.8933,49.17502],[37.8927,49.16057],[38.03709,49.12689],[38.04334,49.15057],[38.08149,49.14818],[38.05261,49.0594],[38.0987,48.9924],[38.05237,48.98573],[38.05365,48.96518],[38.02939,48.97458],[38.00418,48.94595],[38.13283,48.92373],[38.22385,48.93479],[38.22127,48.8394],[38.31368,48.82842],[38.31655,48.81394],[38.27891,48.80336],[38.2832,48.77326],[38.26323,48.75021],[38.31993,48.73341],[38.32508,48.71418],[38.30362,48.71209],[38.31306,48.684],[38.23132,48.65313],[38.23347,48.63994],[38.26241,48.6424],[38.27391,48.54535],[38.3188,48.50923],[38.2975,48.49521],[38.30546,48.47518],[38.28863,48.4761],[38.34269,48.43684],[38.37221,48.44254],[38.38172,48.42929],[38.43314,48.44743],[38.44762,48.37634],[38.48702,48.36189],[38.43307,48.34059],[38.42787,48.2777],[38.55985,48.27437],[38.58731,48.25771],[38.58899,48.22677],[38.61374,48.20374],[38.60172,48.17268],[38.69407,48.15909],[38.68997,48.14569],[38.81938,48.11576],[38.80667,48.08857],[38.8174,48.08421],[38.79829,48.07385],[38.81781,48.06526],[38.82878,48.07737],[38.81276,48.04799],[38.83745,48.01319],[39.03994,48.00642],[39.03859,47.95596],[39.09094,47.9405],[39.06552,47.89528],[39.08302,47.85166],[39.1498,47.84249],[39.23493,47.85394],[39.24203,47.86673],[39.35568,47.8724],[39.38698,47.87074],[39.41309,47.831],[39.47687,47.86018],[39.51991,47.82505],[39.62664,47.83902],[39.73817,47.82768],[39.76329,47.84634],[39.76256,47.87076],[39.79373,47.86934],[39.79363,47.91914],[39.8059,47.95054],[39.82462,47.9552],[39.81626,48.00123],[39.77616,48.03973],[39.88155,48.04458],[39.83285,48.06606],[39.86872,48.07925],[39.87085,48.1177],[39.90393,48.14366],[39.90969,48.17972],[39.9371,48.18061],[39.94092,48.22847],[40.00789,48.22439],[40.02034,48.25381],[39.99048,48.31702],[39.91486,48.26955],[39.9155,48.2871],[39.88692,48.30878],[39.84109,48.31],[39.84524,48.33285],[39.94725,48.35491],[39.93543,48.36154],[39.94187,48.38647],[39.92373,48.37516],[39.90603,48.38978],[39.91848,48.39738],[39.88899,48.4418],[39.89833,48.44703],[39.84577,48.47465],[39.84748,48.50194],[39.86692,48.50724],[39.85086,48.56736],[39.78986,48.59315],[39.68744,48.58671],[39.66056,48.60924],[39.72311,48.6835],[39.70423,48.72058],[39.73929,48.74353],[39.74381,48.77063],[39.76803,48.76568],[39.7998,48.8424],[39.97596,48.79316],[40.07905,48.86984],[40.06002,48.90887],[40.03519,48.9158],[40.00404,48.90123],[39.99321,48.86812],[39.92507,48.89558],[39.85313,48.89058],[39.83804,48.90305],[39.82712,48.88631],[39.81885,48.90776],[39.7753,48.922],[39.79042,48.93871],[39.75209,48.98629],[39.7266,48.97552],[39.70355,48.99937],[39.6771,48.98956],[39.66398,49.00042],[39.68498,49.03396],[39.67173,49.04061],[39.76657,49.04011],[39.80892,49.06084],[39.93783,49.05636],[39.93856,49.08289],[40.03087,49.17943],[40.07745,49.18694],[40.13677,49.23936],[40.22182,49.25033],[40.22788,49.26057],[40.18559,49.28468],[40.19455,49.34675],[40.02936,49.45333],[40.03846,49.51997],[40.1689,49.5689],[40.13558,49.6165],[40.06495,49.59885],[39.95189,49.59685],[39.93481,49.57318],[39.89193,49.55859],[39.80764,49.55665],[39.74904,49.59763],[39.65889,49.61532],[39.59133,49.7189],[39.60994,49.73354],[39.44258,49.75998],[39.37852,49.73859],[39.2851,49.75541],[39.25038,49.77726],[39.22724,49.80816],[39.22627,49.83994],[39.17982,49.88863],[39.06686,49.81551],[39.02202,49.82149],[38.93031,49.79678],[38.90664,49.8267],[38.91825,49.85859],[38.90102,49.8693],[38.79067,49.87811],[38.69387,49.93465],[38.68594,49.96202],[38.71768,49.98388],[38.686,50.00767],[38.68055,49.97447],[38.64687,49.95585],[38.58444,49.97741],[38.52717,49.95842],[38.48847,49.96349],[38.46862,49.99507],[38.43383,50.00009],[38.41659,49.98115],[38.34999,50.00647],[38.33152,50.0736]]]]},"properties":{"uid":16,"title_uk":"Луганська область","region_type":"oblast","parent_uid":null,"oblast_uid":16}},{"type":"Feature","geometry":{"type":"MultiPolygon","coordinates":[[[[31.05479,48.22595],[30.98102,48.22214],[30.98916,48.18446],[30.93173,48.18397],[30.93029,48.16624],[30.90024,48.15932],[30.85504,48.16106],[30.84839,48.18437],[30.82305,48.1908],[30.81521,48.1697],[30.79251,48.16778],[30.78539,48.19139],[30.71681,48.19555],[30.64747,48.18525],[30.65659,48.17191],[30.61774,48.15608],[30.55606,48.15593],[30.5268,48.17955],[30.50427,48.15794],[30.49564,48.16992],[30.36543,48.17394],[30.30781,48.1416],[30.31536,48.11668],[30.35684,48.11266],[30.35678,48.10159],[30.31409,48.10577],[30.32433,48.0943],[30.24878,48.08957],[30.23338,48.07023],[30.20664,48.06759],[30.234,48.05995],[30.25618,48.02778],[30.22567,48.01187],[30.24544,47.96713],[30.30753,47.92974],[30.29798,47.9221],[30.3309,47.80986],[30.42242,47.82116],[30.43621,47.80068],[30.43982,47.78912],[30.41612,47.78719],[30.42392,47.76084],[30.3887,47.75244],[30.42042,47.63408],[30.46393,47.64037],[30.47089,47.61814],[30.66475,47.63416],[30.66006,47.6001],[30.72001,47.60839],[30.70927,47.63889],[30.78809,47.64898],[30.77873,47.58398],[30.74496,47.57894],[30.77301,47.54593],[30.87623,47.54435],[30.88289,47.50711],[30.85318,47.50274],[30.86572,47.44423],[30.84823,47.44405],[30.85154,47.42049],[30.88717,47.42565],[30.89337,47.40331],[30.8739,47.40065],[30.88258,47.36683],[30.90915,47.34417],[30.86584,47.33362],[30.87275,47.31802],[30.89265,47.32083],[30.90738,47.27673],[30.99925,47.28982],[30.98992,47.26857],[31.00739,47.27027],[31.01887,47.23892],[31.17064,47.26588],[31.17803,47.22221],[31.14566,47.21792],[31.15677,47.18098],[31.10893,47.18712],[31.10898,47.15432],[31.26941,47.17147],[31.30214,47.08251],[31.29122,47.02453],[31.22982,47.0216],[31.24279,46.99151],[31.08693,46.98239],[31.01376,46.95116],[31.04165,46.8988],[31.09213,46.88263],[31.11271,46.84446],[31.15686,46.83464],[31.15289,46.79497],[31.1775,46.76808],[31.1532,46.74498],[31.15575,46.72711],[31.17894,46.70896],[31.18513,46.66286],[31.19872,46.66025],[31.17585,46.65185],[31.1901,46.64722],[31.17643,46.62753],[31.34939,46.60033],[31.37274,46.62346],[31.51649,46.61925],[31.54985,46.60028],[31.51196,46.57705],[31.52276,46.5619],[31.70963,46.42885],[31.69226,46.44334],[31.70912,46.43638],[31.69486,46.44984],[31.71252,46.47989],[31.80695,46.47893],[31.84545,46.49756],[31.93284,46.58255],[31.9403,46.65116],[32.08676,46.68356],[32.07543,46.73003],[32.0609,46.72824],[32.05707,46.74434],[32.17144,46.75248],[32.16868,46.7633],[32.21852,46.77121],[32.20972,46.80589],[32.25236,46.81961],[32.22906,46.84449],[32.34204,46.7955],[32.37295,46.79908],[32.3655,46.82943],[32.46291,46.84095],[32.46909,46.81608],[32.53121,46.82319],[32.52485,46.84815],[32.54145,46.85012],[32.53468,46.88151],[32.54485,46.88256],[32.58505,46.85495],[32.6878,46.86204],[32.70111,46.8207],[32.76936,46.81931],[32.81361,46.84015],[32.9491,46.85739],[32.92023,46.86595],[32.91613,46.88302],[32.83629,46.88411],[32.8424,46.89944],[32.92661,46.90974],[32.92206,46.92665],[32.97986,46.93368],[32.97597,46.94881],[32.94892,46.94532],[32.93356,46.98532],[32.95016,47.00351],[33.0224,46.97248],[33.15808,47.11686],[33.10492,47.13704],[33.08209,47.10775],[33.10315,47.09978],[33.07303,47.06303],[33.05197,47.0706],[33.02709,47.03949],[32.90954,47.09418],[32.91786,47.14366],[32.96061,47.18962],[33.00573,47.19662],[33.03769,47.17811],[33.07206,47.22337],[33.13024,47.20287],[33.14256,47.21042],[33.12712,47.23079],[33.18358,47.2381],[33.1052,47.27954],[33.1024,47.32147],[33.1381,47.33269],[33.1217,47.38942],[33.0392,47.37921],[33.02868,47.4237],[33.03349,47.44134],[33.05408,47.44364],[33.047,47.4682],[33.0702,47.47519],[33.07121,47.41185],[33.13773,47.41964],[33.12294,47.50814],[33.14709,47.51434],[33.14111,47.54322],[33.09466,47.52726],[33.09496,47.59704],[32.95978,47.59202],[32.99713,47.61655],[32.97202,47.72263],[33.07216,47.73888],[33.04962,47.78186],[33.06776,47.78359],[33.05724,47.83185],[33.08104,47.83483],[33.06974,47.88254],[33.08643,47.88517],[33.07828,47.92038],[33.01272,47.91044],[32.99091,47.93409],[33.00767,47.93676],[32.99016,48.04823],[32.87047,48.03233],[32.89441,47.98553],[32.68949,47.98184],[32.69731,47.94653],[32.73707,47.95163],[32.74556,47.93251],[32.6519,47.92152],[32.65594,47.90482],[32.67648,47.90701],[32.68554,47.87298],[32.66442,47.87091],[32.67945,47.8518],[32.6578,47.81994],[32.3642,47.78859],[32.30321,47.82373],[32.23654,47.81469],[32.23962,47.79381],[32.22251,47.79145],[32.23158,47.7604],[32.15443,47.76094],[32.14033,47.7489],[32.05467,47.81725],[31.8377,47.7828],[31.8274,47.81652],[31.87108,47.82656],[31.85704,47.86466],[31.89195,47.86756],[31.87659,47.91942],[31.85499,47.91612],[31.84383,47.96358],[31.75193,47.94431],[31.72903,48.03546],[31.78302,48.04223],[31.76728,48.10212],[31.69433,48.09336],[31.68558,48.121],[31.58262,48.12876],[31.58391,48.10551],[31.56942,48.09742],[31.54055,48.10779],[31.551,48.06979],[31.51023,48.06883],[31.49246,48.05073],[31.48817,48.06536],[31.47,48.06404],[31.47596,48.08281],[31.49849,48.08721],[31.48643,48.12964],[31.39552,48.10837],[31.3799,48.1324],[31.33021,48.11388],[31.32524,48.13818],[31.23633,48.11703],[31.22058,48.17075],[31.17977,48.1809],[31.19201,48.19409],[31.16372,48.22252],[31.05479,48.22595]]],[[[31.76791,46.38543],[31.72833,46.4227],[31.77559,46.37289],[31.76791,46.38543]]]]},"properties":{"uid":17,"title_uk":"Миколаївська область","region_type":"oblast","parent_uid":null,"oblast_uid":17}},{"type":"Feature","geometry":{"type":"MultiPolygon","coordinates":[[[[29.973,48.21781],[29.9303,48.2333],[29.89182,48.18572],[29.84047,48.21259],[29.65494,48.19502],[29.67589,48.16214],[29.66364,48.10752],[29.6025,48.13291],[29.58754,48.10198],[29.57006,48.09873],[29.49484,48.10263],[29.45838,48.12261],[29.3945,48.11374],[29.37186,48.09055],[29.31159,48.08601],[29.20354,48.11793],[29.26141,48.13037],[29.25124,48.14971],[29.20927,48.13421],[29.1415,48.14066],[29.15824,48.14859],[29.06463,48.19456],[29.03224,48.12563],[29.00448,48.15038],[28.94516,48.15669],[28.92718,48.09436],[28.87301,48.08261],[28.86808,48.06934],[28.83328,48.07284],[28.85203,48.0609],[28.83939,48.03484],[28.92487,47.96099],[28.96155,47.97924],[29.03314,47.94247],[29.06978,47.94354],[29.08624,47.94694],[29.0794,47.97134],[29.09753,47.96015],[29.08925,47.98134],[29.17439,47.99342],[29.20163,47.8843],[29.21489,47.89615],[29.28102,47.88842],[29.22469,47.85522],[29.19916,47.81889],[29.21996,47.79741],[29.27538,47.80398],[29.25005,47.75253],[29.20381,47.71943],[29.23058,47.68369],[29.21873,47.68255],[29.20881,47.64151],[29.23375,47.64214],[29.20899,47.62855],[29.21746,47.61235],[29.18405,47.57158],[29.11633,47.55457],[29.15148,47.50574],[29.19021,47.51436],[29.18678,47.4757],[29.1573,47.45914],[29.19091,47.46833],[29.19023,47.42455],[29.2421,47.46182],[29.24523,47.41449],[29.31785,47.4478],[29.3374,47.37055],[29.39059,47.37938],[29.39691,47.35359],[29.38271,47.34413],[29.39781,47.30052],[29.42273,47.3044],[29.42653,47.29182],[29.4862,47.30613],[29.48725,47.35605],[29.5743,47.37037],[29.59797,47.25706],[29.55112,47.25173],[29.5808,47.13583],[29.49457,47.1307],[29.53026,47.07529],[29.54984,47.0757],[29.54802,47.09357],[29.61204,47.0999],[29.62837,47.04511],[29.60219,47.04158],[29.59605,46.96362],[29.55605,46.95773],[29.5713,46.94002],[29.63941,46.95504],[29.64801,46.91921],[29.71862,46.93197],[29.74938,46.86064],[29.88387,46.88626],[29.88356,46.85069],[29.90508,46.81986],[29.94945,46.84172],[29.96918,46.83203],[29.97821,46.81692],[29.93494,46.80591],[29.97447,46.75402],[29.97275,46.68835],[29.94493,46.64638],[29.95998,46.61174],[29.93408,46.5813],[29.94851,46.56053],[29.87558,46.54679],[29.91321,46.52172],[29.90592,46.51435],[29.94333,46.50194],[29.93558,46.49442],[29.96048,46.50981],[29.96038,46.49062],[29.98694,46.50968],[29.98749,46.49379],[30.00089,46.49561],[29.99113,46.47796],[30.01685,46.48136],[29.99399,46.47428],[30.0233,46.4686],[29.99366,46.46198],[30.02608,46.45276],[30.02301,46.44166],[30.06407,46.44237],[30.05669,46.4274],[30.07831,46.42347],[30.08299,46.43461],[30.09728,46.42575],[30.09557,46.4397],[30.13394,46.41073],[30.15634,46.42887],[30.16359,46.41308],[30.08855,46.38372],[30.05785,46.39833],[30.02173,46.38298],[29.93798,46.40023],[29.88632,46.37151],[29.8907,46.35218],[29.80512,46.38545],[29.82246,46.39569],[29.78675,46.41985],[29.7764,46.45441],[29.74081,46.47287],[29.72636,46.46697],[29.73426,46.43517],[29.66003,46.43602],[29.67677,46.36115],[29.60297,46.35338],[29.58014,46.36069],[29.56555,46.41628],[29.49324,46.4318],[29.47977,46.44136],[29.50337,46.45982],[29.44788,46.49873],[29.38664,46.44638],[29.39654,46.4251],[29.35033,46.50424],[29.33168,46.49598],[29.33635,46.47358],[29.30852,46.46496],[29.32411,46.41468],[29.2631,46.40568],[29.26664,46.39355],[29.24065,46.37603],[29.20657,46.3863],[29.24681,46.41934],[29.21994,46.46351],[29.25528,46.48578],[29.23995,46.50309],[29.23536,46.55849],[29.16167,46.54474],[29.16343,46.51523],[29.06311,46.51214],[29.03304,46.49093],[28.98892,46.48901],[29.02325,46.47999],[29.02588,46.46252],[28.93033,46.45732],[28.99369,46.3319],[28.94919,46.26045],[29.06758,46.19551],[28.95046,46.09394],[29.00366,46.04528],[28.97902,46.00346],[28.75713,45.9571],[28.78624,45.83239],[28.69662,45.81793],[28.70923,45.77989],[28.57948,45.76995],[28.58868,45.72892],[28.51879,45.73725],[28.4806,45.67857],[28.48298,45.65976],[28.51578,45.66535],[28.54412,45.58007],[28.49151,45.57121],[28.51525,45.49986],[28.42762,45.48613],[28.42674,45.53053],[28.4155,45.51398],[28.30587,45.54678],[28.24746,45.50755],[28.21125,45.46707],[28.27854,45.44602],[28.28221,45.39761],[28.34275,45.32326],[28.55908,45.24901],[28.71887,45.22432],[28.79139,45.2422],[28.75162,45.28151],[28.80269,45.3019],[28.78087,45.32324],[28.7975,45.33508],[28.94008,45.27941],[28.96389,45.32995],[29.1695,45.39493],[29.23801,45.43263],[29.29323,45.42755],[29.32733,45.44825],[29.42739,45.44327],[29.55035,45.40916],[29.65088,45.34019],[29.67679,45.27693],[29.65989,45.24761],[29.68594,45.20327],[29.70719,45.21977],[29.72269,45.20924],[29.73449,45.22737],[29.757,45.2226],[29.73982,45.24616],[29.7658,45.32178],[29.75499,45.44386],[29.77368,45.45212],[29.77281,45.4347],[29.78138,45.46745],[29.74807,45.4673],[29.74514,45.48994],[29.70597,45.46956],[29.70855,45.4579],[29.65285,45.47464],[29.66052,45.46201],[29.64546,45.45241],[29.63127,45.47489],[29.60404,45.48054],[29.6288,45.48307],[29.63168,45.51193],[29.71009,45.57712],[30.21758,45.86309],[30.48176,46.08156],[30.55821,46.15609],[30.68079,46.32466],[30.75213,46.37522],[30.77256,46.44118],[30.75933,46.49127],[30.73132,46.50676],[30.75017,46.54403],[30.79676,46.55826],[30.8307,46.54933],[31.18934,46.64075],[31.17585,46.65185],[31.19872,46.66025],[31.18513,46.66286],[31.17894,46.70896],[31.15287,46.74049],[31.1775,46.76808],[31.15289,46.79497],[31.15686,46.83464],[31.11271,46.84446],[31.09213,46.88263],[31.04165,46.8988],[31.01376,46.95116],[31.08693,46.98239],[31.24279,46.99151],[31.22982,47.0216],[31.29122,47.02453],[31.30214,47.08251],[31.26941,47.17147],[31.10898,47.15432],[31.10893,47.18712],[31.15677,47.18098],[31.14566,47.21792],[31.17803,47.22221],[31.17064,47.26588],[31.01887,47.23892],[31.00739,47.27027],[30.98992,47.26857],[30.99925,47.28982],[30.90738,47.27673],[30.89265,47.32083],[30.87275,47.31802],[30.86584,47.33362],[30.90915,47.34417],[30.88258,47.36683],[30.8739,47.40065],[30.89337,47.40331],[30.88717,47.42565],[30.85154,47.42049],[30.84823,47.44405],[30.86572,47.44423],[30.85318,47.50274],[30.88289,47.50711],[30.87623,47.54435],[30.77301,47.54593],[30.74496,47.57894],[30.77873,47.58398],[30.78809,47.64898],[30.70927,47.63889],[30.72001,47.60839],[30.66006,47.6001],[30.66475,47.63416],[30.47089,47.61814],[30.46393,47.64037],[30.42042,47.63408],[30.3887,47.75244],[30.42392,47.76084],[30.41612,47.78719],[30.43982,47.78912],[30.43621,47.80068],[30.42242,47.82116],[30.3309,47.80986],[30.29798,47.9221],[30.30753,47.92974],[30.24544,47.96713],[30.22567,48.01187],[30.25618,48.02778],[30.234,48.05995],[30.20664,48.06759],[30.23338,48.07023],[30.24878,48.08957],[30.32433,48.0943],[30.31409,48.10577],[30.35678,48.10159],[30.35684,48.11266],[30.31536,48.11668],[30.30781,48.1416],[30.26376,48.14746],[30.06773,48.14514],[30.02216,48.18607],[30.00294,48.18409],[30.00971,48.20811],[29.99107,48.2303],[29.973,48.21781]]],[[[29.63835,45.47788],[29.6247,45.47804],[29.64878,45.47162],[29.63835,45.47788]]]]},"properties":{"uid":18,"title_uk":"Одеська область","region_type":"oblast","parent_uid":null,"oblast_uid":18}},{"type":"Feature","geometry":{"type":"MultiPolygon","coordinates":[[[[33.28501,50.54968],[33.24444,50.53977],[33.23871,50.5098],[33.22076,50.50384],[33.17193,50.52278],[33.11774,50.50507],[33.06067,50.51847],[33.02286,50.50142],[33.01619,50.47072],[32.97048,50.47414],[32.9698,50.44891],[32.91206,50.42362],[32.91558,50.40715],[32.78984,50.37089],[32.7932,50.34605],[32.67075,50.35803],[32.67165,50.36896],[32.52507,50.34567],[32.48592,50.36918],[32.49322,50.3992],[32.33705,50.42796],[32.29018,50.37948],[32.2516,50.37382],[32.26399,50.3625],[32.25459,50.35229],[32.26887,50.35195],[32.14331,50.34825],[32.15234,50.33745],[32.129,50.31572],[32.14022,50.30466],[32.08414,50.2832],[32.10102,50.27658],[32.08945,50.24698],[32.12556,50.22478],[32.1117,50.21259],[32.17682,50.165],[32.29859,50.14274],[32.30394,50.11989],[32.25033,50.11463],[32.27641,50.09685],[32.26153,50.08236],[32.31382,50.0386],[32.33376,50.05829],[32.351,50.04734],[32.37887,49.98098],[32.42859,49.96027],[32.41405,49.90345],[32.43457,49.88821],[32.37386,49.87441],[32.44932,49.79621],[32.50409,49.80446],[32.51428,49.77439],[32.55573,49.77354],[32.57256,49.75293],[32.57404,49.70254],[32.70844,49.65686],[32.71515,49.61237],[32.69632,49.60271],[32.75731,49.5755],[32.75005,49.52357],[32.70998,49.49902],[32.67726,49.49927],[32.67287,49.44801],[32.6509,49.43656],[32.67899,49.4253],[32.68992,49.38519],[32.73708,49.37213],[32.7382,49.35375],[32.67692,49.35248],[32.54481,49.38182],[32.50987,49.40784],[32.46106,49.34739],[32.47937,49.34066],[32.46625,49.32824],[32.59566,49.27624],[32.60956,49.25353],[32.71391,49.25758],[32.76272,49.23299],[32.81532,49.24915],[32.926,49.2334],[32.97779,49.24335],[32.98486,49.20907],[33.02954,49.1848],[33.11082,49.17954],[33.15772,49.13058],[33.15613,49.09842],[33.18559,49.09724],[33.20144,49.07317],[33.24846,49.08525],[33.24028,49.16671],[33.26719,49.13344],[33.30422,49.11839],[33.26219,49.09187],[33.30789,49.07819],[33.2983,49.06623],[33.33474,49.02699],[33.29704,49.00791],[33.31985,48.94848],[33.35265,48.95423],[33.40158,48.92686],[33.40711,48.96145],[33.42133,48.94887],[33.47594,48.95195],[33.47371,48.91373],[33.53694,48.93139],[33.54767,48.91263],[33.57513,48.91115],[33.56756,48.91886],[33.58921,48.91689],[33.63794,48.97399],[33.66529,48.97845],[33.70952,48.94088],[33.81831,48.93708],[33.92643,48.88108],[34.02532,48.86249],[34.06923,48.82527],[34.12271,48.8179],[34.12551,48.77906],[34.28845,48.74337],[34.29781,48.72305],[34.30874,48.76511],[34.34249,48.78419],[34.29806,48.78459],[34.29709,48.82075],[34.34348,48.82446],[34.32303,48.8289],[34.32514,48.84424],[34.35061,48.85067],[34.30019,48.89577],[34.31185,48.94066],[34.3529,48.98386],[34.3255,48.99881],[34.36019,49.03341],[34.41568,49.05485],[34.40211,49.09386],[34.46584,49.06427],[34.5158,49.07191],[34.55821,49.05552],[34.57389,49.06331],[34.57231,49.09517],[34.59398,49.09334],[34.58975,49.11212],[34.76286,49.14333],[34.75838,49.16838],[34.8036,49.17915],[34.81196,49.16683],[34.82357,49.18903],[34.90194,49.17817],[34.86487,49.16143],[34.89961,49.15042],[34.91923,49.15599],[34.92691,49.18434],[34.95581,49.19267],[35.01508,49.1495],[34.98025,49.25003],[35.02454,49.32526],[35.07906,49.3171],[35.09092,49.30037],[35.24248,49.2967],[35.27183,49.27706],[35.28908,49.2949],[35.27921,49.31816],[35.37758,49.39792],[35.34858,49.40464],[35.36366,49.44735],[35.31574,49.4555],[35.33175,49.50422],[35.48147,49.48402],[35.48535,49.5162],[35.42755,49.52641],[35.42743,49.54931],[35.40431,49.55595],[35.48543,49.57133],[35.42517,49.65659],[35.43342,49.67321],[35.34432,49.66499],[35.32971,49.68258],[35.24313,49.69341],[35.25627,49.70879],[35.24243,49.71287],[35.26492,49.71446],[35.2594,49.73365],[35.22401,49.73632],[35.20605,49.75692],[35.21247,49.78929],[35.20002,49.80054],[35.22257,49.80671],[35.21978,49.82946],[35.1399,49.8597],[35.06787,49.85833],[35.04535,49.87311],[35.0644,49.8861],[34.97067,49.8851],[34.91231,49.93524],[34.86036,49.94931],[34.87244,49.95652],[34.85618,49.9869],[34.96349,50.07374],[34.95576,50.09343],[34.93695,50.09521],[34.94078,50.15235],[34.84849,50.165],[34.74733,50.14447],[34.74961,50.15779],[34.73403,50.16049],[34.69963,50.14933],[34.69131,50.10966],[34.67729,50.11105],[34.67646,50.13355],[34.6646,50.11056],[34.54638,50.13256],[34.523,50.17702],[34.57113,50.22663],[34.55125,50.24605],[34.51456,50.24828],[34.51997,50.28075],[34.45853,50.28553],[34.39957,50.31848],[34.41,50.33745],[34.37706,50.35876],[34.39083,50.36698],[34.2596,50.43439],[34.24562,50.52298],[34.21929,50.53336],[34.15866,50.52244],[34.11985,50.51009],[34.09818,50.48092],[34.08229,50.48839],[34.10546,50.50369],[34.06239,50.5164],[34.02773,50.4996],[34.03077,50.51124],[33.95462,50.54748],[33.91299,50.51449],[33.8924,50.53372],[33.81169,50.51547],[33.85099,50.49925],[33.7875,50.47766],[33.7862,50.4609],[33.73501,50.45849],[33.57129,50.49472],[33.53174,50.48034],[33.50168,50.49696],[33.48648,50.48157],[33.46368,50.49264],[33.43391,50.4756],[33.41228,50.49962],[33.37499,50.49753],[33.37388,50.52116],[33.31886,50.52052],[33.28501,50.54968]]]]},"properties":{"uid":19,"title_uk":"Полтавська область","region_type":"oblast","parent_uid":null,"oblast_uid":19}},{"type":"Feature","geometry":{"type":"MultiPolygon","coordinates":[[[[33.80889,52.3656],[33.68343,52.35796],[33.60436,52.33368],[33.58156,52.31081],[33.54428,52.32365],[33.56023,52.30218],[33.48348,52.31363],[33.51916,52.35411],[33.45479,52.36522],[33.43948,52.35294],[33.44685,52.34204],[33.38653,52.31652],[33.40283,52.30212],[33.38678,52.29707],[33.37686,52.27538],[33.38723,52.27134],[33.35812,52.25833],[33.36644,52.23295],[33.31464,52.2155],[33.33124,52.20181],[33.3098,52.18475],[33.33763,52.15659],[33.32259,52.1362],[33.34401,52.14569],[33.41719,52.1231],[33.40971,52.11539],[33.44496,52.09785],[33.43707,52.08704],[33.50002,52.08927],[33.50062,52.03853],[33.43039,52.0257],[33.40323,52.05119],[33.31601,52.03168],[33.30422,52.01346],[33.33716,52.00689],[33.39549,51.9549],[33.37086,51.95354],[33.35508,51.93027],[33.25301,51.92623],[33.22089,51.90476],[33.18695,51.9121],[33.17067,51.90066],[33.1798,51.88519],[33.12272,51.86355],[33.14561,51.81478],[33.07811,51.77654],[33.17167,51.69929],[33.14451,51.69121],[33.16514,51.68034],[33.14006,51.67852],[33.12767,51.64292],[33.1545,51.64188],[33.15446,51.60748],[33.22231,51.58031],[33.15918,51.57142],[33.19294,51.51262],[33.13418,51.49197],[33.11309,51.42837],[33.13455,51.41659],[33.11965,51.4037],[33.13538,51.39948],[33.13307,51.38256],[33.09084,51.38968],[33.11085,51.37997],[33.10653,51.36538],[33.06076,51.36988],[33.03958,51.39139],[33.05774,51.40403],[33.04763,51.4102],[33.01657,51.39574],[33.04093,51.36772],[33.03757,51.34568],[33.07462,51.34067],[33.07656,51.31254],[33.04092,51.29119],[33.07632,51.29004],[33.05821,51.26609],[33.06908,51.25532],[33.02953,51.22729],[33.04141,51.20564],[32.9771,51.18836],[32.98637,51.18396],[32.96039,51.16264],[32.99285,51.14344],[32.94248,51.08967],[33.06915,51.06921],[33.06016,51.04921],[33.08473,51.03838],[33.03798,50.99401],[33.07953,50.9802],[33.07816,50.99173],[33.11786,51.00676],[33.13696,50.96144],[33.20024,50.96155],[33.19709,50.91997],[33.21051,50.90185],[33.17042,50.88795],[33.18107,50.86702],[33.16916,50.85069],[33.18527,50.8482],[33.15513,50.82793],[33.16904,50.79961],[33.15338,50.79303],[33.1896,50.74653],[33.23936,50.73214],[33.13583,50.71084],[33.15116,50.69381],[33.14678,50.65498],[33.11756,50.64763],[33.10271,50.60215],[33.12198,50.59449],[33.04872,50.54093],[33.06105,50.52189],[33.11774,50.50507],[33.17193,50.52278],[33.22076,50.50384],[33.23871,50.5098],[33.24444,50.53977],[33.27634,50.55343],[33.31886,50.52052],[33.37388,50.52116],[33.37499,50.49753],[33.41228,50.49962],[33.43391,50.4756],[33.46368,50.49264],[33.48648,50.48157],[33.50168,50.49696],[33.53174,50.48034],[33.57129,50.49472],[33.73501,50.45849],[33.7862,50.4609],[33.7875,50.47766],[33.85099,50.49925],[33.81169,50.51547],[33.8924,50.53372],[33.91299,50.51449],[33.95462,50.54748],[34.03077,50.51124],[34.02773,50.4996],[34.06239,50.5164],[34.10546,50.50369],[34.08229,50.48839],[34.09818,50.48092],[34.11985,50.51009],[34.21929,50.53336],[34.24882,50.51838],[34.2596,50.43439],[34.39083,50.36698],[34.37706,50.35876],[34.41,50.33745],[34.39957,50.31848],[34.45853,50.28553],[34.51997,50.28075],[34.51456,50.24828],[34.55125,50.24605],[34.57113,50.22663],[34.523,50.17702],[34.54638,50.13256],[34.63209,50.11202],[34.6646,50.11056],[34.67646,50.13355],[34.67729,50.11105],[34.69839,50.11129],[34.69963,50.14933],[34.73403,50.16049],[34.74961,50.15779],[34.74733,50.14447],[34.84849,50.165],[34.94047,50.15231],[34.97355,50.15853],[34.96382,50.1848],[35.03253,50.18015],[35.03958,50.16466],[35.07024,50.20588],[35.14849,50.24257],[35.19274,50.22848],[35.26035,50.23456],[35.26648,50.26547],[35.3299,50.27422],[35.29648,50.28966],[35.32994,50.31867],[35.38219,50.29456],[35.37892,50.32054],[35.42342,50.33511],[35.439,50.31692],[35.52442,50.29012],[35.53532,50.30201],[35.51583,50.31721],[35.59383,50.3312],[35.6501,50.30979],[35.68865,50.33471],[35.69273,50.34558],[35.60159,50.36713],[35.61097,50.37398],[35.58369,50.39428],[35.58646,50.44848],[35.4768,50.48849],[35.43624,50.52955],[35.42773,50.56198],[35.39032,50.57997],[35.42495,50.60303],[35.39283,50.64995],[35.46256,50.66627],[35.48565,50.65585],[35.49569,50.67858],[35.46014,50.68932],[35.47341,50.72505],[35.4641,50.73496],[35.48803,50.777],[35.41185,50.80194],[35.41903,50.84373],[35.38196,50.87016],[35.40159,50.87964],[35.37981,50.89563],[35.40349,50.90281],[35.40014,50.91442],[35.32541,50.94689],[35.35209,50.9732],[35.32373,51.01277],[35.37469,51.00867],[35.40916,51.0264],[35.40597,51.04812],[35.30672,51.07854],[35.27353,51.05781],[35.18928,51.05344],[35.14766,51.08264],[35.17342,51.08726],[35.16304,51.10903],[35.17465,51.12141],[35.1426,51.13368],[35.12324,51.16521],[35.1503,51.22326],[35.07267,51.23259],[35.03829,51.20427],[35.03794,51.21775],[34.98005,51.23562],[34.89812,51.19303],[34.86245,51.19928],[34.83348,51.18296],[34.8345,51.16922],[34.78457,51.18388],[34.7167,51.17154],[34.66862,51.1975],[34.66204,51.24735],[34.60405,51.25453],[34.5799,51.23389],[34.54064,51.25279],[34.48675,51.24429],[34.38395,51.27365],[34.3055,51.23826],[34.23082,51.2651],[34.25505,51.28176],[34.24461,51.29594],[34.2821,51.3106],[34.28143,51.3348],[34.31171,51.33397],[34.33847,51.35627],[34.30421,51.37948],[34.28614,51.3747],[34.29246,51.38792],[34.22774,51.3995],[34.22095,51.41705],[34.25478,51.43988],[34.24506,51.45649],[34.29171,51.47979],[34.29053,51.50892],[34.3076,51.51936],[34.25974,51.53322],[34.23873,51.58396],[34.21626,51.57433],[34.21097,51.60041],[34.18207,51.59692],[34.1673,51.64545],[34.12978,51.64278],[34.10454,51.66642],[34.08026,51.66603],[34.1279,51.68947],[34.29081,51.70496],[34.30883,51.72022],[34.42228,51.72225],[34.44041,51.74333],[34.40918,51.78216],[34.4155,51.8258],[34.30338,51.88754],[34.24488,51.88143],[34.25936,51.90952],[34.21945,51.92012],[34.19026,51.96853],[34.14311,51.96814],[34.12921,51.98442],[34.13982,52.00017],[34.10057,52.00459],[34.10132,52.04122],[34.06229,52.07295],[34.09962,52.09333],[34.08746,52.10903],[34.11618,52.14073],[34.05389,52.17122],[34.06531,52.18275],[34.05228,52.20149],[34.01631,52.2019],[33.99832,52.21199],[34.00062,52.2273],[33.93755,52.2502],[33.94436,52.28333],[33.92088,52.30476],[33.8389,52.32056],[33.85484,52.33276],[33.83821,52.36026],[33.80889,52.3656]]]]},"properties":{"uid":20,"title_uk":"Сумська область","region_type":"oblast","parent_uid":null,"oblast_uid":20}},{"type":"Feature","geometry":{"type":"MultiPolygon","coordinates":[[[[26.21736,50.23931],[26.22124,50.26683],[26.19133,50.26277],[26.16501,50.23078],[26.065,50.25739],[26.0087,50.22875],[25.94107,50.25719],[25.85502,50.18989],[25.82116,50.1816],[25.72896,50.18697],[25.72073,50.17328],[25.68813,50.17842],[25.62538,50.15211],[25.57571,50.17633],[25.55411,50.15045],[25.47601,50.16616],[25.44938,50.15043],[25.44839,50.12406],[25.48902,50.10184],[25.45411,50.09429],[25.43139,50.05297],[25.36439,50.04603],[25.35287,50.01734],[25.34909,50.00295],[25.4024,49.98586],[25.40388,49.94776],[25.4269,49.94197],[25.38723,49.93261],[25.3752,49.86801],[25.29911,49.85371],[25.28591,49.8279],[25.18034,49.83803],[25.13757,49.81491],[25.08326,49.82724],[25.08979,49.78215],[25.07234,49.77022],[25.11488,49.74538],[25.0676,49.71149],[25.02251,49.73605],[24.99053,49.64505],[24.96648,49.64075],[24.95417,49.61565],[24.83439,49.59975],[24.83655,49.58],[24.82857,49.59298],[24.79119,49.57268],[24.71797,49.57032],[24.72398,49.48164],[24.77089,49.43158],[24.77836,49.38123],[24.82843,49.38589],[24.83372,49.36281],[24.85941,49.34658],[24.82872,49.32064],[24.82809,49.28548],[24.84373,49.26256],[24.93338,49.23526],[24.85783,49.17862],[24.85644,49.16364],[24.89993,49.1289],[24.98557,49.1167],[24.97368,49.08253],[24.99113,49.07129],[24.91631,49.08301],[24.90492,49.04967],[24.96954,49.01125],[24.96562,48.99233],[25.01763,49.01133],[25.08764,48.97963],[25.11532,48.99604],[25.10849,48.96519],[25.14731,48.94327],[25.11817,48.92143],[25.15301,48.86778],[25.17159,48.87137],[25.16665,48.89206],[25.19816,48.91469],[25.19058,48.92679],[25.2354,48.93129],[25.21116,48.84597],[25.26208,48.86675],[25.32549,48.83788],[25.34466,48.83754],[25.34143,48.85488],[25.35474,48.85959],[25.42804,48.84274],[25.43905,48.84747],[25.42753,48.86897],[25.45302,48.86668],[25.4696,48.85611],[25.45423,48.83145],[25.55369,48.79903],[25.63948,48.74916],[25.61016,48.72556],[25.65295,48.70547],[25.62347,48.67505],[25.7119,48.66298],[25.73354,48.63353],[25.78334,48.67569],[25.855,48.62038],[25.84911,48.59712],[25.91446,48.58683],[25.97364,48.62052],[26.021,48.61033],[26.04665,48.649],[26.06588,48.60714],[26.04378,48.58628],[26.09188,48.53875],[26.12708,48.5544],[26.09598,48.59956],[26.11829,48.62004],[26.14452,48.59735],[26.14661,48.54625],[26.16632,48.52894],[26.26786,48.53998],[26.30219,48.50905],[26.35509,48.50757],[26.38786,48.53377],[26.44379,48.53862],[26.37981,48.56467],[26.36051,48.54169],[26.36382,48.55929],[26.33638,48.56936],[26.35969,48.58803],[26.29304,48.62282],[26.32357,48.62935],[26.28779,48.64019],[26.30751,48.6575],[26.27307,48.64717],[26.27734,48.67374],[26.24786,48.66786],[26.24529,48.684],[26.22137,48.68585],[26.23772,48.69704],[26.2289,48.70886],[26.24397,48.73653],[26.22337,48.75222],[26.24576,48.75569],[26.20729,48.79727],[26.2334,48.78997],[26.22552,48.81323],[26.25846,48.81555],[26.23319,48.81916],[26.19982,48.85889],[26.21408,48.87984],[26.20395,48.8959],[26.22316,48.91095],[26.19651,48.90349],[26.1838,48.91579],[26.19852,48.91824],[26.20819,48.9551],[26.17734,48.97369],[26.2119,48.98287],[26.17607,48.99564],[26.21561,49.00535],[26.18388,49.05656],[26.21557,49.07227],[26.19199,49.07738],[26.20553,49.1327],[26.1899,49.15818],[26.21087,49.16189],[26.18976,49.17158],[26.18314,49.19584],[26.20286,49.24464],[26.24486,49.24457],[26.25838,49.26407],[26.24143,49.27704],[26.25952,49.28955],[26.22568,49.32747],[26.22903,49.35035],[26.24367,49.34738],[26.23195,49.35781],[26.24466,49.36942],[26.21943,49.37834],[26.23533,49.40053],[26.19314,49.42985],[26.18812,49.48102],[26.14227,49.50946],[26.17559,49.54926],[26.21901,49.5512],[26.1994,49.60898],[26.23108,49.63647],[26.2626,49.63754],[26.27241,49.65691],[26.24127,49.69361],[26.19084,49.71415],[26.24346,49.74531],[26.24079,49.77565],[26.1782,49.8473],[26.20093,49.86626],[26.1327,49.8984],[26.16611,49.92218],[26.14198,49.97176],[26.17283,49.99395],[26.20238,49.99214],[26.21061,50.0159],[26.17592,50.02515],[26.22689,50.04734],[26.20082,50.06729],[26.20046,50.09797],[26.27344,50.10281],[26.23481,50.13121],[26.2435,50.14329],[26.20857,50.15414],[26.2198,50.18062],[26.17927,50.19709],[26.18537,50.22913],[26.21736,50.23931]]]]},"properties":{"uid":21,"title_uk":"Тернопільська область","region_type":"oblast","parent_uid":null,"oblast_uid":21}},{"type":"Feature","geometry":{"type":"MultiPolygon","coordinates":[[[[37.84679,49.52058],[37.91751,49.53415],[37.92718,49.54798],[37.88632,49.54923],[37.90106,49.57378],[37.95266,49.56839],[37.93431,49.58969],[37.94426,49.61127],[37.97495,49.61165],[37.99494,49.64698],[38.04576,49.65747],[37.99892,49.70022],[38.01699,49.7128],[37.97468,49.70853],[37.95143,49.73143],[37.9766,49.76758],[37.99857,49.75327],[38.05277,49.78352],[38.00964,49.81283],[38.01778,49.83721],[38.0937,49.84599],[38.01879,49.91568],[38.04403,49.93263],[37.96198,49.98304],[37.92347,50.03625],[37.79732,50.0842],[37.75539,50.07856],[37.70873,50.13309],[37.64035,50.17604],[37.64355,50.19094],[37.6145,50.21985],[37.63574,50.31092],[37.57691,50.30634],[37.4723,50.36848],[37.46366,50.4242],[37.48553,50.43618],[37.48257,50.45872],[37.41194,50.43309],[37.33014,50.43645],[37.29237,50.40121],[37.15251,50.35624],[36.93745,50.35026],[36.87037,50.33519],[36.68894,50.26691],[36.67942,50.23762],[36.64754,50.21772],[36.5603,50.25071],[36.58045,50.26258],[36.57461,50.27474],[36.59377,50.27581],[36.58616,50.28545],[36.44025,50.31087],[36.43358,50.33057],[36.3663,50.28778],[36.29706,50.29197],[36.27388,50.32391],[36.28375,50.33561],[36.177,50.40155],[36.15463,50.43316],[36.06557,50.45131],[35.93586,50.43079],[35.88909,50.43891],[35.87234,50.42262],[35.83194,50.43382],[35.79289,50.41593],[35.80272,50.39804],[35.73851,50.35433],[35.65803,50.35116],[35.69273,50.34558],[35.6501,50.30979],[35.59383,50.3312],[35.51583,50.31721],[35.53532,50.30201],[35.52442,50.29012],[35.439,50.31692],[35.42342,50.33511],[35.37892,50.32054],[35.38219,50.29456],[35.32994,50.31867],[35.29648,50.28966],[35.3299,50.27422],[35.26648,50.26547],[35.26035,50.23456],[35.19274,50.22848],[35.14849,50.24257],[35.07024,50.20588],[35.03958,50.16466],[35.03253,50.18015],[34.96206,50.18467],[34.97355,50.15853],[34.94078,50.15235],[34.93277,50.13393],[34.93695,50.09521],[34.95576,50.09343],[34.96349,50.07374],[34.85618,49.9869],[34.87244,49.95652],[34.86036,49.94931],[34.91231,49.93524],[34.96209,49.8884],[35.01548,49.87666],[35.0644,49.8861],[35.04535,49.87311],[35.06787,49.85833],[35.1399,49.8597],[35.21978,49.82946],[35.22257,49.80671],[35.20002,49.80054],[35.21247,49.78929],[35.20605,49.75692],[35.22401,49.73632],[35.2594,49.73365],[35.26492,49.71446],[35.24243,49.71287],[35.25627,49.70879],[35.24313,49.69341],[35.32971,49.68258],[35.34432,49.66499],[35.43342,49.67321],[35.42517,49.65659],[35.48543,49.57133],[35.40425,49.55635],[35.42743,49.54931],[35.42755,49.52641],[35.48535,49.5162],[35.48147,49.48402],[35.33175,49.50422],[35.31574,49.4555],[35.36366,49.44735],[35.34858,49.40464],[35.37758,49.39792],[35.27921,49.31816],[35.28908,49.2949],[35.27183,49.27706],[35.24248,49.2967],[35.0913,49.30032],[35.07906,49.3171],[35.02392,49.32475],[34.98025,49.25003],[35.01772,49.1508],[35.04414,49.15643],[35.05316,49.17703],[35.07344,49.17018],[35.08536,49.14101],[35.12229,49.16469],[35.14475,49.15049],[35.19285,49.16079],[35.2097,49.15092],[35.18992,49.13807],[35.22865,49.12629],[35.18999,49.1099],[35.22745,49.10034],[35.25694,49.11354],[35.27644,49.09063],[35.30736,49.09172],[35.30178,49.06954],[35.40111,49.03055],[35.40736,49.01358],[35.43884,49.01111],[35.48562,48.97252],[35.62663,48.98317],[35.63077,48.96247],[35.65018,48.9741],[35.69437,48.9675],[35.69606,48.94276],[35.72371,48.96659],[35.75199,48.94692],[35.78894,48.95423],[35.80827,48.92706],[35.80985,48.94127],[35.85579,48.94509],[35.88499,48.97519],[35.9375,48.97291],[35.94032,48.99907],[35.98957,48.96924],[35.97758,48.95971],[36.00413,48.94605],[35.99592,48.93932],[36.04363,48.91556],[36.01168,48.88789],[36.04031,48.87349],[36.01941,48.85472],[36.0748,48.83616],[36.06612,48.80887],[36.13052,48.80668],[36.15904,48.78414],[36.15887,48.76812],[36.13998,48.76589],[36.16167,48.74884],[36.14279,48.72437],[36.28423,48.65947],[36.2512,48.62073],[36.31903,48.58718],[36.2713,48.54374],[36.2963,48.53145],[36.32373,48.55562],[36.35478,48.53212],[36.42508,48.61273],[36.44542,48.61366],[36.42017,48.63505],[36.44755,48.63291],[36.4825,48.66353],[36.59111,48.60244],[36.73886,48.62616],[36.71176,48.69255],[36.73547,48.70516],[36.70858,48.76822],[36.68908,48.77608],[36.72078,48.80597],[36.79049,48.80137],[36.78839,48.78063],[36.82121,48.77134],[36.84077,48.77284],[36.85412,48.80038],[36.96892,48.79333],[37.0319,48.74908],[37.04321,48.76655],[36.99487,48.78739],[37.0238,48.81787],[37.07813,48.81761],[37.09875,48.85081],[37.19212,48.81466],[37.19369,48.8819],[37.22397,48.90826],[37.26636,48.90647],[37.26914,48.92272],[37.32804,48.92171],[37.33244,48.94119],[37.31067,48.94193],[37.32078,48.95652],[37.29478,48.97093],[37.34424,49.00354],[37.37363,48.99435],[37.37542,49.02622],[37.39188,49.02515],[37.38487,49.04831],[37.49529,49.06381],[37.50664,49.07996],[37.48654,49.09945],[37.58487,49.12613],[37.54297,49.14464],[37.56397,49.14556],[37.55446,49.16488],[37.49879,49.18163],[37.56124,49.22802],[37.61432,49.23309],[37.84349,49.20138],[37.86617,49.24636],[37.91152,49.25972],[37.89895,49.27025],[37.91335,49.2776],[37.95838,49.28521],[37.94594,49.30374],[37.88374,49.31287],[37.89611,49.40323],[37.87843,49.41342],[37.87583,49.44674],[37.84387,49.44515],[37.84679,49.52058]]]]},"properties":{"uid":22,"title_uk":"Харківська область","region_type":"oblast","parent_uid":null,"oblast_uid":22}},{"type":"Feature","geometry":{"type":"MultiPolygon","coordinates":[[[[33.58033,47.59999],[33.47367,47.58718],[33.48612,47.54398],[33.32519,47.52282],[33.34886,47.49357],[33.31365,47.48215],[33.30987,47.50162],[33.27902,47.51709],[33.28717,47.5433],[33.21547,47.53313],[33.23324,47.5774],[33.17167,47.56675],[33.09262,47.57869],[33.09466,47.52726],[33.14111,47.54322],[33.14709,47.51434],[33.12294,47.50814],[33.13773,47.41964],[33.07121,47.41185],[33.0702,47.47519],[33.047,47.4682],[33.05408,47.44364],[33.03349,47.44134],[33.03418,47.39751],[33.0392,47.37921],[33.1217,47.38942],[33.1381,47.33269],[33.1024,47.32147],[33.1052,47.27954],[33.18358,47.2381],[33.12712,47.23079],[33.14256,47.21042],[33.13024,47.20287],[33.07206,47.22337],[33.03769,47.17811],[33.00573,47.19662],[32.96061,47.18962],[32.91823,47.14429],[32.91453,47.08718],[33.02709,47.03949],[33.05197,47.0706],[33.07303,47.06303],[33.10315,47.09978],[33.08209,47.10775],[33.10492,47.13704],[33.15808,47.11686],[33.0224,46.97248],[32.95016,47.00351],[32.93356,46.98532],[32.94892,46.94532],[32.97597,46.94881],[32.97986,46.93368],[32.92206,46.92665],[32.92661,46.90974],[32.8424,46.89944],[32.83629,46.88411],[32.91613,46.88302],[32.92023,46.86595],[32.9491,46.85739],[32.81361,46.84015],[32.76936,46.81931],[32.70111,46.8207],[32.6878,46.86204],[32.58505,46.85495],[32.54485,46.88256],[32.53468,46.88151],[32.54145,46.85012],[32.52485,46.84815],[32.53121,46.82319],[32.46909,46.81608],[32.46291,46.84095],[32.3655,46.82943],[32.37295,46.79908],[32.34204,46.7955],[32.22906,46.84449],[32.25236,46.81961],[32.20972,46.80589],[32.21852,46.77121],[32.16868,46.7633],[32.17144,46.75248],[32.05707,46.74434],[32.0609,46.72824],[32.07543,46.73003],[32.08676,46.68356],[31.9403,46.65116],[31.93284,46.58255],[31.84545,46.49756],[31.80695,46.47893],[31.81012,46.36673],[31.78908,46.34727],[31.79725,46.33095],[31.64672,46.24547],[31.59804,46.25055],[31.55301,46.27786],[31.53487,46.30678],[31.53243,46.36998],[31.51178,46.34928],[31.52317,46.30197],[31.57837,46.25747],[31.64677,46.23273],[32.04677,46.1714],[32.54291,46.06612],[32.54693,46.08221],[32.60061,46.09818],[32.76712,46.12239],[32.90821,46.10501],[33.028,46.11149],[33.01471,46.12255],[33.03159,46.15623],[33.13505,46.12485],[33.18433,46.15595],[33.18689,46.19492],[33.19996,46.18833],[33.22443,46.21632],[33.20537,46.17403],[33.22776,46.15423],[33.20942,46.14402],[33.20024,46.10958],[33.21332,46.10635],[33.20747,46.12433],[33.22017,46.13268],[33.28315,46.13345],[33.31139,46.11178],[33.30497,46.09357],[33.28044,46.09709],[33.28414,46.07754],[33.31514,46.07633],[33.31239,46.10335],[33.33047,46.11534],[33.37382,46.09048],[33.36555,46.07625],[33.42376,46.03],[33.46274,46.05062],[33.51713,46.03012],[33.49232,46.05328],[33.49545,46.0739],[33.56859,46.07563],[33.51661,46.09881],[33.51193,46.12292],[33.53878,46.1185],[33.58661,46.15938],[33.61507,46.13439],[33.63671,46.14022],[33.61528,46.22639],[33.64601,46.2297],[33.71744,46.19579],[33.74275,46.20868],[33.72752,46.21081],[33.72255,46.24035],[33.76529,46.24189],[33.77417,46.25501],[33.83733,46.22299],[33.87395,46.23358],[33.95528,46.22026],[34.04208,46.11985],[34.107,46.13064],[34.20115,46.0732],[34.21009,46.10644],[34.23545,46.08954],[34.22901,46.06465],[34.27653,46.08867],[34.27367,46.13854],[34.29647,46.1383],[34.29906,46.09266],[34.31875,46.10731],[34.34295,46.16739],[34.31533,46.16731],[34.30122,46.19049],[34.31249,46.2188],[34.32887,46.21948],[34.35099,46.18718],[34.38051,46.19788],[34.44028,46.15398],[34.50386,46.13456],[34.53663,46.14874],[34.52428,46.18532],[34.54517,46.19651],[34.59383,46.16741],[34.59019,46.11448],[34.57089,46.086],[34.55289,46.08913],[34.56637,46.10374],[34.54219,46.13032],[34.50445,46.11643],[34.49395,46.08566],[34.47513,46.12581],[34.43396,46.12147],[34.39449,46.09335],[34.40453,46.06181],[34.43042,46.0437],[34.41719,46.01721],[34.44644,45.97338],[34.45596,45.96758],[34.43873,46.01199],[34.4794,46.00226],[34.47954,45.95281],[34.49783,45.98555],[34.52792,45.99769],[34.54449,45.9812],[34.60787,46.03254],[34.64353,46.09652],[34.625,46.17037],[34.69621,46.18336],[34.74486,46.11808],[34.80831,46.12815],[34.80438,46.08479],[34.78904,46.07203],[34.76027,46.08955],[34.75994,46.10583],[34.66975,46.09417],[34.7129,46.07934],[34.70776,46.04957],[34.76145,46.00738],[34.726,45.9939],[34.68044,46.01153],[34.73501,45.9717],[34.76251,45.91795],[34.80283,45.90121],[34.79804,45.83326],[34.8511,45.82245],[34.8885,45.86089],[34.93029,45.83245],[34.86352,45.9657],[34.80965,46.16104],[34.83247,46.20374],[34.89519,46.24027],[35.03452,46.26126],[35.10312,46.30174],[35.07353,46.29984],[35.05272,46.48159],[35.01586,46.48043],[34.94723,46.5125],[34.89025,46.50675],[34.89108,46.56368],[34.75735,46.55014],[34.74804,46.58413],[34.72304,46.58137],[34.71278,46.62033],[34.75611,46.6271],[34.74599,46.68313],[34.63234,46.68686],[34.62515,46.72403],[34.73498,46.74746],[34.75003,46.78089],[34.76745,46.78106],[34.75801,46.8228],[34.81706,46.8284],[34.80457,46.88255],[34.75249,46.87968],[34.73636,46.96135],[34.68638,46.95568],[34.6819,46.97913],[34.62377,46.97338],[34.61919,46.99353],[34.59965,46.99191],[34.59261,47.02539],[34.56714,47.0245],[34.55318,47.10579],[34.51927,47.10461],[34.4899,47.24683],[34.53028,47.25109],[34.51858,47.28368],[34.48794,47.27989],[34.47878,47.31455],[34.51718,47.31834],[34.51565,47.33559],[34.41395,47.32337],[34.41928,47.30064],[34.39897,47.29833],[34.40154,47.2871],[34.33001,47.29041],[34.3054,47.26911],[34.24656,47.42575],[34.21617,47.4536],[34.13948,47.47738],[33.95544,47.45739],[33.93615,47.51657],[33.64347,47.48445],[33.63584,47.51401],[33.5882,47.50213],[33.58892,47.55817],[33.609,47.5611],[33.58033,47.59999]]],[[[32.55747,46.06686],[32.87707,46.0153],[33.08164,46.01565],[32.94201,46.04686],[32.91153,46.03675],[32.86285,46.06107],[32.76524,46.03127],[32.55747,46.06686]]],[[[35.27766,46.26445],[35.22246,46.22116],[35.21318,46.18754],[35.03813,46.14768],[35.03049,46.12705],[34.9898,46.10426],[34.98264,46.0774],[35.16879,46.13839],[35.27766,46.26445]]]]},"properties":{"uid":23,"title_uk":"Херсонська область","region_type":"oblast","parent_uid":null,"oblast_uid":23}},{"type":"Feature","geometry":{"type":"MultiPolygon","coordinates":[[[[32.12556,50.22478],[32.08645,50.22143],[32.05624,50.18766],[31.99328,50.20125],[31.96538,50.15145],[31.93396,50.15836],[31.97522,50.12516],[31.91142,50.10069],[31.90411,50.05578],[31.98648,50.05241],[31.97977,50.03872],[31.89994,50.01927],[31.91861,49.99093],[31.90136,49.94381],[31.88969,49.96245],[31.81356,49.96618],[31.7702,49.92009],[31.77398,49.89361],[31.75228,49.89339],[31.71788,49.85245],[31.61448,49.85597],[31.61241,49.90651],[31.58004,49.90686],[31.55099,49.87273],[31.51983,49.86855],[31.50444,49.84141],[31.49679,49.86134],[31.44899,49.87633],[31.42493,49.9165],[31.44607,49.97259],[31.43656,49.98466],[31.38266,49.99248],[31.29216,49.97859],[31.30543,49.97242],[31.28886,49.9523],[31.31529,49.96401],[31.35013,49.95021],[31.3349,49.93828],[31.37926,49.90643],[31.29117,49.88295],[31.26083,49.85813],[31.24737,49.86766],[31.20774,49.85231],[31.2208,49.83207],[31.18979,49.79023],[31.21623,49.77689],[31.20767,49.7555],[31.22103,49.73312],[31.19623,49.70154],[31.21747,49.6946],[31.13569,49.60369],[31.1287,49.58377],[31.15261,49.58047],[31.13859,49.57129],[31.15159,49.55586],[31.10868,49.5573],[31.09492,49.49718],[31.03948,49.47342],[31.04403,49.45649],[31.02931,49.47176],[30.9945,49.42277],[30.92079,49.41553],[30.93478,49.39557],[30.90906,49.3585],[30.80045,49.35407],[30.72858,49.33173],[30.60719,49.37025],[30.51582,49.32782],[30.47327,49.36509],[30.41385,49.33047],[30.42123,49.30233],[30.39773,49.30348],[30.37571,49.23626],[30.36674,49.25504],[30.18949,49.27491],[30.20026,49.32817],[30.13684,49.33123],[30.10703,49.30289],[30.12324,49.28892],[30.11305,49.2701],[30.08863,49.286],[30.07838,49.32232],[30.02664,49.3343],[30.00716,49.31505],[29.94839,49.31192],[29.95558,49.25218],[29.87677,49.20026],[29.88222,49.18613],[29.76014,49.17978],[29.72733,49.2081],[29.75466,49.22629],[29.70379,49.22541],[29.72586,49.20293],[29.71203,49.14191],[29.7336,49.1228],[29.67818,49.11218],[29.68627,49.08871],[29.65089,49.09705],[29.6308,49.04704],[29.60594,49.05757],[29.63933,49.01176],[29.68367,49.02644],[29.69574,49.00041],[29.65201,48.95977],[29.65172,48.9368],[29.687,48.91232],[29.7355,48.90818],[29.70958,48.89744],[29.72807,48.88636],[29.7317,48.8546],[29.76164,48.84706],[29.76614,48.78626],[29.86653,48.76302],[29.88412,48.73608],[29.86774,48.7345],[29.86116,48.69975],[29.94685,48.66983],[29.94468,48.65782],[29.98978,48.63637],[29.98975,48.61353],[29.95129,48.60853],[29.94785,48.5946],[30.00584,48.57307],[30.02042,48.51921],[29.99285,48.52011],[30.00634,48.51336],[30.00087,48.49202],[29.96674,48.49143],[29.96118,48.47297],[30.04984,48.48283],[30.1114,48.45199],[30.16286,48.50378],[30.22033,48.48007],[30.25628,48.48926],[30.25487,48.50542],[30.38659,48.52705],[30.40284,48.57383],[30.45283,48.58347],[30.48617,48.56412],[30.56643,48.56738],[30.55781,48.59577],[30.57085,48.60564],[30.5294,48.62779],[30.55135,48.65365],[30.59865,48.6632],[30.61118,48.69796],[30.57603,48.72087],[30.60897,48.71913],[30.63703,48.75187],[30.75333,48.76989],[30.80395,48.75684],[30.81145,48.76922],[30.83213,48.74967],[30.88266,48.74384],[30.90174,48.76255],[30.94533,48.75892],[30.94361,48.77219],[31.03763,48.76067],[31.11353,48.72763],[31.17407,48.76248],[31.24402,48.76826],[31.26202,48.74868],[31.30971,48.75903],[31.32983,48.72586],[31.35367,48.72752],[31.35758,48.74177],[31.38259,48.72775],[31.39343,48.74821],[31.39289,48.73542],[31.41203,48.75648],[31.42429,48.74306],[31.43614,48.75386],[31.42262,48.76364],[31.5589,48.82852],[31.55937,48.86299],[31.58186,48.8749],[31.56695,48.89986],[31.58167,48.91257],[31.59479,48.90613],[31.58068,48.88774],[31.63993,48.90791],[31.68945,48.89631],[31.69853,48.93103],[31.75099,48.92608],[31.80534,48.94961],[31.91823,48.90619],[31.92108,48.88011],[31.94535,48.90607],[32.00594,48.91353],[32.02642,48.93072],[32.0489,48.91631],[32.09331,48.91887],[32.08582,48.90509],[32.09875,48.90294],[32.1458,48.91218],[32.15396,48.94465],[32.13059,48.95187],[32.13475,48.96613],[32.17815,48.97291],[32.18379,48.99645],[32.21749,48.98773],[32.23365,49.05944],[32.26197,49.05867],[32.25987,49.07823],[32.28238,49.08484],[32.36534,49.07177],[32.37068,49.03869],[32.40124,49.02648],[32.44271,49.0525],[32.47454,49.0333],[32.47572,49.00548],[32.50054,49.01444],[32.52189,48.9389],[32.5517,48.94176],[32.53887,48.96693],[32.58711,48.94998],[32.60759,48.96449],[32.65433,48.95331],[32.67972,48.9573],[32.67519,48.98757],[32.73026,48.97749],[32.73329,48.96475],[32.87375,48.99228],[32.82868,49.00921],[32.8426,49.02818],[32.81417,49.07379],[32.89052,49.09595],[32.88915,49.12116],[32.77498,49.1444],[32.75745,49.16531],[32.8561,49.24619],[32.76272,49.23299],[32.71391,49.25758],[32.60846,49.25377],[32.59668,49.27569],[32.49851,49.31049],[32.46625,49.32824],[32.47919,49.34118],[32.46067,49.34337],[32.50987,49.40784],[32.54481,49.38182],[32.67692,49.35248],[32.7382,49.35375],[32.73708,49.37213],[32.68992,49.38519],[32.67899,49.4253],[32.6509,49.43584],[32.67287,49.44801],[32.67726,49.49927],[32.70998,49.49902],[32.75017,49.52383],[32.75722,49.57569],[32.69632,49.60271],[32.71515,49.61237],[32.70853,49.65677],[32.57404,49.70254],[32.57245,49.75319],[32.55573,49.77354],[32.51428,49.77439],[32.50409,49.80446],[32.44932,49.79621],[32.37386,49.87441],[32.43457,49.88821],[32.41405,49.90345],[32.42859,49.96027],[32.37887,49.98098],[32.351,50.04734],[32.33376,50.05829],[32.31382,50.0386],[32.26153,50.08236],[32.27641,50.09685],[32.25033,50.11463],[32.30394,50.11989],[32.29859,50.14274],[32.17682,50.165],[32.1117,50.21259],[32.12556,50.22478]]]]},"properties":{"uid":24,"title_uk":"Черкаська область","region_type":"oblast","parent_uid":null,"oblast_uid":24}},{"type":"Feature","geometry":{"type":"MultiPolygon","coordinates":[[[[33.2002,52.37363],[33.16997,52.37289],[33.16949,52.34171],[33.13824,52.34696],[33.06728,52.30335],[33.0721,52.32641],[33.0607,52.32882],[32.99674,52.28799],[32.99614,52.2722],[32.96066,52.27356],[32.90153,52.24549],[32.88528,52.24881],[32.88434,52.27366],[32.83329,52.27924],[32.81695,52.25922],[32.7542,52.26694],[32.70064,52.24787],[32.60777,52.305],[32.57731,52.30102],[32.55011,52.32652],[32.50328,52.3275],[32.49031,52.3142],[32.37649,52.33759],[32.35178,52.3168],[32.36961,52.2767],[32.39314,52.27835],[32.38351,52.26313],[32.39988,52.24686],[32.34693,52.24506],[32.32378,52.22242],[32.34716,52.18322],[32.32462,52.15092],[32.36818,52.14667],[32.32028,52.13639],[32.29044,52.10302],[32.22442,52.08715],[32.19933,52.06608],[32.14728,52.06915],[32.13376,52.04394],[32.10062,52.0456],[32.09552,52.0336],[31.96469,52.05387],[31.91429,52.04332],[31.95999,52.07511],[31.86677,52.11061],[31.81933,52.09843],[31.77274,52.11158],[31.72197,52.09582],[31.66091,52.1166],[31.48326,52.1165],[31.43218,52.14331],[31.32488,52.10497],[31.29776,52.05177],[31.25361,52.04217],[31.21876,52.05491],[31.21307,52.07136],[31.16079,52.07814],[31.13975,52.10311],[30.99313,52.07779],[30.94974,52.08944],[30.95243,52.07545],[30.93205,52.07199],[30.94865,52.05482],[30.93331,52.03946],[30.93968,52.01355],[30.89505,52.00242],[30.911,51.9882],[30.88489,51.98446],[30.889,51.96875],[30.86015,51.97243],[30.80563,51.94742],[30.82519,51.92116],[30.8022,51.89886],[30.74989,51.90392],[30.70687,51.86674],[30.69145,51.82766],[30.66055,51.81695],[30.66867,51.7896],[30.61191,51.76538],[30.65092,51.76038],[30.62536,51.71374],[30.56081,51.7042],[30.57928,51.64547],[30.54856,51.64268],[30.55686,51.62359],[30.5064,51.60022],[30.55382,51.57841],[30.52702,51.57],[30.54587,51.54272],[30.5849,51.54477],[30.56748,51.51411],[30.60746,51.46647],[30.57777,51.44657],[30.59035,51.42388],[30.62136,51.42674],[30.65357,51.37737],[30.63379,51.35915],[30.65384,51.34293],[30.57449,51.30557],[30.56877,51.27003],[30.53895,51.25951],[30.55841,51.23256],[30.50573,51.22721],[30.53044,51.20059],[30.51637,51.18579],[30.53878,51.17834],[30.49041,51.16335],[30.51721,51.11099],[30.48443,51.0923],[30.51019,51.07372],[30.49344,51.04985],[30.49937,51.01905],[30.60134,51.02684],[30.60284,51.00929],[30.64097,51.00315],[30.67288,50.90619],[30.73456,50.89822],[30.77149,50.87453],[30.76647,50.81373],[30.73233,50.8125],[30.7508,50.79845],[30.73992,50.77138],[30.83688,50.76396],[30.87059,50.78605],[30.84632,50.77664],[30.8376,50.74388],[30.87553,50.74652],[30.8891,50.77353],[30.94988,50.75725],[31.06949,50.76472],[31.07559,50.78136],[31.12641,50.77484],[31.12176,50.74977],[31.19082,50.72447],[31.19087,50.70268],[31.21834,50.69691],[31.2237,50.6673],[31.19909,50.64467],[31.2278,50.61316],[31.16604,50.6075],[31.16586,50.58944],[31.24658,50.56706],[31.26188,50.53921],[31.31916,50.52811],[31.33041,50.50103],[31.36437,50.53075],[31.44481,50.50035],[31.52121,50.52188],[31.52226,50.53612],[31.55462,50.51975],[31.63006,50.52033],[31.64678,50.55274],[31.68557,50.56353],[31.78217,50.55947],[31.78205,50.60567],[31.85899,50.63204],[31.9141,50.59506],[31.95213,50.54408],[32.06345,50.54077],[32.05144,50.5235],[32.06405,50.51173],[32.04692,50.49605],[31.963,50.48513],[31.97953,50.48139],[31.97336,50.46646],[32.02351,50.45862],[32.04451,50.40165],[32.10238,50.41267],[32.07438,50.37279],[32.15467,50.37653],[32.14331,50.34825],[32.26887,50.35195],[32.25459,50.35229],[32.26399,50.3625],[32.2516,50.37382],[32.29018,50.37948],[32.33705,50.42796],[32.49322,50.3992],[32.48592,50.36918],[32.52507,50.34567],[32.67165,50.36896],[32.67075,50.35803],[32.7932,50.34605],[32.78984,50.37089],[32.91208,50.40539],[32.91206,50.42362],[32.9698,50.44891],[32.97278,50.4758],[33.01619,50.47072],[33.02286,50.50142],[33.06528,50.51983],[33.04872,50.54093],[33.12291,50.59575],[33.10271,50.60215],[33.11756,50.64763],[33.14678,50.65498],[33.15116,50.69381],[33.13583,50.71084],[33.23936,50.73214],[33.1896,50.74653],[33.15338,50.79303],[33.16904,50.79961],[33.15513,50.82793],[33.18527,50.8482],[33.16916,50.85069],[33.18107,50.86702],[33.17042,50.88795],[33.21051,50.90185],[33.19709,50.91997],[33.20024,50.96155],[33.13696,50.96144],[33.11786,51.00676],[33.07816,50.99173],[33.07953,50.9802],[33.03798,50.99401],[33.08473,51.03838],[33.06016,51.04921],[33.06915,51.06921],[32.94248,51.08967],[32.99285,51.14344],[32.96039,51.16264],[32.98637,51.18396],[32.9771,51.18836],[33.04141,51.20564],[33.02953,51.22729],[33.06908,51.25532],[33.05821,51.26609],[33.07632,51.29004],[33.04092,51.29119],[33.07656,51.31254],[33.07462,51.34067],[33.03757,51.34568],[33.04093,51.36772],[33.01657,51.39574],[33.04763,51.4102],[33.05774,51.40403],[33.03958,51.39139],[33.06076,51.36988],[33.10653,51.36538],[33.11085,51.37997],[33.09084,51.38968],[33.13307,51.38256],[33.13538,51.39948],[33.11965,51.4037],[33.13455,51.41659],[33.11309,51.42837],[33.13418,51.49197],[33.19294,51.51262],[33.15918,51.57142],[33.22231,51.58031],[33.15446,51.60748],[33.1545,51.64188],[33.12767,51.64292],[33.14006,51.67852],[33.16514,51.68034],[33.14451,51.69121],[33.17167,51.69929],[33.07811,51.77654],[33.14561,51.81478],[33.12272,51.86355],[33.1798,51.88519],[33.17067,51.90066],[33.18695,51.9121],[33.22089,51.90476],[33.25301,51.92623],[33.35508,51.93027],[33.37086,51.95354],[33.39549,51.9549],[33.33716,52.00689],[33.30422,52.01346],[33.31601,52.03168],[33.40323,52.05119],[33.43039,52.0257],[33.50062,52.03853],[33.50002,52.08927],[33.43707,52.08704],[33.44496,52.09785],[33.40971,52.11539],[33.41719,52.1231],[33.34401,52.14569],[33.32259,52.1362],[33.33693,52.16116],[33.3098,52.18475],[33.33124,52.20181],[33.31464,52.2155],[33.36644,52.23295],[33.35812,52.25833],[33.38723,52.27134],[33.37686,52.27538],[33.38678,52.29707],[33.40283,52.30212],[33.386,52.31605],[33.40013,52.31344],[33.42889,52.34526],[33.40959,52.3504],[33.41664,52.36056],[33.38039,52.37225],[33.30574,52.35103],[33.2002,52.37363]],[[30.70886,51.55308],[30.78531,51.53885],[30.78922,51.52286],[30.78225,51.51185],[30.58574,51.51588],[30.71012,51.53087],[30.70886,51.55308]]]]},"properties":{"uid":25,"title_uk":"Чернігівська область","region_type":"oblast","parent_uid":null,"oblast_uid":25}},{"type":"Feature","geometry":{"type":"MultiPolygon","coordinates":[[[[25.83857,48.63352],[25.78334,48.67569],[25.73802,48.63321],[25.71012,48.66365],[25.62809,48.67283],[25.58512,48.634],[25.60919,48.52707],[25.60018,48.41471],[25.62028,48.4088],[25.6211,48.38038],[25.4539,48.40258],[25.31596,48.36607],[25.19319,48.25495],[25.10612,48.22493],[25.13646,48.18065],[25.08804,48.18118],[25.09282,48.16203],[25.06623,48.15723],[25.06749,48.13284],[25.03852,48.12747],[25.03659,48.11171],[24.97977,48.11162],[24.99457,48.08701],[24.91171,48.02742],[24.92018,48.00929],[24.90843,47.99622],[24.92205,47.94196],[24.95719,47.9197],[24.94857,47.88999],[24.99728,47.85507],[24.94667,47.79425],[24.92233,47.72681],[25.04014,47.72522],[25.05331,47.74634],[25.11537,47.75464],[25.1293,47.77885],[25.1673,47.79188],[25.17997,47.82563],[25.22183,47.8589],[25.23003,47.89312],[25.2697,47.89238],[25.31093,47.91421],[25.62618,47.94868],[25.77471,47.93944],[25.8467,47.96833],[25.89194,47.96115],[25.91448,47.97736],[26.10101,47.97826],[26.18463,47.99477],[26.21204,48.05061],[26.26727,48.07671],[26.29786,48.13349],[26.33432,48.159],[26.33328,48.184],[26.43769,48.1936],[26.46791,48.22093],[26.52413,48.20812],[26.55026,48.22497],[26.57193,48.21956],[26.58646,48.2465],[26.6207,48.23952],[26.61425,48.25016],[26.62779,48.24639],[26.63001,48.25965],[26.61642,48.27405],[26.69593,48.32718],[26.68181,48.35532],[26.69471,48.35986],[26.73926,48.31288],[26.75886,48.32242],[26.76687,48.30231],[26.81734,48.29524],[26.83138,48.31367],[26.82418,48.34434],[26.76509,48.35361],[26.70903,48.40533],[26.72025,48.41039],[26.75361,48.3989],[26.77519,48.41836],[26.87317,48.41997],[26.90126,48.39695],[26.89455,48.3835],[26.93237,48.36289],[26.99536,48.35948],[27.00244,48.3795],[27.04731,48.37851],[27.0398,48.41084],[27.01421,48.42495],[27.0621,48.42122],[27.08452,48.43457],[27.08723,48.41297],[27.12786,48.37785],[27.19225,48.39482],[27.23577,48.37283],[27.2863,48.37148],[27.31961,48.44356],[27.37352,48.44169],[27.38494,48.40978],[27.44716,48.40886],[27.46625,48.44865],[27.53444,48.47014],[27.4788,48.50635],[27.47935,48.54692],[27.45682,48.59022],[27.37291,48.63015],[27.32362,48.59897],[27.27939,48.6257],[27.24961,48.62301],[27.23316,48.60927],[27.26638,48.58087],[27.248,48.56526],[27.16784,48.58522],[27.09941,48.55581],[27.00068,48.57052],[26.98996,48.58824],[26.9262,48.57415],[26.87928,48.54248],[26.84094,48.55788],[26.8202,48.58174],[26.82377,48.60585],[26.80061,48.60919],[26.77884,48.59454],[26.79453,48.5675],[26.77983,48.5478],[26.7616,48.54916],[26.72865,48.58727],[26.72028,48.57873],[26.74308,48.55599],[26.72708,48.53306],[26.66145,48.56002],[26.62263,48.55488],[26.62351,48.53752],[26.67522,48.53863],[26.71307,48.49514],[26.66925,48.48563],[26.61248,48.50671],[26.62583,48.46407],[26.59754,48.4511],[26.55369,48.46338],[26.4864,48.5451],[26.39147,48.53498],[26.35584,48.50768],[26.30497,48.50833],[26.27453,48.53898],[26.16141,48.53129],[26.14661,48.54625],[26.14452,48.59735],[26.11829,48.62004],[26.09598,48.59956],[26.12708,48.5544],[26.0909,48.53916],[26.04378,48.58628],[26.06588,48.60714],[26.05033,48.64816],[26.03181,48.64341],[26.021,48.61033],[25.97364,48.62052],[25.91968,48.58712],[25.84965,48.5968],[25.85656,48.61731],[25.83857,48.63352]]]]},"properties":{"uid":26,"title_uk":"Чернівецька область","region_type":"oblast","parent_uid":null,"oblast_uid":26}},{"type":"Feature","geometry":{"type":"MultiPolygon","coordinates":[[[[24.12806,50.64848],[24.09789,50.63754],[24.06985,50.50321],[23.9974,50.41223],[23.72711,50.38807],[23.69627,50.36604],[23.686,50.33149],[23.63884,50.32048],[23.58095,50.26598],[23.4704,50.21773],[23.27983,50.10058],[23.27926,50.0863],[23.21601,50.04748],[22.99571,49.8422],[22.97071,49.83848],[22.96173,49.80446],[22.9021,49.76842],[22.84726,49.7097],[22.80541,49.69333],[22.67463,49.54914],[22.64072,49.52989],[22.6514,49.50819],[22.69652,49.49507],[22.74684,49.36],[22.73943,49.24732],[22.71478,49.22645],[22.7476,49.21539],[22.70738,49.17447],[22.71866,49.16483],[22.756,49.18259],[22.7391,49.15787],[22.78918,49.15762],[22.79348,49.13773],[22.83107,49.11099],[22.89264,49.09455],[22.86446,49.06672],[22.89173,49.00784],[22.86877,49.00355],[22.89792,49.00486],[22.91914,48.96996],[22.87459,48.95784],[22.87283,48.94202],[22.89822,48.90435],[22.97047,48.87437],[22.98614,48.83634],[23.00101,48.82951],[23.02012,48.84718],[23.09852,48.86283],[23.168,48.81683],[23.20137,48.76043],[23.26797,48.76167],[23.28541,48.77583],[23.32483,48.75359],[23.35925,48.77268],[23.39682,48.73294],[23.47187,48.7183],[23.51174,48.73475],[23.54821,48.72512],[23.54462,48.74072],[23.579,48.78446],[23.55151,48.82247],[23.57588,48.8666],[23.60776,48.87813],[23.57778,48.88646],[23.56278,48.91013],[23.5858,48.95326],[23.56575,48.97463],[23.62468,49.01383],[23.62189,49.02539],[23.67285,49.03594],[23.69109,49.0963],[23.72561,49.0961],[23.75923,49.12215],[23.90595,49.09921],[23.9696,49.13774],[24.02055,49.11716],[24.08338,49.14879],[24.15504,49.128],[24.17187,49.14373],[24.21285,49.13329],[24.19808,49.13876],[24.20736,49.1483],[24.23401,49.14362],[24.37518,49.18869],[24.41633,49.16808],[24.43572,49.174],[24.44876,49.23123],[24.34831,49.23252],[24.34035,49.24207],[24.36389,49.28035],[24.33896,49.29197],[24.30538,49.2773],[24.29881,49.29205],[24.3017,49.31594],[24.35852,49.32226],[24.38052,49.308],[24.40162,49.33901],[24.39083,49.35395],[24.4369,49.38051],[24.38713,49.39515],[24.37012,49.42987],[24.4104,49.44488],[24.41785,49.4737],[24.40225,49.49572],[24.44622,49.50728],[24.43478,49.53703],[24.49528,49.55706],[24.52382,49.54019],[24.50758,49.53551],[24.51938,49.52152],[24.57333,49.53431],[24.63852,49.49765],[24.72071,49.4969],[24.72928,49.54715],[24.71797,49.57032],[24.79119,49.57268],[24.82813,49.59294],[24.83976,49.58081],[24.83362,49.59926],[24.87142,49.60924],[24.9416,49.60812],[24.92975,49.61736],[24.95177,49.61427],[24.96648,49.64075],[24.99053,49.64505],[25.02251,49.73605],[25.0676,49.71149],[25.11185,49.74148],[25.07234,49.77022],[25.08979,49.78215],[25.08326,49.82724],[25.13757,49.81491],[25.18034,49.83803],[25.28746,49.82825],[25.29911,49.85371],[25.3752,49.86801],[25.38723,49.93261],[25.42684,49.93925],[25.40388,49.94776],[25.4024,49.98586],[25.31121,50.02385],[25.19725,50.1311],[25.21496,50.17975],[25.16547,50.20922],[25.19,50.24872],[25.20646,50.24729],[25.20461,50.27952],[25.05426,50.3009],[25.05894,50.34228],[25.01683,50.34172],[24.94191,50.38945],[24.92933,50.37821],[24.93675,50.34559],[24.88559,50.34466],[24.88722,50.35859],[24.86581,50.35961],[24.77728,50.33766],[24.7138,50.3423],[24.72168,50.37338],[24.70713,50.38361],[24.65381,50.40999],[24.59665,50.41349],[24.5961,50.49783],[24.55473,50.49287],[24.55923,50.51089],[24.5315,50.55033],[24.45039,50.53924],[24.40619,50.56031],[24.39855,50.57441],[24.41347,50.58634],[24.38088,50.60915],[24.32353,50.59981],[24.31246,50.57155],[24.2311,50.58337],[24.2011,50.61403],[24.17339,50.61652],[24.15472,50.64661],[24.12806,50.64848]]]]},"properties":{"uid":27,"title_uk":"Львівська область","region_type":"oblast","parent_uid":null,"oblast_uid":27}},{"type":"Feature","geometry":{"type":"MultiPolygon","coordinates":[[[[37.87218,49.2376],[37.84349,49.20138],[37.61432,49.23309],[37.56124,49.22802],[37.49879,49.18163],[37.55446,49.16488],[37.56397,49.14556],[37.54297,49.14464],[37.58487,49.12613],[37.48654,49.09945],[37.50664,49.07996],[37.49529,49.06381],[37.38487,49.04831],[37.39188,49.02515],[37.37542,49.02622],[37.37363,48.99435],[37.34424,49.00354],[37.29478,48.97093],[37.32078,48.95652],[37.31067,48.94193],[37.33244,48.94119],[37.32804,48.92171],[37.26914,48.92272],[37.26636,48.90647],[37.22397,48.90826],[37.19369,48.8819],[37.19212,48.81466],[37.09875,48.85081],[37.07813,48.81761],[37.0238,48.81787],[36.99487,48.78739],[37.04321,48.76655],[37.03244,48.74922],[36.94751,48.79576],[36.85412,48.80038],[36.84077,48.77284],[36.82121,48.77134],[36.78839,48.78063],[36.79049,48.80137],[36.72078,48.80597],[36.68908,48.77608],[36.70858,48.76822],[36.73547,48.70516],[36.71176,48.69255],[36.7453,48.59637],[36.80573,48.59633],[36.81037,48.56896],[36.859,48.56877],[36.90148,48.54338],[36.90597,48.52291],[36.85027,48.51769],[36.8567,48.48698],[36.83012,48.48438],[36.85145,48.41738],[36.82456,48.41467],[36.83492,48.41009],[36.82032,48.40648],[36.82768,48.37115],[36.80876,48.34813],[36.81656,48.3125],[36.9123,48.30919],[36.93655,48.19428],[36.8727,48.18413],[36.89623,48.07759],[36.87645,48.05106],[36.85803,48.05223],[36.85454,48.03244],[36.8037,48.05317],[36.74377,48.0502],[36.74705,48.06426],[36.71863,48.08459],[36.65331,48.10023],[36.63603,48.09407],[36.65098,48.08824],[36.58033,48.07972],[36.58723,48.05235],[36.57377,48.04021],[36.59086,48.02008],[36.56834,48.01151],[36.58631,48.00068],[36.5853,47.95657],[36.62906,47.96168],[36.64013,47.92037],[36.54178,47.9059],[36.54937,47.87731],[36.57673,47.88031],[36.585,47.84715],[36.60669,47.84463],[36.58755,47.78547],[36.6714,47.79319],[36.71326,47.67834],[36.79136,47.68459],[36.77545,47.66435],[36.71799,47.65927],[36.72505,47.63106],[36.76571,47.63411],[36.7452,47.62173],[36.748,47.6065],[36.83016,47.62423],[36.8931,47.54497],[36.94443,47.57587],[37.00152,47.53897],[37.02098,47.55278],[37.07422,47.4936],[37.15749,47.45475],[37.17968,47.48354],[37.19607,47.47892],[37.18942,47.46894],[37.24456,47.46854],[37.19463,47.37328],[37.20351,47.35583],[37.16183,47.34138],[37.14182,47.37984],[37.10615,47.37582],[37.12201,47.34035],[37.03621,47.29999],[37.0266,47.31465],[36.92615,47.31934],[36.96237,47.2017],[36.85428,47.19941],[36.8885,47.17074],[36.94864,47.15927],[36.98342,47.12443],[37.00161,47.12762],[37.01273,47.0894],[36.98582,47.07948],[37.08109,47.04752],[37.0986,47.05935],[37.12488,47.03918],[37.08945,47.00746],[37.14119,46.98177],[37.02142,46.92792],[37.06255,46.88401],[37.2377,46.95114],[37.32098,46.91064],[37.33039,46.88827],[37.28391,46.87132],[37.30911,46.87121],[37.52014,47.07173],[37.57432,47.08573],[37.57451,47.09953],[37.58642,47.07869],[37.62927,47.09485],[37.70977,47.08026],[37.89855,47.11141],[37.98239,47.087],[37.97085,47.09451],[38.03412,47.0904],[38.06487,47.11203],[38.10796,47.0959],[38.13547,47.06083],[38.08967,47.02424],[38.22961,47.11925],[38.23439,47.23093],[38.33095,47.2637],[38.32263,47.28131],[38.33514,47.30609],[38.22092,47.30527],[38.22022,47.32584],[38.24457,47.36436],[38.28666,47.37363],[38.28656,47.39141],[38.30202,47.39331],[38.28459,47.54429],[38.30733,47.5465],[38.31096,47.57598],[38.3508,47.57619],[38.35062,47.61659],[38.45634,47.61698],[38.45663,47.64406],[38.61637,47.64452],[38.62923,47.66945],[38.66606,47.66904],[38.66303,47.69973],[38.73363,47.70028],[38.73618,47.6801],[38.77274,47.68571],[38.77135,47.7266],[38.78888,47.73664],[38.79648,47.77349],[38.78377,47.78799],[38.7891,47.81561],[38.82924,47.81472],[38.82603,47.8452],[38.84233,47.86687],[39.07443,47.8695],[39.06557,47.89556],[39.09094,47.9405],[39.03859,47.95596],[39.03994,48.00642],[38.83745,48.01319],[38.81276,48.04799],[38.82878,48.07737],[38.81781,48.06526],[38.79829,48.07385],[38.8174,48.08421],[38.80667,48.08857],[38.81938,48.11576],[38.68997,48.14569],[38.69407,48.15909],[38.60172,48.17268],[38.61374,48.20374],[38.58899,48.22677],[38.58731,48.25771],[38.55985,48.27437],[38.42787,48.2777],[38.43307,48.34059],[38.48702,48.36189],[38.44762,48.37634],[38.43314,48.44743],[38.38172,48.42929],[38.37221,48.44254],[38.34269,48.43684],[38.28863,48.4761],[38.30546,48.47518],[38.2975,48.49521],[38.3188,48.50923],[38.27391,48.54535],[38.26241,48.6424],[38.23347,48.63994],[38.23132,48.65313],[38.25805,48.66795],[38.31306,48.684],[38.30362,48.71209],[38.32508,48.71418],[38.31993,48.73341],[38.26323,48.75021],[38.2832,48.77326],[38.27891,48.80336],[38.31655,48.81394],[38.31368,48.82842],[38.22127,48.8394],[38.22385,48.93479],[38.13283,48.92373],[38.00418,48.94595],[38.02939,48.97458],[38.05365,48.96518],[38.05237,48.98573],[38.0987,48.9924],[38.05261,49.0594],[38.08149,49.14818],[38.04334,49.15057],[38.03978,49.12681],[37.9242,49.14447],[37.8927,49.16057],[37.8933,49.17502],[37.93512,49.19171],[37.88974,49.21177],[37.87218,49.2376]]]]},"properties":{"uid":28,"title_uk":"Донецька область","region_type":"oblast","parent_uid":null,"oblast_uid":28}},{"type":"Feature","geometry":{"type":"MultiPolygon","coordinates":[[[[33.70541,46.17138],[33.70064,46.19973],[33.66565,46.22125],[33.61528,46.22639],[33.63671,46.14022],[33.61587,46.1276],[33.64265,46.07971],[33.61472,46.0528],[33.63203,45.96641],[33.61814,45.94692],[33.73981,45.95233],[33.75924,45.93491],[33.67911,45.90616],[33.68304,45.84311],[33.6136,45.89028],[33.56674,45.8686],[33.54347,45.83564],[33.52667,45.84804],[33.5026,45.8403],[33.49671,45.85767],[33.42795,45.83529],[33.35164,45.78391],[33.23834,45.75089],[33.17842,45.77562],[33.17855,45.80734],[33.13959,45.71979],[33.06821,45.70487],[32.89831,45.63279],[32.8219,45.58651],[32.8451,45.57701],[32.82965,45.54767],[32.79,45.56164],[32.69686,45.51009],[32.69225,45.52281],[32.5843,45.48019],[32.47992,45.39566],[32.51371,45.37555],[32.49412,45.34678],[32.6523,45.31535],[32.7547,45.36522],[32.91104,45.36038],[32.98271,45.32963],[33.14872,45.20328],[33.25976,45.148],[33.39072,45.19795],[33.51079,45.13526],[33.56796,45.07621],[33.60387,44.99565],[33.60575,44.86526],[33.59353,44.84597],[33.5533,44.83961],[33.53411,44.79133],[33.5489,44.72172],[33.53733,44.64739],[33.60188,44.60987],[33.56994,44.61357],[33.57839,44.57291],[33.53068,44.58607],[33.52842,44.54919],[33.50325,44.57601],[33.46264,44.56996],[33.45162,44.58644],[33.44546,44.57097],[33.43702,44.59852],[33.42188,44.5939],[33.43845,44.57266],[33.41593,44.58782],[33.41165,44.56315],[33.40238,44.59077],[33.37858,44.58324],[33.48728,44.49786],[33.58449,44.49014],[33.59718,44.50332],[33.5801,44.51651],[33.62144,44.51635],[33.59518,44.49453],[33.63046,44.47901],[33.64909,44.4267],[33.708,44.42077],[33.73796,44.38743],[33.86152,44.40701],[33.97048,44.39168],[34.12628,44.42869],[34.16844,44.49551],[34.25083,44.50682],[34.30657,44.55318],[34.34707,44.54883],[34.34939,44.58297],[34.37022,44.59155],[34.41642,44.67396],[34.45981,44.71217],[34.72261,44.81028],[34.90969,44.816],[34.96507,44.84102],[35.03053,44.83023],[35.05095,44.81526],[35.04744,44.80096],[35.08227,44.79233],[35.1302,44.82377],[35.15765,44.89379],[35.23969,44.91823],[35.26335,44.96633],[35.3428,44.9665],[35.38367,44.94729],[35.35715,44.98735],[35.4253,45.01349],[35.39111,45.02467],[35.38654,45.04895],[35.43142,45.08889],[35.49711,45.11804],[35.58227,45.13051],[35.6961,45.10602],[35.77886,45.0673],[35.83839,44.99948],[35.91152,45.02024],[35.95358,45.01319],[36.0311,45.05026],[36.22533,45.02823],[36.25929,45.05199],[36.37453,45.05924],[36.45272,45.09639],[36.42047,45.13636],[36.4017,45.21205],[36.43721,45.27027],[36.42723,45.27716],[36.43213,45.25915],[36.41352,45.24304],[36.42642,45.25462],[36.40812,45.26016],[36.42889,45.25789],[36.41749,45.28453],[36.49391,45.31786],[36.47135,45.33179],[36.47897,45.35916],[36.59677,45.3463],[36.64623,45.38291],[36.6076,45.40921],[36.61351,45.4221],[36.59603,45.43777],[36.55342,45.42351],[36.47621,45.45634],[36.41396,45.44578],[36.34418,45.48351],[36.32593,45.47043],[36.28439,45.48147],[36.12557,45.46221],[36.07265,45.44203],[36.0724,45.40687],[36.0506,45.38694],[35.979,45.37053],[35.87388,45.41572],[35.84564,45.44814],[35.87221,45.46673],[35.84518,45.47305],[35.82073,45.46115],[35.81923,45.43162],[35.74879,45.39383],[35.76123,45.37336],[35.7208,45.33497],[35.5183,45.28428],[35.40754,45.3339],[35.29547,45.41897],[35.07264,45.63387],[34.92063,45.83252],[35.00566,45.68136],[35.02914,45.67364],[35.06245,45.62296],[35.41585,45.30163],[35.42893,45.30357],[35.413,45.30487],[35.42163,45.31542],[35.47674,45.29492],[35.46476,45.27888],[35.48167,45.26851],[35.46245,45.26979],[35.47061,45.25766],[35.44799,45.25752],[35.45317,45.26821],[35.38338,45.25944],[35.36484,45.24376],[35.31631,45.24916],[35.36495,45.27296],[35.20339,45.34078],[35.12497,45.33813],[35.08094,45.36383],[35.04288,45.41276],[35.06849,45.37393],[35.05998,45.36268],[34.97804,45.35911],[34.95038,45.37921],[35.00281,45.39667],[35.00475,45.43097],[35.10956,45.48694],[35.08874,45.53423],[35.07049,45.54118],[35.07825,45.55688],[35.05235,45.56868],[35.05697,45.58118],[35.0202,45.5853],[35.03738,45.61938],[35.09719,45.52936],[35.05545,45.60587],[34.9907,45.65451],[34.98115,45.68256],[34.91346,45.68082],[34.84417,45.72199],[34.87785,45.75019],[34.71975,45.70727],[34.67383,45.71914],[34.70721,45.7465],[34.73986,45.7449],[34.78362,45.79222],[34.75422,45.79724],[34.74194,45.81451],[34.76564,45.80481],[34.75104,45.82293],[34.65977,45.79723],[34.67531,45.85586],[34.73527,45.87785],[34.75873,45.86458],[34.77237,45.87437],[34.7607,45.89955],[34.65644,45.86682],[34.54682,45.79293],[34.47418,45.78201],[34.46076,45.80232],[34.51121,45.80405],[34.55416,45.8421],[34.55537,45.86176],[34.62445,45.88518],[34.63214,45.91364],[34.61648,45.89284],[34.61299,45.91944],[34.63679,45.91829],[34.64832,45.94066],[34.55655,45.98879],[34.56938,45.97918],[34.55407,45.9752],[34.56099,45.95162],[34.59078,45.9158],[34.56872,45.90887],[34.52484,45.92898],[34.53505,45.9239],[34.52109,45.89496],[34.4762,45.86143],[34.48979,45.91959],[34.47459,45.94486],[34.44041,45.94543],[34.42822,45.93427],[34.43995,45.89076],[34.42033,45.87427],[34.42989,45.90817],[34.40067,45.88421],[34.41186,45.90506],[34.37917,45.89918],[34.38233,45.92866],[34.39164,45.93928],[34.38996,45.91747],[34.41834,45.92121],[34.40751,45.9424],[34.43716,45.94815],[34.35628,46.03685],[34.32315,46.03898],[34.3465,46.03101],[34.31534,46.02715],[34.33738,46.01532],[34.321,45.98855],[34.30959,46.00598],[34.28381,46.00299],[34.28572,46.04228],[34.26997,46.0497],[34.28245,46.04285],[34.25833,46.03517],[34.27,46.01795],[34.25621,46.03277],[34.23682,46.01303],[34.2544,45.98461],[34.24083,45.99469],[34.23536,45.97619],[34.22623,46.01639],[34.24059,46.03158],[34.11144,46.06828],[34.10433,46.05042],[34.12394,46.06084],[34.12271,46.0466],[34.16481,46.01404],[34.17525,46.01586],[34.16523,46.02681],[34.18724,46.02317],[34.22046,45.94918],[34.17027,45.94723],[34.1845,45.9315],[34.15014,45.93773],[34.15266,45.95249],[34.12052,45.9534],[34.10131,45.98135],[34.14069,45.96939],[34.18633,46.00183],[34.14761,45.98949],[34.16702,46.00562],[34.15777,46.01888],[34.09146,46.04545],[34.08266,46.07404],[34.06047,46.06423],[34.05641,46.08866],[34.02114,46.10162],[33.94419,46.09376],[33.93305,46.0828],[33.95894,46.06397],[33.97155,46.07483],[33.99827,46.06232],[33.94418,46.05642],[33.96912,46.02957],[33.99137,46.02926],[33.96562,46.02873],[33.95745,46.00668],[33.96457,46.02921],[33.92739,46.04685],[33.94232,46.04706],[33.94038,46.07122],[33.91108,46.06331],[33.90139,46.02016],[33.89329,46.03679],[33.87238,46.03404],[33.90123,46.04609],[33.87703,46.08874],[33.82895,46.1054],[33.80075,46.08671],[33.82704,46.11991],[33.84662,46.11004],[33.83935,46.12017],[33.86449,46.13974],[33.84512,46.17327],[33.83243,46.17528],[33.84435,46.16145],[33.82254,46.17185],[33.83397,46.18149],[33.80366,46.17889],[33.81163,46.1481],[33.82604,46.14917],[33.79979,46.11887],[33.77296,46.12631],[33.77162,46.14403],[33.73625,46.13894],[33.72766,46.17318],[33.70541,46.17138]]],[[[36.54383,45.27783],[36.52531,45.28835],[36.57741,45.24982],[36.54383,45.27783]]],[[[34.31471,46.01747],[34.30453,46.00827],[34.3281,46.01435],[34.31471,46.01747]]],[[[33.92618,46.10099],[33.90683,46.10089],[33.9228,46.08167],[33.92618,46.10099]]]]},"properties":{"uid":29,"title_uk":"Автономна Республіка Крим","region_type":"oblast","parent_uid":null,"oblast_uid":29}},{"type":"Feature","geometry":{"type":"MultiPolygon","coordinates":[[[[33.50683,44.61574],[33.49991,44.6039],[33.47407,44.61181],[33.47166,44.59219],[33.46823,44.61181],[33.44819,44.59487],[33.43452,44.60361],[33.43335,44.58226],[33.47434,44.56792],[33.50325,44.57601],[33.52819,44.54919],[33.53068,44.58607],[33.58096,44.57461],[33.56994,44.61357],[33.53196,44.61707],[33.52793,44.59724],[33.52707,44.61879],[33.50683,44.61574]]],[[[33.59725,44.52361],[33.57889,44.50966],[33.59934,44.49587],[33.62189,44.51475],[33.59725,44.52361]]],[[[33.54101,44.64359],[33.5096,44.62452],[33.5723,44.62247],[33.55722,44.64548],[33.54101,44.64359]]]]},"properties":{"uid":30,"title_uk":"м. Севастополь","region_type":"city","parent_uid":null,"oblast_uid":null}},{"type":"Feature","geometry":{"type":"MultiPolygon","coordinates":[[[[30.44737,50.58572],[30.3074,50.57058],[30.34189,50.55693],[30.29803,50.55441],[30.30258,50.53307],[30.26347,50.5147],[30.27032,50.49812],[30.25186,50.48494],[30.23653,50.43055],[30.26931,50.42621],[30.28126,50.44732],[30.34566,50.45359],[30.36913,50.42097],[30.44217,50.38146],[30.43763,50.35693],[30.46839,50.36013],[30.47526,50.33318],[30.53363,50.31711],[30.52811,50.2903],[30.54623,50.29101],[30.5538,50.26965],[30.56378,50.27715],[30.59347,50.2133],[30.64367,50.22596],[30.64671,50.23972],[30.60976,50.27687],[30.6488,50.29258],[30.61167,50.34612],[30.64207,50.33773],[30.63628,50.36104],[30.67936,50.3713],[30.66866,50.35965],[30.69678,50.34729],[30.71319,50.35444],[30.71721,50.38251],[30.76227,50.37496],[30.77603,50.39475],[30.82654,50.40395],[30.74285,50.45841],[30.75984,50.4835],[30.73774,50.49893],[30.76192,50.50902],[30.75261,50.51856],[30.82329,50.53704],[30.81741,50.5646],[30.71811,50.59076],[30.71415,50.55552],[30.66496,50.55179],[30.65401,50.53394],[30.55634,50.53911],[30.56716,50.51563],[30.44737,50.58572]],[[30.72155,50.52193],[30.75199,50.51851],[30.72347,50.511],[30.72155,50.52193]],[[30.33732,50.49634],[30.35178,50.48458],[30.31884,50.48757],[30.33732,50.49634]]]]},"properties":{"uid":31,"title_uk":"м. Київ","region_type":"city","parent_uid":null,"oblast_uid":null}}],"count":27}