{"layer":"raion","simplify_tolerance":0.01,"features":[{"type":"Feature","geometry":{"type":"MultiPolygon","coordinates":[[[[28.64235,48.89088],[28.63268,48.89597],[28.64988,48.91672],[28.62594,48.9328],[28.59662,48.88078],[28.55172,48.89494],[28.51608,48.8733],[28.5324,48.86353],[28.52629,48.83923],[28.48757,48.84223],[28.44348,48.86839],[28.43933,48.85475],[28.3955,48.86712],[28.33468,48.82235],[28.39217,48.78477],[28.36944,48.77199],[28.37759,48.76473],[28.46107,48.73074],[28.45134,48.69818],[28.47172,48.68088],[28.39356,48.64409],[28.40507,48.63059],[28.3907,48.61656],[28.38267,48.62737],[28.35144,48.61425],[28.30001,48.573],[28.29649,48.55653],[28.35018,48.52042],[28.31987,48.50716],[28.31756,48.48926],[28.3472,48.48602],[28.33779,48.47287],[28.37119,48.4517],[28.3937,48.40996],[28.46523,48.4231],[28.44965,48.37566],[28.47743,48.36168],[28.46844,48.34276],[28.50333,48.33012],[28.51167,48.28207],[28.50065,48.26623],[28.53949,48.26093],[28.57224,48.23609],[28.5628,48.22241],[28.59191,48.21238],[28.5601,48.18964],[28.57933,48.16661],[28.68225,48.1467],[28.68779,48.12455],[28.83352,48.12866],[28.85781,48.10311],[28.847,48.07887],[28.86808,48.06934],[28.87301,48.08261],[28.92718,48.09436],[28.94516,48.15669],[29.00448,48.15038],[29.03224,48.12563],[29.07454,48.23668],[29.11085,48.27367],[29.07757,48.3005],[29.09626,48.33136],[29.05461,48.32981],[29.03311,48.35493],[29.04429,48.41588],[29.07702,48.41351],[29.09628,48.42658],[29.09448,48.44867],[28.98397,48.45489],[28.99346,48.48739],[28.96013,48.50485],[28.96433,48.51947],[28.93123,48.50567],[28.91653,48.52387],[28.88033,48.52192],[28.87687,48.53571],[28.92466,48.55947],[29.07349,48.56631],[29.05319,48.58058],[29.07305,48.58963],[29.15396,48.57474],[29.14179,48.60692],[29.16486,48.61366],[29.17393,48.67167],[29.14171,48.6731],[29.12426,48.69564],[29.08749,48.68573],[29.0669,48.71741],[29.07783,48.72707],[29.12219,48.70819],[29.14206,48.7202],[29.07793,48.75283],[29.11747,48.77836],[29.10341,48.81413],[29.14233,48.81859],[29.0957,48.83588],[29.01121,48.82848],[29.01147,48.85452],[28.96009,48.85507],[28.96994,48.90318],[28.93435,48.91397],[28.90442,48.9069],[28.91817,48.86738],[28.89321,48.85305],[28.90245,48.83307],[28.8711,48.84962],[28.82779,48.84609],[28.8279,48.87442],[28.81147,48.8723],[28.79931,48.90261],[28.72795,48.85824],[28.70915,48.87454],[28.66737,48.8706],[28.64235,48.89088]]]]},"properties":{"uid":32,"title_uk":"Тульчинський район","region_type":"raion","parent_uid":4,"oblast_uid":4}},{"type":"Feature","geometry":{"type":"MultiPolygon","coordinates":[[[[27.52042,48.90353],[27.48703,48.92269],[27.46259,48.91178],[27.46271,48.89609],[27.40544,48.88866],[27.41106,48.81128],[27.42762,48.79719],[27.40896,48.76763],[27.38946,48.76441],[27.41436,48.73999],[27.3999,48.72674],[27.41504,48.70098],[27.38997,48.68083],[27.37291,48.63015],[27.45682,48.59022],[27.49736,48.48333],[27.53294,48.46948],[27.5978,48.49104],[27.59042,48.46096],[27.64523,48.44103],[27.76308,48.45604],[27.87155,48.4051],[27.88258,48.37206],[27.95331,48.32875],[28.07227,48.31848],[28.09381,48.29406],[28.08757,48.23477],[28.13027,48.24155],[28.14599,48.26282],[28.17599,48.25771],[28.18651,48.21548],[28.20732,48.20481],[28.35214,48.24668],[28.36856,48.20565],[28.30726,48.16104],[28.30463,48.14074],[28.3498,48.13557],[28.38387,48.17542],[28.42558,48.17362],[28.43992,48.14302],[28.42056,48.12291],[28.43758,48.0965],[28.50024,48.06684],[28.49885,48.12715],[28.521,48.1381],[28.50287,48.15111],[28.56628,48.1747],[28.56054,48.19043],[28.59191,48.21238],[28.5628,48.22241],[28.57224,48.23609],[28.53949,48.26093],[28.50065,48.26623],[28.51167,48.28207],[28.50333,48.33012],[28.46844,48.34276],[28.47743,48.36168],[28.44965,48.37566],[28.46523,48.4231],[28.3937,48.40996],[28.37119,48.4517],[28.33779,48.47287],[28.3472,48.48602],[28.31756,48.48926],[28.31987,48.50716],[28.35018,48.52042],[28.29649,48.55653],[28.30001,48.573],[28.24388,48.60425],[28.09821,48.62338],[28.08401,48.64943],[27.97483,48.64136],[27.95878,48.67822],[27.90299,48.68412],[27.91483,48.71334],[27.88872,48.7199],[27.87588,48.76147],[27.89689,48.78482],[27.81503,48.81279],[27.8089,48.83654],[27.78753,48.83905],[27.74958,48.79963],[27.7005,48.80238],[27.611,48.84309],[27.54233,48.90585],[27.52042,48.90353]]]]},"properties":{"uid":33,"title_uk":"Могилів-Подільський район","region_type":"raion","parent_uid":4,"oblast_uid":4}},{"type":"Feature","geometry":{"type":"MultiPolygon","coordinates":[[[[28.87952,49.88847],[28.85722,49.88851],[28.84409,49.86],[28.75071,49.84449],[28.75896,49.81833],[28.73405,49.79838],[28.63654,49.81719],[28.60217,49.81003],[28.60104,49.782],[28.56973,49.77389],[28.52842,49.8204],[28.48195,49.80706],[28.46967,49.82258],[28.4219,49.8248],[28.40691,49.79186],[28.37955,49.78055],[28.26271,49.79938],[28.25092,49.81479],[28.22565,49.78493],[28.04446,49.77048],[27.98086,49.78016],[27.83589,49.75551],[27.81724,49.74294],[27.83702,49.72981],[27.81157,49.70198],[27.76251,49.69719],[27.766,49.66644],[27.81148,49.6446],[27.81218,49.61866],[27.7589,49.57838],[27.79331,49.55315],[27.79412,49.53087],[27.77524,49.52031],[27.74271,49.53147],[27.73469,49.49626],[27.79116,49.48791],[27.74512,49.45052],[27.80724,49.43952],[27.82735,49.42155],[27.84616,49.43108],[27.86192,49.41498],[27.93088,49.43034],[27.99708,49.4084],[27.99401,49.43756],[27.96116,49.45112],[27.96969,49.46749],[28.02942,49.4489],[28.04957,49.45207],[28.05448,49.46963],[28.1296,49.46429],[28.20424,49.43514],[28.25292,49.44328],[28.29746,49.42244],[28.29826,49.3988],[28.36808,49.37889],[28.39092,49.34789],[28.45471,49.37118],[28.44858,49.38056],[28.47441,49.40088],[28.49506,49.39249],[28.48941,49.38171],[28.51927,49.37756],[28.52066,49.35504],[28.5447,49.35507],[28.53648,49.37279],[28.58631,49.34378],[28.60974,49.35495],[28.6602,49.34106],[28.68025,49.35959],[28.62059,49.40263],[28.64696,49.42694],[28.76723,49.43286],[28.78057,49.42034],[28.79144,49.43678],[28.8855,49.44045],[28.86505,49.45466],[28.87232,49.46298],[28.89064,49.44494],[28.96468,49.44776],[28.96642,49.46456],[29.00219,49.47215],[28.96938,49.50541],[29.00555,49.52836],[28.97682,49.55226],[28.98511,49.60359],[29.01007,49.63253],[28.94568,49.67923],[29.00513,49.72929],[28.94278,49.78315],[28.97013,49.80363],[28.94457,49.81975],[28.95362,49.83988],[28.87952,49.88847]]]]},"properties":{"uid":34,"title_uk":"Хмільницький район","region_type":"raion","parent_uid":4,"oblast_uid":4}},{"type":"Feature","geometry":{"type":"MultiPolygon","coordinates":[[[[27.9876,49.26141],[27.89042,49.21643],[27.89866,49.186],[27.88253,49.17793],[27.85328,49.17065],[27.815,49.18947],[27.79606,49.17672],[27.77601,49.1899],[27.78082,49.17471],[27.74126,49.13771],[27.68697,49.14166],[27.63981,49.16699],[27.60116,49.16109],[27.59757,49.13509],[27.57754,49.12171],[27.53374,49.14138],[27.53495,49.12159],[27.50601,49.13079],[27.49259,49.12128],[27.50542,49.11033],[27.47924,49.08877],[27.50393,49.06677],[27.43659,49.06924],[27.38328,49.00774],[27.41783,48.97158],[27.41743,48.95417],[27.39164,48.93804],[27.39353,48.90048],[27.40544,48.88866],[27.46271,48.89609],[27.46259,48.91178],[27.48703,48.92269],[27.53087,48.91022],[27.58058,48.88389],[27.611,48.84309],[27.7005,48.80238],[27.74958,48.79963],[27.78753,48.83905],[27.8089,48.83654],[27.81503,48.81279],[27.89689,48.78482],[27.87588,48.76147],[27.88872,48.7199],[27.91483,48.71334],[27.90299,48.68412],[27.95878,48.67822],[27.97483,48.64136],[28.08401,48.64943],[28.09821,48.62338],[28.24388,48.60425],[28.30001,48.573],[28.35144,48.61425],[28.38267,48.62737],[28.3907,48.61656],[28.40507,48.63059],[28.39356,48.64409],[28.47172,48.68088],[28.45134,48.69818],[28.46107,48.73074],[28.36944,48.77199],[28.39217,48.78477],[28.29115,48.85987],[28.28312,48.87037],[28.30832,48.88571],[28.25199,48.92456],[28.27265,48.92763],[28.28311,48.98384],[28.29585,48.98615],[28.27623,49.00044],[28.22801,48.98591],[28.22189,49.00859],[28.23429,49.01372],[28.20607,49.02712],[28.21584,49.03815],[28.18876,49.0588],[28.18956,49.08027],[28.25114,49.0894],[28.19746,49.123],[28.20419,49.13621],[28.22985,49.12247],[28.23997,49.15185],[28.19869,49.16042],[28.17305,49.14612],[28.15541,49.16248],[28.17672,49.17253],[28.09454,49.19423],[28.11181,49.23793],[27.9876,49.26141]]]]},"properties":{"uid":35,"title_uk":"Жмеринський район","region_type":"raion","parent_uid":4,"oblast_uid":4}},{"type":"Feature","geometry":{"type":"MultiPolygon","coordinates":[[[[29.46323,49.65413],[29.40974,49.65921],[29.38002,49.61969],[29.2756,49.62708],[29.27561,49.59],[29.24149,49.60353],[29.21289,49.5877],[29.11652,49.58354],[28.98577,49.60266],[28.97682,49.55226],[29.00555,49.52836],[28.96938,49.50541],[29.00219,49.47215],[28.96642,49.46456],[28.96468,49.44776],[28.89064,49.44494],[28.87232,49.46298],[28.86505,49.45466],[28.8855,49.44045],[28.79144,49.43678],[28.78057,49.42034],[28.76723,49.43286],[28.64696,49.42694],[28.62059,49.40263],[28.68025,49.35959],[28.66358,49.34135],[28.60974,49.35495],[28.58631,49.34378],[28.53648,49.37279],[28.5447,49.35507],[28.52066,49.35504],[28.51927,49.37756],[28.48941,49.38171],[28.49506,49.39249],[28.47441,49.40088],[28.44858,49.38056],[28.45471,49.37118],[28.39092,49.34789],[28.36808,49.37889],[28.29826,49.3988],[28.29746,49.42244],[28.25292,49.44328],[28.20424,49.43514],[28.14909,49.44641],[28.13973,49.46269],[28.05448,49.46963],[28.04957,49.45207],[28.02942,49.4489],[27.96969,49.46749],[27.96116,49.45112],[27.99401,49.43756],[27.99708,49.4084],[27.93088,49.43034],[27.88203,49.41252],[27.84998,49.42099],[27.83354,49.39132],[27.81193,49.38825],[27.82904,49.36776],[27.81188,49.3658],[27.85809,49.3288],[27.86216,49.27937],[27.84918,49.26382],[27.87233,49.24951],[27.85712,49.23823],[27.86636,49.21306],[27.97387,49.26048],[28.07965,49.25113],[28.11916,49.23181],[28.10535,49.23082],[28.09645,49.19278],[28.17672,49.17253],[28.15541,49.16248],[28.17305,49.14612],[28.19869,49.16042],[28.23997,49.15185],[28.22985,49.12247],[28.20419,49.13621],[28.19746,49.123],[28.25114,49.0894],[28.18956,49.08027],[28.18876,49.0588],[28.21584,49.03815],[28.20607,49.02712],[28.23429,49.01372],[28.22189,49.00859],[28.22801,48.98591],[28.27623,49.00044],[28.29585,48.98615],[28.28311,48.98384],[28.27265,48.92763],[28.25199,48.92456],[28.30832,48.88571],[28.28312,48.87037],[28.34345,48.8242],[28.3955,48.86712],[28.43933,48.85475],[28.44348,48.86839],[28.48757,48.84223],[28.52629,48.83923],[28.5324,48.86353],[28.51608,48.8733],[28.55172,48.89494],[28.59662,48.88078],[28.62594,48.9328],[28.64988,48.91672],[28.63275,48.89475],[28.66737,48.8706],[28.70915,48.87454],[28.72795,48.85824],[28.79931,48.90261],[28.81147,48.8723],[28.8279,48.87442],[28.82779,48.84609],[28.8711,48.84962],[28.90245,48.83307],[28.89321,48.85305],[28.91817,48.86738],[28.90442,48.9069],[28.99493,48.90513],[28.97951,48.91913],[29.00305,48.92529],[28.98167,48.93504],[29.03609,48.95288],[29.06165,49.00146],[29.10999,48.99552],[29.17373,48.9566],[29.22065,48.98405],[29.25204,48.97686],[29.31124,49.01495],[29.35076,49.01703],[29.34426,49.03955],[29.37869,49.05497],[29.39754,49.04282],[29.41533,49.06087],[29.40647,49.0849],[29.46351,49.11319],[29.46394,49.12839],[29.49619,49.10589],[29.52036,49.11412],[29.5495,49.07053],[29.54367,49.04819],[29.59575,49.04636],[29.63947,49.05383],[29.65089,49.09705],[29.68627,49.08871],[29.67895,49.11265],[29.7336,49.1228],[29.71203,49.14191],[29.72586,49.20293],[29.70379,49.22541],[29.73674,49.22861],[29.71624,49.23587],[29.71054,49.26315],[29.68988,49.2374],[29.63926,49.24716],[29.61305,49.26544],[29.62185,49.27412],[29.60772,49.29966],[29.61913,49.30583],[29.53535,49.32382],[29.50266,49.36986],[29.50527,49.39584],[29.54162,49.40143],[29.59486,49.44326],[29.54346,49.48367],[29.5844,49.49467],[29.58485,49.50656],[29.53909,49.52099],[29.53074,49.56207],[29.49632,49.60003],[29.53527,49.63669],[29.46323,49.65413]]]]},"properties":{"uid":36,"title_uk":"Вінницький район","region_type":"raion","parent_uid":4,"oblast_uid":4}},{"type":"Feature","geometry":{"type":"MultiPolygon","coordinates":[[[[29.4811,49.11505],[29.48672,49.12447],[29.46394,49.12839],[29.46351,49.11319],[29.40647,49.0849],[29.41533,49.06087],[29.4018,49.04579],[29.37869,49.05497],[29.34788,49.04169],[29.3564,49.01999],[29.31124,49.01495],[29.2821,48.98727],[29.22065,48.98405],[29.17373,48.9566],[29.10999,48.99552],[29.06165,49.00146],[29.03609,48.95288],[28.98167,48.93504],[29.00242,48.91828],[28.97951,48.91913],[28.99493,48.90513],[28.96817,48.90119],[28.96009,48.85507],[29.01147,48.85452],[29.01121,48.82848],[29.0957,48.83588],[29.14233,48.81859],[29.10341,48.81413],[29.11747,48.77836],[29.07793,48.75283],[29.14206,48.7202],[29.12219,48.70819],[29.07783,48.72707],[29.0669,48.71741],[29.08749,48.68573],[29.12426,48.69564],[29.14171,48.6731],[29.17393,48.67167],[29.16486,48.61366],[29.14179,48.60692],[29.15396,48.57474],[29.07305,48.58963],[29.05319,48.58058],[29.07349,48.56631],[28.92466,48.55947],[28.87687,48.53571],[28.88033,48.52192],[28.91653,48.52387],[28.93123,48.50567],[28.96433,48.51947],[28.96013,48.50485],[28.99346,48.48739],[28.98397,48.45489],[29.09448,48.44867],[29.09628,48.42658],[29.04451,48.41621],[29.03801,48.39998],[29.03311,48.35493],[29.05461,48.32981],[29.09626,48.33136],[29.07757,48.3005],[29.11085,48.27367],[29.07454,48.23668],[29.06162,48.19615],[29.15824,48.14859],[29.1415,48.14066],[29.20927,48.13421],[29.25124,48.14971],[29.26141,48.13037],[29.20322,48.11844],[29.2278,48.10327],[29.25783,48.11217],[29.27667,48.09082],[29.37186,48.09055],[29.3945,48.11374],[29.46693,48.123],[29.49484,48.10263],[29.57006,48.09873],[29.58754,48.10198],[29.6025,48.13291],[29.66364,48.10752],[29.67589,48.16214],[29.65494,48.19502],[29.77961,48.20539],[29.77268,48.27222],[29.74939,48.28945],[29.81316,48.34759],[29.787,48.36993],[29.87174,48.41666],[29.86409,48.42572],[29.95131,48.4501],[29.96674,48.49143],[30.00087,48.49202],[30.00634,48.51336],[29.98901,48.51669],[30.02042,48.51921],[30.00584,48.57307],[29.94785,48.5946],[29.95129,48.60853],[29.98975,48.61353],[29.98978,48.63637],[29.94468,48.65782],[29.94685,48.66983],[29.86116,48.69975],[29.86774,48.7345],[29.88412,48.73608],[29.86653,48.76302],[29.76614,48.78626],[29.76164,48.84706],[29.7317,48.8546],[29.72807,48.88636],[29.70958,48.89744],[29.7355,48.90818],[29.687,48.91232],[29.65172,48.9368],[29.65201,48.95977],[29.69574,49.00041],[29.68367,49.02644],[29.63933,49.01176],[29.60602,49.05666],[29.54367,49.04819],[29.5495,49.07053],[29.52036,49.11412],[29.4811,49.11505]]]]},"properties":{"uid":37,"title_uk":"Гайсинський район","region_type":"raion","parent_uid":4,"oblast_uid":4}},{"type":"Feature","geometry":{"type":"MultiPolygon","coordinates":[[[[24.25733,51.09498],[24.16537,51.07557],[24.15587,51.05252],[24.12519,51.05173],[24.09978,51.00946],[23.98129,51.02116],[23.95532,51.04323],[23.91587,51.02885],[23.93571,51.0146],[23.91499,51.00681],[23.95716,50.99008],[23.96987,50.9509],[23.99766,50.92803],[24.05238,50.8913],[24.1457,50.8692],[24.10035,50.8359],[23.98944,50.83741],[23.95724,50.79468],[23.97784,50.76856],[24.02379,50.76627],[24.01106,50.75434],[24.02389,50.75084],[24.01651,50.72292],[24.07201,50.72036],[24.06224,50.67778],[24.09105,50.66363],[24.08821,50.63527],[24.15472,50.64661],[24.21154,50.59192],[24.31246,50.57155],[24.32353,50.59981],[24.38088,50.60915],[24.41347,50.58634],[24.39855,50.57441],[24.40619,50.56031],[24.43492,50.54555],[24.51462,50.55585],[24.56115,50.53285],[24.57554,50.55455],[24.55468,50.56362],[24.61603,50.56089],[24.64481,50.59172],[24.73301,50.59133],[24.75079,50.569],[24.83117,50.57722],[24.82641,50.59928],[24.87751,50.63428],[24.85811,50.6359],[24.88191,50.67353],[24.86361,50.68759],[24.86901,50.70869],[24.93594,50.70443],[24.94216,50.75601],[24.90472,50.80435],[24.90382,50.83483],[24.82872,50.85784],[24.82786,50.88586],[24.74095,50.89992],[24.71309,50.87011],[24.66931,50.86188],[24.55852,50.91079],[24.42593,50.94136],[24.43889,50.95799],[24.35169,50.97638],[24.37734,50.98609],[24.36967,51.04574],[24.31206,51.03872],[24.31535,51.05069],[24.28483,51.05288],[24.29339,51.08875],[24.25733,51.09498]]]]},"properties":{"uid":38,"title_uk":"Володимирський район","region_type":"raion","parent_uid":8,"oblast_uid":8}},{"type":"Feature","geometry":{"type":"MultiPolygon","coordinates":[[[[26.04341,51.19537],[25.99572,51.22782],[25.94878,51.23216],[25.78161,51.19029],[25.78029,51.14032],[25.65823,51.15903],[25.50505,51.14735],[25.45716,51.15793],[25.429,51.13162],[25.35625,51.11384],[25.33297,51.11148],[25.32021,51.12704],[25.25549,51.12114],[25.24917,51.07966],[25.19048,51.03874],[25.17611,51.04784],[25.12159,51.02858],[24.82794,51.00033],[24.83917,50.96782],[24.86594,50.96759],[24.89135,50.93167],[24.82756,50.94095],[24.82872,50.85784],[24.90382,50.83483],[24.90472,50.80435],[24.94216,50.75601],[24.93594,50.70443],[24.86901,50.70869],[24.86361,50.68759],[24.88191,50.67353],[24.85811,50.6359],[24.87751,50.63428],[24.82641,50.59928],[24.83117,50.57722],[24.75079,50.569],[24.73301,50.59133],[24.64481,50.59172],[24.61603,50.56089],[24.55468,50.56362],[24.57554,50.55455],[24.56393,50.53327],[24.5403,50.54068],[24.55473,50.49287],[24.59583,50.49818],[24.59665,50.41349],[24.65381,50.40999],[24.70713,50.38361],[24.72168,50.37338],[24.7138,50.3423],[24.77728,50.33766],[24.86581,50.35961],[24.88722,50.35859],[24.88559,50.34466],[24.93675,50.34559],[24.92933,50.37821],[24.94191,50.38945],[25.01683,50.34172],[25.05894,50.34228],[25.05412,50.30096],[25.11261,50.28724],[25.10132,50.29506],[25.10905,50.31221],[25.16632,50.33111],[25.1459,50.34425],[25.14174,50.36915],[25.16898,50.37971],[25.17929,50.36219],[25.19865,50.36311],[25.20983,50.3812],[25.16936,50.39586],[25.15854,50.42894],[25.13913,50.42824],[25.15175,50.44681],[25.13831,50.46112],[25.08409,50.47542],[25.15062,50.46835],[25.16301,50.50063],[25.1222,50.52883],[25.12368,50.55349],[25.30049,50.53808],[25.32142,50.56873],[25.31877,50.58361],[25.30017,50.57965],[25.29195,50.63052],[25.32786,50.61213],[25.40576,50.6115],[25.35121,50.64149],[25.38484,50.65491],[25.37565,50.68233],[25.38586,50.68903],[25.40466,50.66899],[25.45702,50.66252],[25.46956,50.68005],[25.60167,50.69624],[25.59918,50.71574],[25.69396,50.72474],[25.69551,50.70318],[25.7221,50.68351],[25.7088,50.67146],[25.79521,50.66952],[25.82934,50.61981],[25.84452,50.63092],[25.82353,50.64674],[25.8787,50.70853],[25.87185,50.73863],[25.90246,50.83155],[26.02196,50.82084],[26.0395,50.84174],[25.99168,50.86584],[26.0007,50.93539],[25.96702,50.95696],[26.0847,50.9732],[26.08559,51.00263],[26.10731,51.00507],[26.09117,51.05061],[26.01694,51.08329],[25.94159,51.08399],[25.94161,51.11937],[26.06719,51.14795],[26.06773,51.17688],[26.04341,51.19537]]]]},"properties":{"uid":39,"title_uk":"Луцький район","region_type":"raion","parent_uid":8,"oblast_uid":8}},{"type":"Feature","geometry":{"type":"MultiPolygon","coordinates":[[[[24.60808,51.90133],[24.38882,51.88219],[24.33977,51.86416],[24.29465,51.80403],[24.31902,51.75075],[24.2701,51.71689],[24.12062,51.66675],[24.07508,51.61879],[23.99632,51.58007],[23.94328,51.59678],[23.88122,51.59191],[23.88022,51.6083],[23.91255,51.63146],[23.78832,51.64013],[23.78272,51.66749],[23.67821,51.6531],[23.60407,51.62146],[23.66136,51.58331],[23.63621,51.5495],[23.67671,51.50643],[23.61644,51.50314],[23.67,51.4828],[23.67644,51.47088],[23.64679,51.4593],[23.64936,51.44624],[23.68548,51.44525],[23.67689,51.4301],[23.7029,51.41983],[23.69277,51.41413],[23.7026,51.40356],[23.67672,51.39367],[23.68638,51.3684],[23.66575,51.36736],[23.63555,51.32825],[23.64824,51.28734],[23.69522,51.29153],[23.72678,51.26147],[23.73908,51.21203],[23.86914,51.15062],[23.86964,51.12975],[23.84928,51.1239],[23.85658,51.1],[23.87565,51.07706],[23.90859,51.07773],[23.921,51.03672],[23.95532,51.04323],[23.98129,51.02116],[24.09978,51.00946],[24.12519,51.05173],[24.15587,51.05252],[24.16537,51.07557],[24.26659,51.09566],[24.29339,51.08875],[24.28483,51.05288],[24.31535,51.05069],[24.31206,51.03872],[24.36967,51.04574],[24.37734,50.98609],[24.35169,50.97638],[24.43826,50.95832],[24.42483,50.94198],[24.55852,50.91079],[24.66931,50.86188],[24.71309,50.87011],[24.74095,50.89992],[24.81845,50.88601],[24.82756,50.94095],[24.88891,50.92871],[24.8889,50.94884],[24.83917,50.96782],[24.82794,51.00033],[25.12159,51.02858],[25.17611,51.04784],[25.19048,51.03874],[25.24917,51.07966],[25.25549,51.12114],[25.32021,51.12704],[25.33297,51.11148],[25.4108,51.12885],[25.36373,51.15241],[25.37719,51.15793],[25.33107,51.16598],[25.33564,51.17888],[25.30614,51.18418],[25.31018,51.19799],[25.26653,51.21024],[25.33755,51.21727],[25.32693,51.25014],[25.27973,51.24625],[25.25874,51.28553],[25.20148,51.28445],[25.17136,51.33277],[25.19384,51.37975],[24.92855,51.35269],[24.9568,51.37482],[24.89874,51.37859],[24.88064,51.40336],[24.83462,51.41182],[24.82696,51.43281],[24.75511,51.45131],[24.76518,51.46084],[24.75223,51.48693],[24.78439,51.53215],[24.7679,51.60816],[24.64005,51.60841],[24.67659,51.61549],[24.68898,51.63944],[24.66743,51.64088],[24.7,51.66637],[24.6861,51.70053],[24.69888,51.70871],[24.67243,51.72378],[24.70122,51.72668],[24.71194,51.70842],[24.73158,51.74675],[24.72274,51.75674],[24.8159,51.77494],[24.84497,51.82599],[24.88982,51.81083],[24.94693,51.84233],[24.93228,51.84628],[24.93704,51.86893],[24.90873,51.87281],[24.93528,51.88089],[24.91891,51.91134],[24.843,51.89613],[24.83495,51.91268],[24.81049,51.91197],[24.7496,51.88114],[24.71498,51.8964],[24.60808,51.90133]]]]},"properties":{"uid":40,"title_uk":"Ковельський район","region_type":"raion","parent_uid":8,"oblast_uid":8}},{"type":"Feature","geometry":{"type":"MultiPolygon","coordinates":[[[[25.22584,51.96091],[25.19163,51.96918],[25.09975,51.95346],[24.96616,51.89796],[24.93167,51.89695],[24.93528,51.88089],[24.90873,51.87281],[24.93704,51.86893],[24.93228,51.84628],[24.94693,51.84233],[24.88982,51.81083],[24.84497,51.82599],[24.8159,51.77494],[24.72274,51.75674],[24.73158,51.74675],[24.71194,51.70842],[24.70122,51.72668],[24.67243,51.72378],[24.69888,51.70871],[24.6861,51.70053],[24.7,51.66637],[24.66743,51.64088],[24.68898,51.63944],[24.67659,51.61549],[24.64005,51.60841],[24.7679,51.60816],[24.78439,51.53215],[24.75223,51.48693],[24.76518,51.46084],[24.75511,51.45131],[24.82696,51.43281],[24.83462,51.41182],[24.88064,51.40336],[24.89874,51.37859],[24.9568,51.37482],[24.92855,51.35269],[25.19384,51.37975],[25.17136,51.33277],[25.20148,51.28445],[25.25874,51.28553],[25.27973,51.24625],[25.32693,51.25014],[25.33755,51.21727],[25.26653,51.21024],[25.31018,51.19799],[25.30614,51.18418],[25.33564,51.17888],[25.33107,51.16598],[25.37719,51.15793],[25.36373,51.15241],[25.41174,51.12857],[25.45716,51.15793],[25.50505,51.14735],[25.65823,51.15903],[25.78029,51.14032],[25.78161,51.19029],[25.94862,51.23117],[25.93818,51.27785],[25.82986,51.33361],[25.82116,51.34572],[25.83546,51.36257],[25.8244,51.36584],[25.84383,51.37575],[25.83111,51.38715],[25.78116,51.37428],[25.75529,51.38118],[25.75983,51.40038],[25.72486,51.40014],[25.72479,51.38043],[25.69522,51.37568],[25.70387,51.38382],[25.68757,51.40538],[25.64669,51.41672],[25.64147,51.47868],[25.61811,51.47722],[25.62391,51.49514],[25.60216,51.49314],[25.61022,51.50698],[25.55549,51.50061],[25.55011,51.51931],[25.59543,51.52463],[25.5654,51.53968],[25.59876,51.58083],[25.55525,51.62434],[25.53201,51.61394],[25.53006,51.63103],[25.57757,51.62471],[25.64094,51.68137],[25.68267,51.7559],[25.67033,51.77206],[25.64972,51.76677],[25.65939,51.78359],[25.63155,51.80404],[25.65024,51.81917],[25.64012,51.84884],[25.7086,51.89453],[25.62828,51.90335],[25.52715,51.94023],[25.50986,51.92116],[25.40996,51.9217],[25.34012,51.93322],[25.26422,51.96805],[25.22584,51.96091]]]]},"properties":{"uid":41,"title_uk":"Камінь-Каширський район","region_type":"raion","parent_uid":8,"oblast_uid":8}},{"type":"Feature","geometry":{"type":"MultiPolygon","coordinates":[[[[33.93384,48.87929],[33.89376,48.90201],[33.84772,48.80258],[33.8508,48.77082],[33.81898,48.77608],[33.81128,48.80285],[33.72527,48.78667],[33.71424,48.81353],[33.675,48.81517],[33.65673,48.79265],[33.61781,48.78761],[33.58301,48.79678],[33.58523,48.75439],[33.60755,48.75137],[33.61885,48.72758],[33.68148,48.72319],[33.75036,48.68074],[33.80533,48.68682],[33.80213,48.66287],[33.7561,48.65721],[33.76324,48.62663],[33.74395,48.61528],[33.66046,48.58567],[33.65003,48.59987],[33.60925,48.59943],[33.6222,48.56594],[33.50963,48.56811],[33.4724,48.54503],[33.49719,48.39368],[33.47141,48.38509],[33.46015,48.35556],[33.47871,48.3493],[33.47297,48.32609],[33.51723,48.32832],[33.51367,48.27729],[33.52972,48.27579],[33.54616,48.23534],[33.5776,48.25221],[33.57031,48.31513],[33.61444,48.31716],[33.62444,48.29074],[33.60874,48.24287],[33.66961,48.26054],[33.68426,48.24946],[33.74118,48.25798],[33.7418,48.28177],[33.77196,48.28578],[33.77958,48.25702],[33.87564,48.25733],[33.88668,48.2187],[33.92363,48.22298],[33.92922,48.20119],[33.9422,48.20162],[33.93466,48.17925],[34.00461,48.18538],[34.01606,48.14204],[34.05909,48.15152],[34.08366,48.10053],[34.18392,48.07642],[34.17728,48.06836],[34.19944,48.05817],[34.19587,48.06759],[34.28939,48.07781],[34.2795,48.10979],[34.29271,48.11687],[34.42937,48.12873],[34.41396,48.15165],[34.45287,48.17124],[34.39386,48.16055],[34.38291,48.2061],[34.43529,48.19602],[34.42514,48.23459],[34.46142,48.24145],[34.47348,48.26445],[34.50665,48.25277],[34.55086,48.27379],[34.56533,48.25159],[34.59274,48.25356],[34.5866,48.28497],[34.60696,48.29007],[34.57148,48.31795],[34.59751,48.32975],[34.56199,48.43517],[34.51004,48.44095],[34.51171,48.45634],[34.56012,48.46502],[34.62938,48.45087],[34.65932,48.47297],[34.70074,48.44006],[34.70247,48.47279],[34.76032,48.44046],[34.77117,48.47409],[34.65949,48.5263],[34.68546,48.52168],[34.67646,48.53211],[34.58163,48.53772],[34.58794,48.52991],[34.54124,48.54573],[34.58094,48.58662],[34.568,48.58866],[34.60936,48.60795],[34.60713,48.62598],[34.58299,48.59895],[34.56115,48.61671],[34.53168,48.60188],[34.55629,48.58629],[34.54994,48.56693],[34.46829,48.59397],[34.44189,48.61862],[34.44224,48.64437],[34.35193,48.67014],[34.35176,48.70176],[34.29255,48.71307],[34.29187,48.74169],[34.13017,48.77706],[34.11811,48.8213],[34.0725,48.82377],[34.02302,48.86328],[33.93384,48.87929]]],[[[34.60573,48.58879],[34.63248,48.59031],[34.63113,48.60134],[34.60573,48.58879]]]]},"properties":{"uid":42,"title_uk":"Кам'янський район","region_type":"raion","parent_uid":9,"oblast_uid":9}},{"type":"Feature","geometry":{"type":"MultiPolygon","coordinates":[[[[34.94829,49.19156],[34.89961,49.15042],[34.86487,49.16143],[34.90194,49.17817],[34.82357,49.18903],[34.81196,49.16683],[34.8036,49.17915],[34.75838,49.16838],[34.76286,49.14333],[34.62432,49.12298],[34.68813,49.07246],[34.65672,49.05256],[34.66868,49.0395],[34.6922,49.04807],[34.73959,48.99503],[34.72935,48.99052],[34.75789,48.94744],[34.7387,48.93878],[34.78844,48.91283],[34.73504,48.87092],[34.73752,48.85297],[34.76599,48.84492],[34.77946,48.81909],[34.78672,48.7532],[34.8392,48.77673],[34.82666,48.78911],[34.85615,48.82911],[34.89115,48.83375],[34.90899,48.81613],[34.89717,48.80907],[34.92952,48.78284],[34.95636,48.79371],[34.95586,48.76524],[34.92919,48.75246],[34.96621,48.72657],[34.93102,48.72005],[34.93928,48.70124],[34.97194,48.72203],[35.00887,48.69288],[35.06984,48.75515],[35.1622,48.73217],[35.15683,48.70727],[35.13894,48.69972],[35.15623,48.67206],[35.16858,48.65741],[35.20269,48.66722],[35.21462,48.6545],[35.18693,48.65234],[35.16486,48.61314],[35.17507,48.59997],[35.14224,48.58612],[35.23147,48.54723],[35.27945,48.48603],[35.31439,48.49847],[35.31421,48.47278],[35.28519,48.46384],[35.31508,48.42462],[35.37224,48.45487],[35.33055,48.50903],[35.39283,48.50702],[35.37917,48.5282],[35.39724,48.5343],[35.5168,48.52669],[35.51329,48.53633],[35.55385,48.53825],[35.52501,48.59871],[35.55608,48.59449],[35.54431,48.61705],[35.56936,48.63956],[35.5556,48.64257],[35.5945,48.66346],[35.58459,48.66937],[35.61577,48.70053],[35.6757,48.73126],[35.67522,48.76023],[35.66034,48.76923],[35.68531,48.79509],[35.67113,48.8029],[35.68138,48.81085],[35.6463,48.83091],[35.68583,48.8469],[35.63657,48.88163],[35.80817,48.87614],[35.81571,48.89251],[35.81886,48.92425],[35.79217,48.93422],[35.80122,48.94262],[35.78809,48.95445],[35.75199,48.94692],[35.72371,48.96659],[35.69606,48.94276],[35.69437,48.9675],[35.65018,48.9741],[35.63077,48.96247],[35.62777,48.98274],[35.59512,48.9869],[35.57388,48.97363],[35.48523,48.97262],[35.43884,49.01111],[35.40736,49.01358],[35.40111,49.03055],[35.30178,49.06954],[35.30736,49.09172],[35.27644,49.09063],[35.25694,49.11354],[35.22745,49.10034],[35.18999,49.1099],[35.22865,49.12629],[35.18992,49.13807],[35.20971,49.15109],[35.18751,49.1628],[35.14475,49.15049],[35.12229,49.16469],[35.08536,49.14101],[35.07344,49.17018],[35.05316,49.17703],[35.04414,49.15643],[35.01276,49.14904],[34.94829,49.19156]]]]},"properties":{"uid":43,"title_uk":"Самарівський район","region_type":"raion","parent_uid":9,"oblast_uid":9}},{"type":"Feature","geometry":{"type":"MultiPolygon","coordinates":[[[[34.62432,49.12298],[34.58975,49.11212],[34.59328,49.09277],[34.57231,49.09517],[34.57389,49.06331],[34.55821,49.05552],[34.5158,49.07191],[34.46584,49.06427],[34.40211,49.09386],[34.41568,49.05485],[34.33177,49.0086],[34.3255,48.99881],[34.3529,48.98386],[34.31185,48.94066],[34.30017,48.89593],[34.35036,48.84816],[34.32514,48.84424],[34.32303,48.8289],[34.34335,48.82439],[34.29709,48.82075],[34.29806,48.78459],[34.34249,48.78419],[34.30907,48.76555],[34.31214,48.73953],[34.29052,48.71574],[34.34374,48.70653],[34.35193,48.67014],[34.43887,48.64706],[34.45334,48.60314],[34.54994,48.56693],[34.55629,48.58629],[34.53168,48.60188],[34.56115,48.61671],[34.58299,48.59895],[34.60713,48.62598],[34.60936,48.60795],[34.568,48.58866],[34.58094,48.58662],[34.54124,48.54573],[34.58794,48.52991],[34.58163,48.53772],[34.67646,48.53211],[34.68546,48.52168],[34.65949,48.5263],[34.77117,48.47409],[34.76032,48.44046],[34.70247,48.47279],[34.70074,48.44006],[34.65932,48.47297],[34.62938,48.45087],[34.56012,48.46502],[34.51171,48.45634],[34.51004,48.44095],[34.56199,48.43517],[34.59751,48.32975],[34.57148,48.31795],[34.60696,48.29007],[34.5866,48.28497],[34.59274,48.25356],[34.56533,48.25159],[34.55086,48.27379],[34.50665,48.25277],[34.47348,48.26445],[34.46142,48.24145],[34.42514,48.23459],[34.43529,48.19602],[34.38291,48.2061],[34.39386,48.16055],[34.45287,48.17124],[34.41396,48.15165],[34.42937,48.12873],[34.29271,48.11687],[34.2795,48.10979],[34.28939,48.07781],[34.19587,48.06759],[34.23168,48.04785],[34.23794,48.02806],[34.19848,48.0014],[34.1884,47.96084],[34.3032,47.97832],[34.31794,47.9298],[34.33852,47.93246],[34.34263,47.91877],[34.40968,47.92857],[34.37303,47.93897],[34.44059,47.95363],[34.45213,47.92351],[34.59049,47.96104],[34.58656,47.9787],[34.6102,47.98157],[34.6022,48.01333],[34.73178,48.02637],[34.74368,47.98517],[34.82118,47.99673],[34.81825,48.0103],[34.84653,48.01361],[34.83935,48.04901],[34.87558,48.05431],[34.85505,48.13298],[34.91559,48.13039],[34.91461,48.09081],[34.98929,48.08996],[35.03682,48.09741],[35.06299,48.12179],[35.19439,48.14029],[35.18412,48.16617],[35.19968,48.22126],[35.18091,48.26016],[35.22658,48.2552],[35.2553,48.31285],[35.28251,48.32526],[35.26224,48.34685],[35.30951,48.37047],[35.23631,48.42688],[35.30273,48.43985],[35.28519,48.46384],[35.31421,48.47278],[35.31439,48.49847],[35.27945,48.48603],[35.23147,48.54723],[35.14224,48.58612],[35.17507,48.59997],[35.16486,48.61314],[35.18693,48.65234],[35.21462,48.6545],[35.20269,48.66722],[35.16858,48.65741],[35.15623,48.67206],[35.13894,48.69972],[35.15683,48.70727],[35.1622,48.73217],[35.06984,48.75515],[35.00887,48.69288],[34.97194,48.72203],[34.93928,48.70124],[34.93102,48.72005],[34.96621,48.72657],[34.92919,48.75246],[34.95586,48.76524],[34.95636,48.79371],[34.92952,48.78284],[34.89717,48.80907],[34.90899,48.81613],[34.89115,48.83375],[34.84215,48.82244],[34.84951,48.80535],[34.82568,48.78359],[34.8392,48.77673],[34.78485,48.7544],[34.77946,48.81909],[34.73504,48.87092],[34.78844,48.91283],[34.7387,48.93878],[34.75789,48.94744],[34.72935,48.99052],[34.73959,48.99503],[34.6922,49.04807],[34.66868,49.0395],[34.65672,49.05256],[34.68813,49.07246],[34.62432,49.12298]],[[34.60456,48.59368],[34.63113,48.60134],[34.63248,48.59031],[34.60456,48.59368]]]]},"properties":{"uid":44,"title_uk":"Дніпровський район","region_type":"raion","parent_uid":9,"oblast_uid":9}},{"type":"Feature","geometry":{"type":"MultiPolygon","coordinates":[[[[35.9702,48.98074],[35.93762,48.99891],[35.9375,48.97291],[35.88499,48.97519],[35.85579,48.94509],[35.80985,48.94127],[35.80817,48.87614],[35.63657,48.88163],[35.68583,48.8469],[35.6463,48.83091],[35.68138,48.81085],[35.67113,48.8029],[35.68531,48.79509],[35.66034,48.76923],[35.67522,48.76023],[35.6757,48.73126],[35.61577,48.70053],[35.58459,48.66937],[35.5945,48.66346],[35.5556,48.64257],[35.56936,48.63956],[35.54431,48.61705],[35.55608,48.59449],[35.52501,48.59871],[35.55385,48.53825],[35.51329,48.53633],[35.53331,48.49886],[35.56605,48.50438],[35.56034,48.51918],[35.60926,48.52872],[35.60518,48.54346],[35.61918,48.54589],[35.63865,48.52246],[35.61474,48.51092],[35.64731,48.47821],[35.67036,48.4916],[35.70591,48.45984],[35.74707,48.47234],[35.79449,48.43444],[35.7754,48.42783],[35.78284,48.40487],[35.73324,48.40071],[35.74795,48.38617],[35.71564,48.36861],[35.70226,48.38387],[35.67881,48.3613],[35.70717,48.33231],[35.75411,48.33976],[35.74852,48.31324],[35.76449,48.30724],[35.75276,48.29931],[35.76346,48.29033],[35.78967,48.28584],[35.78438,48.30951],[35.81449,48.31262],[35.80544,48.35515],[35.82778,48.35727],[35.82331,48.37721],[35.88391,48.39156],[35.8675,48.40322],[35.89076,48.40965],[36.10401,48.34977],[36.04663,48.45729],[36.1065,48.44095],[36.11137,48.4181],[36.15643,48.44233],[36.1901,48.43624],[36.29362,48.52801],[36.2713,48.54374],[36.31903,48.58718],[36.2512,48.62073],[36.28423,48.65947],[36.14279,48.72437],[36.16167,48.74884],[36.13998,48.76589],[36.15887,48.76812],[36.15904,48.78414],[36.13052,48.80668],[36.06612,48.80887],[36.0748,48.83616],[36.01941,48.85472],[36.04031,48.87349],[36.01168,48.88789],[36.04363,48.91556],[35.99592,48.93932],[36.00413,48.94605],[35.9702,48.98074]]]]},"properties":{"uid":45,"title_uk":"Павлоградський район","region_type":"raion","parent_uid":9,"oblast_uid":9}},{"type":"Feature","geometry":{"type":"MultiPolygon","coordinates":[[[[33.58836,48.31722],[33.56981,48.31388],[33.5776,48.25221],[33.52773,48.22185],[33.50065,48.23195],[33.48442,48.21447],[33.49611,48.20199],[33.43044,48.18872],[33.43054,48.17006],[33.29082,48.15003],[33.31648,48.1249],[33.29344,48.10176],[33.277,48.10319],[33.27176,48.15369],[33.2475,48.15113],[33.24299,48.17264],[33.21281,48.16991],[33.23204,48.12677],[33.18171,48.11814],[33.18676,48.10422],[33.23541,48.11338],[33.22487,48.09205],[33.14171,48.07648],[33.15368,48.04208],[33.14335,48.06401],[33.1057,48.06388],[33.1106,48.04289],[33.03179,48.03092],[33.02491,47.98417],[32.9952,47.98548],[33.00767,47.93676],[32.99091,47.93409],[33.01272,47.91044],[33.07828,47.92038],[33.08104,47.83483],[33.05724,47.83185],[33.06776,47.78359],[33.04962,47.78186],[33.07216,47.73888],[32.97202,47.72263],[32.99713,47.61655],[32.96002,47.59138],[33.09496,47.59704],[33.09262,47.57869],[33.17098,47.56678],[33.23324,47.5774],[33.21547,47.53313],[33.28717,47.5433],[33.27902,47.51709],[33.30987,47.50162],[33.31365,47.48215],[33.34886,47.49357],[33.32519,47.52282],[33.48612,47.54398],[33.47367,47.58718],[33.58033,47.59999],[33.609,47.5611],[33.58892,47.55817],[33.5882,47.50213],[33.63584,47.51401],[33.64347,47.48445],[33.93615,47.51657],[33.95544,47.45739],[34.10882,47.47401],[34.07817,47.58587],[34.08822,47.59838],[34.0507,47.61888],[34.07934,47.64434],[34.04199,47.66892],[33.97859,47.66793],[33.93077,47.69408],[33.92848,47.72262],[33.95716,47.72612],[33.95882,47.74294],[34.00837,47.74407],[34.06465,47.79771],[34.06658,47.80899],[34.04308,47.80671],[34.02559,47.87387],[34.00265,47.87246],[34.01127,47.92787],[34.06331,47.92388],[34.09334,47.94729],[34.14478,47.94064],[34.16183,47.96491],[34.20078,47.9723],[34.19848,48.0014],[34.23794,48.02806],[34.23168,48.04785],[34.18728,48.05717],[34.18392,48.07642],[34.08366,48.10053],[34.05909,48.15152],[34.01606,48.14204],[34.00461,48.18538],[33.93466,48.17925],[33.9422,48.20162],[33.92922,48.20119],[33.92363,48.22298],[33.88668,48.2187],[33.87564,48.25733],[33.77958,48.25702],[33.77196,48.28578],[33.7418,48.28177],[33.74118,48.25798],[33.68426,48.24946],[33.66961,48.26054],[33.60874,48.24287],[33.62444,48.29074],[33.61444,48.31716],[33.58836,48.31722]]]]},"properties":{"uid":46,"title_uk":"Криворізький район","region_type":"raion","parent_uid":9,"oblast_uid":9}},{"type":"Feature","geometry":{"type":"MultiPolygon","coordinates":[[[[34.73178,48.02637],[34.6022,48.01333],[34.6102,47.98157],[34.58656,47.9787],[34.59049,47.96104],[34.49479,47.92792],[34.45213,47.92351],[34.44059,47.95363],[34.37303,47.93897],[34.40968,47.92857],[34.34263,47.91877],[34.33852,47.93246],[34.31794,47.9298],[34.3032,47.97832],[34.23649,47.97544],[34.22818,47.96165],[34.16745,47.96718],[34.14478,47.94064],[34.09334,47.94729],[34.06331,47.92388],[34.01127,47.92787],[34.00265,47.87246],[34.02559,47.87387],[34.04308,47.80671],[34.06658,47.80899],[34.06465,47.79771],[34.00837,47.74407],[33.95882,47.74294],[33.95716,47.72612],[33.92848,47.72262],[33.92964,47.69592],[33.98089,47.66695],[34.04199,47.66892],[34.07934,47.64434],[34.0507,47.61888],[34.08822,47.59838],[34.07817,47.58587],[34.10882,47.47401],[34.57239,47.56173],[34.7968,47.53719],[34.86123,47.51532],[34.94402,47.52921],[34.96518,47.55113],[34.92731,47.58036],[34.9419,47.60157],[34.90552,47.67399],[34.9377,47.67756],[34.92965,47.71156],[34.95588,47.71242],[34.95693,47.7693],[34.8935,47.76014],[34.87887,47.81855],[34.90333,47.82983],[34.89741,47.8527],[34.87065,47.85133],[34.86114,47.88048],[34.8168,47.86455],[34.80187,47.91552],[34.85306,47.92156],[34.84912,47.9379],[34.86865,47.94098],[34.88085,47.92883],[34.91847,47.9334],[34.90474,47.98576],[34.86937,47.98229],[34.85826,48.01511],[34.74368,47.98517],[34.73178,48.02637]]]]},"properties":{"uid":47,"title_uk":"Нікопольський район","region_type":"raion","parent_uid":9,"oblast_uid":9}},{"type":"Feature","geometry":{"type":"MultiPolygon","coordinates":[[[[36.53049,48.63778],[36.4825,48.66353],[36.44755,48.63291],[36.42017,48.63505],[36.44542,48.61366],[36.42508,48.61273],[36.35478,48.53212],[36.32373,48.55562],[36.18807,48.43536],[36.15643,48.44233],[36.11137,48.4181],[36.1065,48.44095],[36.04775,48.45843],[36.10401,48.34977],[35.86947,48.40561],[35.88391,48.39156],[35.83982,48.38563],[35.82331,48.37721],[35.82778,48.35727],[35.80544,48.35515],[35.81449,48.31262],[35.78438,48.30951],[35.78967,48.28584],[35.75276,48.29931],[35.76449,48.30724],[35.74852,48.31324],[35.75411,48.33976],[35.70717,48.33231],[35.67881,48.3613],[35.70226,48.38387],[35.71564,48.36861],[35.74795,48.38617],[35.73324,48.40071],[35.78284,48.40487],[35.7754,48.42783],[35.79449,48.43444],[35.75723,48.46896],[35.70591,48.45984],[35.67036,48.4916],[35.64731,48.47821],[35.61474,48.51092],[35.63865,48.52246],[35.61918,48.54589],[35.60518,48.54346],[35.60926,48.52872],[35.56034,48.51918],[35.56605,48.50438],[35.53331,48.49886],[35.52282,48.52586],[35.43593,48.53835],[35.37917,48.5282],[35.39283,48.50702],[35.33055,48.50903],[35.37224,48.45487],[35.35329,48.43853],[35.31508,48.42462],[35.30273,48.43985],[35.2365,48.42865],[35.30951,48.37047],[35.26224,48.34685],[35.28251,48.32526],[35.2553,48.31285],[35.22658,48.2552],[35.18091,48.26016],[35.19993,48.21647],[35.18536,48.16039],[35.19439,48.14029],[35.29408,48.14372],[35.42004,48.10004],[35.51891,48.09485],[35.52431,48.0744],[35.70323,48.14025],[35.7428,48.09568],[35.80599,48.10074],[35.8166,48.06568],[35.97477,48.09259],[35.98542,48.08448],[35.97144,48.06073],[35.98852,48.058],[35.97512,48.04335],[36.05231,48.05882],[36.0652,48.02513],[36.03419,48.01872],[36.06158,48.00142],[36.07084,47.97214],[36.05145,47.95847],[36.07339,47.96505],[36.08457,47.93026],[36.10895,47.94172],[36.12008,47.92794],[36.11954,47.86486],[36.08699,47.86115],[36.08061,47.8833],[36.054,47.87995],[36.07366,47.84788],[36.19604,47.85942],[36.18988,47.83682],[36.26589,47.83334],[36.27534,47.81535],[36.33256,47.82074],[36.32373,47.83935],[36.4723,47.82406],[36.585,47.84715],[36.57673,47.88031],[36.54937,47.87731],[36.54178,47.9059],[36.64013,47.92037],[36.62906,47.96168],[36.5853,47.95657],[36.58631,48.00068],[36.56834,48.01151],[36.59086,48.02008],[36.57377,48.04021],[36.58723,48.05235],[36.58033,48.07972],[36.65098,48.08824],[36.63603,48.09407],[36.65331,48.10023],[36.71863,48.08459],[36.74705,48.06426],[36.74377,48.0502],[36.8037,48.05317],[36.85454,48.03244],[36.85803,48.05223],[36.87645,48.05106],[36.89623,48.07759],[36.8727,48.18413],[36.93655,48.19428],[36.9123,48.30919],[36.81656,48.3125],[36.80876,48.34813],[36.82768,48.37115],[36.82032,48.40648],[36.83492,48.41009],[36.82456,48.41467],[36.85145,48.41738],[36.83012,48.48438],[36.8567,48.48698],[36.85027,48.51769],[36.90597,48.52291],[36.90148,48.54338],[36.859,48.56877],[36.81037,48.56896],[36.80573,48.59633],[36.7453,48.59637],[36.73886,48.62616],[36.59111,48.60244],[36.53049,48.63778]]]]},"properties":{"uid":48,"title_uk":"Синельниківський район","region_type":"raion","parent_uid":9,"oblast_uid":9}},{"type":"Feature","geometry":{"type":"MultiPolygon","coordinates":[[[[37.6297,47.91936],[37.60983,47.92375],[37.62347,47.89257],[37.59403,47.8869],[37.60339,47.86449],[37.54425,47.8669],[37.54382,47.83879],[37.51015,47.81238],[37.60611,47.81053],[37.59078,47.774],[37.60522,47.77494],[37.61425,47.75056],[37.607,47.69851],[37.64682,47.70602],[37.66381,47.68818],[37.69175,47.71199],[37.77799,47.66336],[37.75814,47.66706],[37.76346,47.65207],[37.7833,47.66024],[37.82227,47.63882],[37.81637,47.59462],[37.84719,47.57957],[37.84741,47.56559],[37.82462,47.5654],[37.84176,47.49407],[37.88764,47.48711],[37.87681,47.4564],[37.88992,47.45018],[37.96384,47.44915],[37.96445,47.42061],[37.85933,47.41057],[37.85969,47.3894],[37.84147,47.37794],[37.8537,47.36415],[37.83922,47.35563],[37.86295,47.34526],[37.83315,47.34181],[37.82656,47.3186],[37.8409,47.30583],[37.80588,47.30688],[37.79453,47.28398],[37.86323,47.27124],[37.84056,47.21364],[37.88334,47.21021],[37.88057,47.15693],[37.83954,47.16285],[37.83821,47.14454],[37.78721,47.1351],[37.81643,47.10627],[37.89959,47.11134],[37.98145,47.08704],[37.97085,47.09451],[38.03412,47.0904],[38.05541,47.10975],[38.08894,47.10711],[38.13621,47.05711],[38.09528,47.02711],[38.22961,47.11925],[38.23439,47.23093],[38.33095,47.2637],[38.32263,47.28131],[38.33514,47.30609],[38.22092,47.30527],[38.22022,47.32584],[38.24457,47.36436],[38.28666,47.37363],[38.28656,47.39141],[38.30202,47.39331],[38.28459,47.54429],[38.30733,47.5465],[38.31096,47.57598],[38.3508,47.57619],[38.35787,47.62665],[38.33933,47.6308],[38.31783,47.70227],[38.28265,47.6869],[38.24468,47.70914],[38.22205,47.7],[38.23678,47.71167],[38.1898,47.73041],[38.19095,47.76008],[38.1653,47.76243],[38.21912,47.76751],[38.25674,47.81425],[38.20696,47.81101],[38.18351,47.83574],[38.14352,47.80594],[38.13102,47.82958],[38.08895,47.83863],[38.09561,47.81877],[38.02944,47.81354],[38.00099,47.8367],[38.0233,47.86212],[37.98889,47.84702],[37.94526,47.8596],[37.92006,47.83065],[37.89764,47.86695],[37.91492,47.87201],[37.90658,47.88601],[37.85803,47.90601],[37.81063,47.90271],[37.81435,47.88121],[37.7832,47.90328],[37.69272,47.88911],[37.65784,47.92044],[37.6297,47.91936]]]]},"properties":{"uid":49,"title_uk":"Кальміуський район","region_type":"raion","parent_uid":28,"oblast_uid":28}},{"type":"Feature","geometry":{"type":"MultiPolygon","coordinates":[[[[37.87218,49.2376],[37.84349,49.20138],[37.61432,49.23309],[37.56124,49.22802],[37.49879,49.18163],[37.55446,49.16488],[37.56397,49.14556],[37.54297,49.14464],[37.58487,49.12613],[37.48654,49.09945],[37.50664,49.07996],[37.49529,49.06381],[37.38487,49.04831],[37.39188,49.02515],[37.37542,49.02622],[37.37363,48.99435],[37.34424,49.00354],[37.29478,48.97093],[37.32078,48.95652],[37.31067,48.94193],[37.33244,48.94119],[37.32804,48.92171],[37.26914,48.92272],[37.26636,48.90647],[37.22397,48.90826],[37.19369,48.8819],[37.19212,48.81466],[37.09875,48.85081],[37.07813,48.81761],[37.0238,48.81787],[36.99487,48.78739],[37.04321,48.76655],[37.03244,48.74922],[36.96892,48.79333],[36.85412,48.80038],[36.84077,48.77284],[36.82121,48.77134],[36.78839,48.78063],[36.79049,48.80137],[36.72078,48.80597],[36.68908,48.77608],[36.70858,48.76822],[36.73547,48.70516],[36.71176,48.69255],[36.7453,48.59637],[36.80573,48.59633],[36.81037,48.56896],[36.859,48.56877],[36.90404,48.53047],[37.00441,48.539],[37.01438,48.56479],[37.05281,48.55902],[37.04645,48.58693],[37.0631,48.58856],[37.06353,48.60634],[37.09721,48.6094],[37.11219,48.59182],[37.16472,48.59078],[37.1652,48.60927],[37.25199,48.60111],[37.25964,48.56803],[37.30101,48.57213],[37.29443,48.60148],[37.3467,48.55641],[37.36654,48.55994],[37.36851,48.53625],[37.39877,48.53346],[37.36354,48.48204],[37.43328,48.47522],[37.44537,48.42602],[37.42377,48.42331],[37.42679,48.4101],[37.44638,48.412],[37.45278,48.34665],[37.4702,48.35298],[37.49441,48.31747],[37.55592,48.33607],[37.60771,48.30774],[37.60028,48.27853],[37.63568,48.28208],[37.68908,48.26144],[37.72108,48.26323],[37.71019,48.30913],[37.74987,48.32273],[37.73843,48.35708],[37.7964,48.37669],[37.76979,48.39069],[37.78585,48.41484],[37.77907,48.43323],[37.77794,48.40516],[37.80984,48.39137],[37.80135,48.37811],[37.81759,48.36787],[37.82521,48.38969],[37.80292,48.40473],[37.81767,48.41708],[37.88454,48.40478],[37.87623,48.4167],[37.9132,48.40793],[37.92879,48.4131],[37.92168,48.42142],[37.93936,48.39922],[37.91197,48.37038],[37.94506,48.35629],[37.97947,48.3645],[37.95565,48.3691],[37.95828,48.38107],[37.98968,48.38291],[37.96495,48.39369],[37.95867,48.44775],[37.94604,48.44942],[38.00343,48.45693],[38.0126,48.47736],[37.95411,48.46399],[37.96515,48.49114],[37.92882,48.48156],[37.87856,48.5433],[37.81214,48.54769],[37.79977,48.59511],[37.82904,48.59968],[37.81241,48.64547],[37.84173,48.67245],[37.8012,48.69295],[37.81956,48.76109],[37.86431,48.80464],[37.9121,48.78817],[37.93534,48.79549],[37.90869,48.83992],[38.00124,48.84518],[38.00166,48.86049],[38.03718,48.86999],[38.04098,48.89115],[38.00495,48.89904],[38.04481,48.9349],[38.00418,48.94595],[38.02939,48.97458],[38.05365,48.96518],[38.05237,48.98573],[38.0987,48.9924],[38.05261,49.0594],[38.08392,49.13531],[38.08149,49.14818],[38.04428,49.15065],[38.03978,49.12681],[37.98079,49.13073],[37.90763,49.15164],[37.8933,49.17502],[37.93512,49.19171],[37.88974,49.21177],[37.87218,49.2376]]]]},"properties":{"uid":50,"title_uk":"Краматорський район","region_type":"raion","parent_uid":28,"oblast_uid":28}},{"type":"Feature","geometry":{"type":"MultiPolygon","coordinates":[[[[38.00899,48.44149],[38.01978,48.46458],[37.95925,48.45401],[37.9607,48.40253],[37.98968,48.38291],[37.95486,48.37751],[37.97947,48.3645],[37.9052,48.35176],[37.93926,48.32429],[37.88578,48.30769],[37.91,48.2602],[37.92745,48.25452],[37.88823,48.25057],[37.89407,48.23107],[37.93692,48.22924],[37.92151,48.21248],[37.95856,48.20854],[37.95365,48.19677],[38.00207,48.19504],[38.00104,48.17452],[38.02549,48.15813],[38.03728,48.16592],[38.04224,48.14382],[38.1049,48.16441],[38.22421,48.1327],[38.18148,48.13052],[38.16972,48.12533],[38.1867,48.10594],[38.1282,48.09421],[38.16321,48.10753],[38.14427,48.11349],[38.17256,48.13232],[38.12211,48.14074],[38.08137,48.1086],[38.1059,48.07195],[38.17392,48.09177],[38.22805,48.06557],[38.20972,48.0886],[38.25554,48.10221],[38.24807,48.12713],[38.29683,48.13056],[38.31466,48.1171],[38.29532,48.10774],[38.31298,48.10759],[38.31749,48.09589],[38.30374,48.09426],[38.33789,48.09109],[38.34118,48.07549],[38.28569,48.07781],[38.26548,48.06244],[38.32236,48.06728],[38.31903,48.04773],[38.33834,48.02668],[38.35774,48.03099],[38.36415,47.98736],[38.39121,47.95776],[38.45467,47.93611],[38.51852,47.95736],[38.52328,47.93515],[38.56076,47.93041],[38.55755,47.95991],[38.59617,47.95917],[38.60601,47.91684],[38.64778,47.92836],[38.67162,47.91047],[38.7344,47.91341],[38.74875,47.86551],[38.77633,47.87873],[38.84357,47.86509],[38.87892,47.87596],[39.07443,47.8695],[39.06557,47.89556],[39.09094,47.9405],[39.03859,47.95596],[39.03994,48.00642],[38.83745,48.01319],[38.81276,48.04799],[38.82878,48.07737],[38.81781,48.06526],[38.79829,48.07385],[38.8174,48.08421],[38.80667,48.08857],[38.81938,48.11576],[38.68997,48.14569],[38.69407,48.15909],[38.60172,48.17268],[38.61374,48.20374],[38.58899,48.22677],[38.58731,48.25771],[38.55985,48.27437],[38.42787,48.2777],[38.43307,48.34059],[38.48702,48.36189],[38.44762,48.37634],[38.43314,48.44743],[38.40075,48.43973],[38.39912,48.41622],[38.33543,48.41277],[38.34729,48.3909],[38.32884,48.40206],[38.24879,48.39532],[38.26311,48.36569],[38.20785,48.36117],[38.19126,48.41225],[38.15561,48.3937],[38.10378,48.39356],[38.0949,48.41181],[38.03841,48.41643],[38.05327,48.40034],[38.00695,48.38465],[37.99918,48.41067],[38.02214,48.3955],[38.02534,48.42391],[37.98867,48.42838],[38.00899,48.44149]],[[38.13961,48.17334],[38.16586,48.15176],[38.12621,48.17021],[38.13961,48.17334]],[[38.19355,48.11571],[38.20592,48.11972],[38.18434,48.11084],[38.19355,48.11571]],[[38.10528,48.09906],[38.09512,48.10111],[38.11655,48.10173],[38.10528,48.09906]]]]},"properties":{"uid":51,"title_uk":"Горлівський район","region_type":"raion","parent_uid":28,"oblast_uid":28}},{"type":"Feature","geometry":{"type":"MultiPolygon","coordinates":[[[[37.25935,47.44209],[37.26475,47.4661],[37.24456,47.46854],[37.19463,47.37328],[37.20351,47.35583],[37.16183,47.34138],[37.14182,47.37984],[37.10615,47.37582],[37.12201,47.34035],[37.03621,47.29999],[37.0266,47.31465],[36.92615,47.31934],[36.96237,47.2017],[36.85428,47.19941],[36.8885,47.17074],[36.94864,47.15927],[36.98342,47.12443],[37.00161,47.12762],[37.01273,47.0894],[36.98582,47.07948],[37.08109,47.04752],[37.0986,47.05935],[37.12488,47.03918],[37.08945,47.00746],[37.14119,46.98177],[37.02142,46.92792],[37.06255,46.88401],[37.2377,46.95114],[37.32098,46.91064],[37.33039,46.88827],[37.28394,46.87153],[37.30313,46.86898],[37.52014,47.07173],[37.57432,47.08573],[37.57287,47.09891],[37.58642,47.07869],[37.62927,47.09485],[37.70977,47.08026],[37.87698,47.10767],[37.81643,47.10627],[37.78544,47.13908],[37.83821,47.14454],[37.83954,47.16285],[37.88057,47.15693],[37.88334,47.21021],[37.84056,47.21364],[37.86323,47.27124],[37.79453,47.28398],[37.80588,47.30688],[37.83874,47.30268],[37.83315,47.34181],[37.86179,47.35412],[37.69933,47.37084],[37.69956,47.33278],[37.63686,47.33793],[37.58219,47.36271],[37.58981,47.37017],[37.40859,47.35626],[37.42192,47.38254],[37.40922,47.40012],[37.35654,47.41524],[37.33618,47.39629],[37.25935,47.44209]]]]},"properties":{"uid":52,"title_uk":"Маріупольський район","region_type":"raion","parent_uid":28,"oblast_uid":28}},{"type":"Feature","geometry":{"type":"MultiPolygon","coordinates":[[[[37.98524,48.19772],[37.95255,48.19778],[37.87617,48.13592],[37.86939,48.15004],[37.83769,48.14222],[37.82842,48.18228],[37.78977,48.17197],[37.77607,48.14458],[37.80054,48.14211],[37.80772,48.11878],[37.69315,48.10248],[37.70749,48.05784],[37.65663,48.03368],[37.68145,48.00512],[37.66409,47.99518],[37.62498,48.00273],[37.61492,48.05644],[37.54098,48.05061],[37.54479,47.98306],[37.5616,47.97767],[37.52549,47.94166],[37.55268,47.9322],[37.54708,47.86676],[37.60339,47.86449],[37.59403,47.8869],[37.62347,47.89257],[37.60983,47.92375],[37.65784,47.92044],[37.69272,47.88911],[37.7832,47.90328],[37.81435,47.88121],[37.81063,47.90271],[37.85234,47.90697],[37.90658,47.88601],[37.91492,47.87201],[37.89764,47.86695],[37.92006,47.83065],[37.94526,47.8596],[37.98889,47.84702],[38.0233,47.86212],[38.00099,47.8367],[38.02944,47.81354],[38.09561,47.81877],[38.08895,47.83863],[38.13102,47.82958],[38.14352,47.80594],[38.18351,47.83574],[38.20696,47.81101],[38.25674,47.81425],[38.21912,47.76751],[38.1653,47.76243],[38.19095,47.76008],[38.1898,47.73041],[38.23678,47.71167],[38.22205,47.7],[38.24468,47.70914],[38.28265,47.6869],[38.31783,47.70227],[38.32764,47.65376],[38.35711,47.61658],[38.45634,47.61698],[38.45663,47.64406],[38.61637,47.64452],[38.62923,47.66945],[38.66606,47.66904],[38.66303,47.69973],[38.73363,47.70028],[38.73618,47.6801],[38.77274,47.68571],[38.77135,47.7266],[38.78888,47.73664],[38.79648,47.77349],[38.78377,47.78799],[38.7891,47.81561],[38.82924,47.81472],[38.82603,47.8452],[38.84294,47.86836],[38.77633,47.87873],[38.74875,47.86551],[38.7344,47.91341],[38.7079,47.92005],[38.67162,47.91047],[38.64138,47.92825],[38.60601,47.91684],[38.59617,47.95917],[38.55755,47.95991],[38.55736,47.93007],[38.52328,47.93515],[38.51852,47.95736],[38.45524,47.9361],[38.39121,47.95776],[38.36415,47.98736],[38.35774,48.03099],[38.33834,48.02668],[38.31903,48.04773],[38.32236,48.06728],[38.26302,48.06706],[38.34098,48.07516],[38.33789,48.09109],[38.30374,48.09426],[38.31749,48.09589],[38.31298,48.10759],[38.29473,48.10581],[38.30873,48.12484],[38.24807,48.12713],[38.25554,48.10221],[38.20972,48.0886],[38.22805,48.06557],[38.17392,48.09177],[38.1059,48.07195],[38.08137,48.1086],[38.12211,48.14074],[38.17256,48.13232],[38.14427,48.11349],[38.16321,48.10753],[38.1282,48.09421],[38.1867,48.10594],[38.16972,48.12533],[38.18148,48.13052],[38.22421,48.1327],[38.1049,48.16441],[38.04224,48.14382],[38.03728,48.16592],[38.02549,48.15813],[37.98524,48.19772]]],[[[38.10515,48.10236],[38.09512,48.10111],[38.11655,48.10173],[38.10515,48.10236]]],[[[38.14118,48.17341],[38.12621,48.17021],[38.16586,48.15176],[38.14118,48.17341]]]]},"properties":{"uid":53,"title_uk":"Донецький район","region_type":"raion","parent_uid":28,"oblast_uid":28}},{"type":"Feature","geometry":{"type":"MultiPolygon","coordinates":[[[[38.06748,48.93524],[38.04481,48.9349],[38.00495,48.89904],[38.04098,48.89115],[38.03718,48.86999],[38.00166,48.86049],[38.00124,48.84518],[37.90869,48.83992],[37.93534,48.79549],[37.9121,48.78817],[37.86431,48.80464],[37.81956,48.76109],[37.80129,48.69236],[37.84173,48.67245],[37.81241,48.64547],[37.82904,48.59968],[37.79977,48.59511],[37.81214,48.54769],[37.87856,48.5433],[37.92882,48.48156],[37.96515,48.49114],[37.95411,48.46399],[38.0126,48.47736],[38.01654,48.4468],[37.98867,48.42838],[38.02534,48.42391],[38.02214,48.3955],[37.99918,48.41067],[38.00934,48.3839],[38.05327,48.40034],[38.03841,48.41643],[38.0949,48.41181],[38.10378,48.39356],[38.15561,48.3937],[38.19126,48.41225],[38.20785,48.36117],[38.25551,48.36478],[38.24879,48.39532],[38.32884,48.40206],[38.34729,48.3909],[38.33543,48.41277],[38.39912,48.41622],[38.39335,48.43193],[38.34094,48.43729],[38.28863,48.4761],[38.30546,48.47518],[38.2975,48.49521],[38.3188,48.50923],[38.27391,48.54535],[38.26241,48.6424],[38.23347,48.63994],[38.23132,48.65313],[38.25805,48.66795],[38.31306,48.684],[38.30362,48.71209],[38.32508,48.71418],[38.31993,48.73341],[38.26323,48.75021],[38.2832,48.77326],[38.27891,48.80336],[38.31655,48.81394],[38.31368,48.82842],[38.22127,48.8394],[38.22385,48.93479],[38.13306,48.92372],[38.06748,48.93524]]],[[[37.83724,48.34719],[37.81096,48.31999],[37.84449,48.32341],[37.85746,48.28785],[37.857,48.32186],[37.88631,48.31413],[37.84609,48.32707],[37.89127,48.32583],[37.83724,48.34719]]],[[[37.93386,48.41376],[37.87721,48.41708],[37.88454,48.40478],[37.87018,48.40457],[37.81767,48.41708],[37.80292,48.40473],[37.82521,48.38969],[37.82298,48.36832],[37.87176,48.37252],[37.8822,48.35594],[37.93463,48.35168],[37.91166,48.37143],[37.93882,48.39814],[37.93386,48.41376]]],[[[37.80527,48.39246],[37.77794,48.40516],[37.77862,48.43294],[37.78585,48.41484],[37.76979,48.39069],[37.82657,48.34663],[37.85133,48.34854],[37.81748,48.36261],[37.80527,48.39246]]]]},"properties":{"uid":54,"title_uk":"Бахмутський район","region_type":"raion","parent_uid":28,"oblast_uid":28}},{"type":"Feature","geometry":{"type":"MultiPolygon","coordinates":[[[[36.65567,48.09918],[36.58033,48.07972],[36.58723,48.05235],[36.57377,48.04021],[36.59086,48.02008],[36.56834,48.01151],[36.58631,48.00068],[36.5853,47.95657],[36.62906,47.96168],[36.64013,47.92037],[36.54178,47.9059],[36.54937,47.87731],[36.57673,47.88031],[36.585,47.84715],[36.60669,47.84463],[36.58755,47.78547],[36.6714,47.79319],[36.71326,47.67834],[36.79136,47.68459],[36.77545,47.66435],[36.71799,47.65927],[36.72505,47.63106],[36.76571,47.63411],[36.7452,47.62173],[36.748,47.6065],[36.83016,47.62423],[36.8931,47.54497],[36.94443,47.57587],[37.00152,47.53897],[37.02098,47.55278],[37.07422,47.4936],[37.15749,47.45475],[37.17968,47.48354],[37.19607,47.47892],[37.18942,47.46894],[37.26475,47.4661],[37.25935,47.44209],[37.33536,47.39663],[37.35654,47.41524],[37.40922,47.40012],[37.42192,47.38254],[37.40859,47.35626],[37.58981,47.37017],[37.58219,47.36271],[37.63686,47.33793],[37.69956,47.33278],[37.69933,47.37084],[37.8408,47.35841],[37.8537,47.36415],[37.84147,47.37794],[37.85969,47.3894],[37.85933,47.41057],[37.96445,47.42061],[37.96384,47.44915],[37.88992,47.45018],[37.87681,47.4564],[37.88764,47.48711],[37.84176,47.49407],[37.82462,47.5654],[37.84741,47.56559],[37.84719,47.57957],[37.81637,47.59462],[37.82227,47.63882],[37.7833,47.66024],[37.76346,47.65207],[37.75814,47.66706],[37.77799,47.66336],[37.69175,47.71199],[37.66381,47.68818],[37.64682,47.70602],[37.607,47.69851],[37.61425,47.75056],[37.60522,47.77494],[37.59078,47.774],[37.60611,47.81053],[37.42819,47.79973],[37.29644,47.83175],[37.29183,47.80232],[37.27572,47.80357],[37.24881,47.83797],[37.25738,47.86668],[37.18361,47.88827],[37.21148,47.90648],[37.06963,47.93389],[37.07621,47.97805],[37.15409,47.95911],[37.16887,47.98171],[37.17028,47.99366],[37.12754,47.99588],[37.17671,48.00507],[37.15317,48.10009],[36.88162,48.06288],[36.85803,48.05223],[36.85454,48.03244],[36.8037,48.05317],[36.74377,48.0502],[36.74705,48.06426],[36.71863,48.08459],[36.65567,48.09918]]]]},"properties":{"uid":55,"title_uk":"Волноваський район","region_type":"raion","parent_uid":28,"oblast_uid":28}},{"type":"Feature","geometry":{"type":"MultiPolygon","coordinates":[[[[37.10633,48.59574],[37.09721,48.6094],[37.06353,48.60634],[37.0631,48.58856],[37.04645,48.58693],[37.05281,48.55902],[37.01438,48.56479],[37.00441,48.539],[36.94399,48.54127],[36.85027,48.51769],[36.8567,48.48698],[36.83012,48.48438],[36.85145,48.41738],[36.82032,48.40648],[36.82768,48.37115],[36.81298,48.36848],[36.81215,48.33129],[36.81656,48.3125],[36.9123,48.30919],[36.93655,48.19428],[36.8727,48.18413],[36.89623,48.07759],[36.88162,48.06288],[37.15317,48.10009],[37.17671,48.00507],[37.12754,47.99588],[37.17028,47.99366],[37.16887,47.98171],[37.15409,47.95911],[37.07621,47.97805],[37.06963,47.93389],[37.21148,47.90648],[37.18361,47.88827],[37.25738,47.86668],[37.24855,47.83908],[37.27103,47.80473],[37.29183,47.80232],[37.29644,47.83175],[37.42819,47.79973],[37.53068,47.82338],[37.54805,47.85582],[37.54143,47.91527],[37.55268,47.9322],[37.52549,47.94166],[37.5616,47.97767],[37.54479,47.98306],[37.54098,48.05061],[37.61492,48.05644],[37.62498,48.00273],[37.66409,47.99518],[37.68145,48.00512],[37.65663,48.03368],[37.70749,48.05784],[37.69315,48.10248],[37.80772,48.11878],[37.80054,48.14211],[37.77607,48.14458],[37.78977,48.17197],[37.82842,48.18228],[37.83769,48.14222],[37.86939,48.15004],[37.87617,48.13592],[37.96008,48.20246],[37.92151,48.21248],[37.93896,48.22649],[37.9304,48.23263],[37.89407,48.23107],[37.88823,48.25057],[37.92745,48.25452],[37.91,48.2602],[37.88578,48.30769],[37.93926,48.32429],[37.87176,48.37252],[37.81584,48.36766],[37.84879,48.34733],[37.82657,48.34663],[37.79692,48.3768],[37.80259,48.36581],[37.73843,48.35708],[37.74987,48.32273],[37.71019,48.30913],[37.72108,48.26323],[37.60028,48.27853],[37.60771,48.30774],[37.55592,48.33607],[37.49441,48.31747],[37.4702,48.35298],[37.45278,48.34665],[37.44638,48.412],[37.42679,48.4101],[37.42377,48.42331],[37.44537,48.42602],[37.43328,48.47522],[37.36354,48.48204],[37.39877,48.53346],[37.36805,48.53661],[37.36654,48.55994],[37.3467,48.55641],[37.29443,48.60148],[37.30101,48.57213],[37.25964,48.56803],[37.25199,48.60111],[37.1652,48.60927],[37.16472,48.59078],[37.10633,48.59574]],[[37.85743,48.28796],[37.84449,48.32341],[37.81096,48.31999],[37.82121,48.34414],[37.89127,48.32583],[37.84609,48.32707],[37.88631,48.31413],[37.857,48.32186],[37.85743,48.28796]],[[37.76542,48.30898],[37.75631,48.32368],[37.76866,48.3307],[37.76542,48.30898]]],[[[37.72152,48.09998],[37.7114,48.09587],[37.73117,48.09166],[37.72152,48.09998]]]]},"properties":{"uid":56,"title_uk":"Покровський район","region_type":"raion","parent_uid":28,"oblast_uid":28}},{"type":"Feature","geometry":{"type":"MultiPolygon","coordinates":[[[[28.94304,50.15319],[28.85635,50.10475],[28.87197,50.09016],[28.81863,50.08969],[28.77973,50.07016],[28.7698,50.03827],[28.6836,50.06207],[28.63983,50.03781],[28.46495,50.04869],[28.46454,50.03125],[28.42953,50.0301],[28.38457,49.98564],[28.38584,49.94587],[28.34299,49.90534],[28.27433,49.92369],[28.21793,49.88773],[28.14564,49.86999],[28.132,49.84294],[28.13198,49.85637],[28.08665,49.85031],[28.06827,49.90259],[27.96508,49.92003],[27.969,49.90256],[27.89664,49.86828],[27.87399,49.83363],[27.8879,49.82655],[27.88448,49.78555],[27.92668,49.77516],[27.91889,49.76693],[27.98086,49.78016],[28.09753,49.77185],[28.15459,49.78881],[28.22565,49.78493],[28.25092,49.81479],[28.26271,49.79938],[28.37955,49.78055],[28.40691,49.79186],[28.4219,49.8248],[28.46967,49.82258],[28.48195,49.80706],[28.52842,49.8204],[28.56973,49.77389],[28.60104,49.782],[28.60217,49.81003],[28.63654,49.81719],[28.73405,49.79838],[28.75896,49.81833],[28.75071,49.84449],[28.84409,49.86],[28.85722,49.88851],[28.87878,49.88854],[28.95362,49.83988],[28.94457,49.81975],[28.97013,49.80363],[28.94278,49.78315],[29.00213,49.73853],[29.00472,49.72655],[28.94568,49.67923],[29.01007,49.63253],[28.9932,49.59742],[29.11652,49.58354],[29.21289,49.5877],[29.24149,49.60353],[29.27561,49.59],[29.2756,49.62708],[29.38002,49.61969],[29.40944,49.65897],[29.43134,49.66197],[29.50518,49.6491],[29.51361,49.66312],[29.48904,49.66916],[29.49734,49.71384],[29.44601,49.71346],[29.43568,49.72947],[29.46208,49.76194],[29.43013,49.81736],[29.40962,49.80905],[29.3849,49.82368],[29.397,49.83055],[29.36476,49.85837],[29.32768,49.85894],[29.31956,49.84879],[29.33123,49.84248],[29.30864,49.8332],[29.29635,49.85919],[29.24953,49.86201],[29.25095,49.88149],[29.23577,49.88167],[29.24845,49.89223],[29.23499,49.93124],[29.21085,49.94297],[29.21297,49.96631],[29.279,49.96408],[29.26933,50.01226],[29.30079,50.02428],[29.27727,50.04997],[29.25062,50.05412],[29.27305,50.07174],[29.27065,50.09892],[29.22236,50.11039],[29.2347,50.12365],[29.1916,50.13526],[29.19927,50.14755],[29.17381,50.14684],[29.16283,50.14274],[29.1645,50.09021],[29.14047,50.0873],[29.12302,50.0639],[29.01458,50.08004],[28.95704,50.04987],[28.92385,50.05488],[28.93023,50.09264],[28.94897,50.09889],[28.93834,50.11801],[28.96186,50.1484],[28.94304,50.15319]]]]},"properties":{"uid":57,"title_uk":"Бердичівський район","region_type":"raion","parent_uid":10,"oblast_uid":10}},{"type":"Feature","geometry":{"type":"MultiPolygon","coordinates":[[[[28.26752,51.68005],[28.17066,51.64402],[28.15503,51.61114],[28.13006,51.60729],[28.10534,51.57919],[28.04358,51.56623],[27.93934,51.55702],[27.97481,51.594],[27.91999,51.5777],[27.91184,51.61633],[27.8357,51.62487],[27.81946,51.61723],[27.84004,51.60785],[27.82483,51.57701],[27.84945,51.54321],[27.79991,51.53286],[27.7618,51.47385],[27.66295,51.5173],[27.66913,51.49695],[27.57885,51.47848],[27.58249,51.42973],[27.59895,51.43019],[27.61414,51.40295],[27.58439,51.40165],[27.53289,51.42878],[27.53448,51.45295],[27.50502,51.45149],[27.49474,51.37473],[27.52607,51.36639],[27.52762,51.35344],[27.49,51.3156],[27.44073,51.31054],[27.46139,51.26415],[27.4471,51.25459],[27.47396,51.23714],[27.40041,51.20071],[27.39824,51.17023],[27.36402,51.14294],[27.36671,51.09755],[27.33352,51.08296],[27.36019,51.07656],[27.35897,51.05904],[27.43167,51.06775],[27.44595,51.04433],[27.38313,51.00147],[27.35267,51.00777],[27.38906,50.98529],[27.45377,51.01045],[27.47983,51.04431],[27.47044,51.05131],[27.54925,51.07791],[27.58634,51.05645],[27.58353,51.08248],[27.62527,51.07727],[27.66643,51.03835],[27.66065,51.01327],[27.70921,50.99615],[27.77357,51.01169],[27.74953,51.02954],[27.76377,51.03532],[27.75337,51.04754],[27.92876,51.04864],[27.952,51.0697],[27.95571,51.05748],[28.02851,51.05078],[28.05186,51.02979],[28.12738,51.02732],[28.10639,50.98713],[28.15703,50.96679],[28.14066,50.96468],[28.17092,50.92305],[28.11283,50.86399],[28.13074,50.85784],[28.14942,50.80349],[28.17477,50.79701],[28.1664,50.78399],[28.24223,50.75234],[28.22844,50.74334],[28.24353,50.72603],[28.28966,50.71833],[28.29788,50.75687],[28.48387,50.74383],[28.4959,50.76938],[28.54427,50.74084],[28.59445,50.74748],[28.61252,50.73511],[28.65418,50.74668],[28.64669,50.75525],[28.6961,50.75546],[28.66837,50.72301],[28.73692,50.71931],[28.68737,50.68161],[28.68864,50.66868],[28.71701,50.66946],[28.71861,50.64901],[28.73897,50.65484],[28.73739,50.67896],[28.76179,50.69357],[28.84315,50.66656],[28.8561,50.70962],[28.911,50.72624],[28.93511,50.7085],[29.00044,50.71424],[29.04815,50.67423],[29.07765,50.67296],[29.04428,50.65726],[29.11269,50.66027],[29.17166,50.68323],[29.24547,50.64231],[29.30597,50.67995],[29.29272,50.69199],[29.33299,50.67822],[29.45113,50.73615],[29.48486,50.71862],[29.46879,50.74334],[29.50404,50.73852],[29.48784,50.71687],[29.53614,50.69529],[29.55809,50.69434],[29.58412,50.72018],[29.56984,50.77153],[29.47271,50.7734],[29.50721,50.77449],[29.5216,50.79252],[29.48823,50.81224],[29.54741,50.81379],[29.54221,50.8284],[29.49752,50.83731],[29.52135,50.86888],[29.47136,50.90366],[29.46753,50.92475],[29.41154,50.94895],[29.4139,50.98355],[29.46728,50.98507],[29.46461,51.01897],[29.51178,51.06064],[29.4275,51.12395],[29.34889,51.16009],[29.33052,51.15762],[29.32037,51.12722],[29.26728,51.26531],[29.35451,51.27444],[29.36714,51.30594],[29.34734,51.32396],[29.39637,51.32745],[29.3938,51.37953],[29.32054,51.37726],[29.30436,51.45435],[29.27063,51.45816],[29.24563,51.50007],[29.25914,51.52954],[29.25214,51.56746],[29.21454,51.56704],[29.20586,51.59619],[29.17742,51.60702],[29.1857,51.62095],[29.15779,51.62882],[29.17541,51.6511],[29.11717,51.65647],[28.99938,51.57356],[28.97358,51.57316],[28.96651,51.59135],[28.90486,51.58846],[28.81949,51.5587],[28.76138,51.48703],[28.77994,51.45403],[28.75265,51.41496],[28.73303,51.43476],[28.73615,51.46517],[28.68323,51.44437],[28.64847,51.5584],[28.62959,51.56129],[28.65815,51.56744],[28.46913,51.59318],[28.35265,51.53982],[28.34237,51.57687],[28.27997,51.62334],[28.2548,51.62118],[28.26752,51.68005]]]]},"properties":{"uid":58,"title_uk":"Коростенський район","region_type":"raion","parent_uid":10,"oblast_uid":10}},{"type":"Feature","geometry":{"type":"MultiPolygon","coordinates":[[[[28.51511,50.7668],[28.4959,50.76938],[28.48387,50.74383],[28.29788,50.75687],[28.28966,50.71833],[28.2624,50.72353],[28.2415,50.70943],[28.28172,50.67837],[28.23999,50.63275],[28.10045,50.58606],[28.0431,50.59423],[28.05495,50.56278],[28.04246,50.54977],[28.01264,50.53193],[27.99551,50.53853],[27.99629,50.52029],[27.93797,50.51177],[27.9273,50.47867],[27.9457,50.43589],[27.92962,50.42882],[27.95532,50.40527],[27.92298,50.40397],[28.0459,50.38536],[28.03418,50.35795],[28.06642,50.34079],[28.01557,50.32142],[27.98311,50.33008],[27.97169,50.28275],[27.9054,50.28973],[27.86713,50.26822],[27.86161,50.22674],[27.86129,50.24092],[27.80294,50.25456],[27.74781,50.24881],[27.7741,50.24292],[27.77846,50.22609],[27.71807,50.22845],[27.71325,50.21324],[27.68986,50.21631],[27.69538,50.23758],[27.66592,50.23214],[27.68266,50.2134],[27.66304,50.22242],[27.65162,50.19892],[27.67774,50.15807],[27.63163,50.14622],[27.62592,50.12333],[27.6391,50.11507],[27.61545,50.08622],[27.66874,50.07753],[27.68137,50.03458],[27.65802,50.02576],[27.642,50.03676],[27.61171,50.00564],[27.57126,50.01967],[27.54646,50.0116],[27.57561,49.94862],[27.5477,49.93484],[27.54821,49.90157],[27.56978,49.90976],[27.5958,49.89018],[27.62536,49.89241],[27.60999,49.87566],[27.64486,49.80743],[27.66224,49.79446],[27.66802,49.80784],[27.71647,49.80618],[27.72703,49.79956],[27.70363,49.76901],[27.80622,49.72731],[27.83589,49.75551],[27.92463,49.77141],[27.88448,49.78555],[27.8879,49.82655],[27.87399,49.83363],[27.89664,49.86828],[27.969,49.90256],[27.96508,49.92003],[28.06827,49.90259],[28.08665,49.85031],[28.13198,49.85637],[28.132,49.84294],[28.14564,49.86999],[28.21793,49.88773],[28.27433,49.92369],[28.34299,49.90534],[28.38584,49.94587],[28.38457,49.98564],[28.42953,50.0301],[28.46454,50.03125],[28.46495,50.04869],[28.63983,50.03781],[28.6836,50.06207],[28.7698,50.03827],[28.77973,50.07016],[28.81863,50.08969],[28.87197,50.09016],[28.85635,50.10475],[28.9421,50.15338],[28.96186,50.1484],[28.93834,50.11801],[28.94897,50.09889],[28.93023,50.09264],[28.92385,50.05488],[28.95704,50.04987],[29.01458,50.08004],[29.12302,50.0639],[29.14047,50.0873],[29.1645,50.09021],[29.16283,50.14274],[29.17381,50.14684],[29.19927,50.14755],[29.1916,50.13526],[29.2347,50.12365],[29.22236,50.11039],[29.27065,50.09892],[29.27305,50.07174],[29.25062,50.05412],[29.27727,50.04997],[29.30079,50.02428],[29.26933,50.01226],[29.279,49.96408],[29.21607,49.9686],[29.21085,49.94297],[29.23499,49.93124],[29.24953,49.86201],[29.29635,49.85919],[29.30864,49.8332],[29.33123,49.84248],[29.31956,49.84879],[29.32768,49.85894],[29.36476,49.85837],[29.40869,49.80935],[29.42961,49.81755],[29.44868,49.80256],[29.47004,49.81444],[29.48027,49.80321],[29.50911,49.83506],[29.54193,49.81902],[29.54693,49.83549],[29.65523,49.86655],[29.66661,49.87383],[29.62726,49.88622],[29.72793,49.93277],[29.73143,49.96565],[29.71418,49.96762],[29.6715,50.03223],[29.69535,50.04424],[29.69725,50.06842],[29.64707,50.10648],[29.66988,50.11371],[29.65907,50.12761],[29.69207,50.1521],[29.64307,50.17985],[29.70125,50.23078],[29.66559,50.26499],[29.68882,50.27718],[29.67558,50.29762],[29.69269,50.32323],[29.62602,50.3301],[29.61169,50.3414],[29.64185,50.35818],[29.63779,50.37238],[29.58879,50.37488],[29.59039,50.40037],[29.56027,50.42252],[29.45479,50.40147],[29.44261,50.41544],[29.48158,50.41891],[29.49839,50.43978],[29.49763,50.45049],[29.44686,50.45282],[29.4572,50.47111],[29.48346,50.45922],[29.51087,50.47076],[29.50663,50.50014],[29.46019,50.51725],[29.45876,50.53948],[29.50292,50.54944],[29.49801,50.59028],[29.44471,50.62121],[29.47253,50.62818],[29.46358,50.63331],[29.48579,50.6627],[29.52803,50.66327],[29.54202,50.68981],[29.57644,50.69929],[29.59719,50.72902],[29.58641,50.73867],[29.55269,50.69355],[29.48784,50.71687],[29.50404,50.73852],[29.46879,50.74334],[29.48486,50.71862],[29.45113,50.73615],[29.33299,50.67822],[29.29272,50.69199],[29.30597,50.67995],[29.24547,50.64231],[29.17166,50.68323],[29.11269,50.66027],[29.04428,50.65726],[29.07765,50.67296],[29.04815,50.67423],[29.00044,50.71424],[28.93511,50.7085],[28.911,50.72624],[28.8561,50.70962],[28.84315,50.66656],[28.76179,50.69357],[28.73739,50.67896],[28.73897,50.65484],[28.71861,50.64901],[28.71701,50.66946],[28.68864,50.66868],[28.68737,50.68161],[28.73692,50.71931],[28.66837,50.72301],[28.70227,50.75432],[28.64669,50.75525],[28.65418,50.74668],[28.61252,50.73511],[28.59445,50.74748],[28.54427,50.74084],[28.51511,50.7668]]]]},"properties":{"uid":59,"title_uk":"Житомирський район","region_type":"raion","parent_uid":10,"oblast_uid":10}},{"type":"Feature","geometry":{"type":"MultiPolygon","coordinates":[[[[27.33396,51.08266],[27.31738,51.05273],[27.32591,51.04222],[27.21936,51.0301],[27.22626,51.00792],[27.19999,51.00018],[27.23835,50.9454],[27.217,50.91984],[27.25625,50.89597],[27.23201,50.83905],[27.24237,50.82795],[27.23217,50.79703],[27.24172,50.77032],[27.27046,50.76334],[27.26262,50.74566],[27.27573,50.7223],[27.2446,50.67307],[27.20128,50.66316],[27.21372,50.63963],[27.1864,50.62532],[27.22482,50.60604],[27.21516,50.58839],[27.23116,50.56674],[27.19633,50.55264],[27.20739,50.53184],[27.25892,50.51295],[27.26778,50.4918],[27.30132,50.49314],[27.24843,50.39279],[27.32116,50.36761],[27.31559,50.33166],[27.36324,50.33254],[27.4162,50.30745],[27.39541,50.28757],[27.44472,50.27545],[27.44262,50.26118],[27.48098,50.25722],[27.52093,50.22553],[27.59744,50.25855],[27.59296,50.21567],[27.62269,50.19972],[27.62127,50.16949],[27.64201,50.1723],[27.63653,50.18835],[27.65707,50.19295],[27.66068,50.22076],[27.68266,50.2134],[27.66592,50.23214],[27.69538,50.23758],[27.68986,50.21631],[27.71325,50.21324],[27.71807,50.22845],[27.77846,50.22609],[27.7741,50.24292],[27.74781,50.24881],[27.80294,50.25456],[27.86129,50.24092],[27.86161,50.22674],[27.86713,50.26822],[27.9054,50.28973],[27.97169,50.28275],[27.98311,50.33008],[28.01557,50.32142],[28.06642,50.34079],[28.03418,50.35795],[28.0459,50.38536],[27.92298,50.40397],[27.95532,50.40527],[27.92962,50.42882],[27.9457,50.43589],[27.9273,50.47867],[27.93797,50.51177],[27.99629,50.52029],[27.99551,50.53853],[28.01264,50.53193],[28.04246,50.54977],[28.05495,50.56278],[28.0431,50.59423],[28.09376,50.58524],[28.17899,50.6101],[28.23999,50.63275],[28.28172,50.67837],[28.2415,50.70943],[28.26237,50.72122],[28.22844,50.74334],[28.24223,50.75234],[28.1664,50.78399],[28.17477,50.79701],[28.14942,50.80349],[28.13074,50.85784],[28.11283,50.86399],[28.17092,50.92305],[28.14066,50.96468],[28.15703,50.96679],[28.10639,50.98713],[28.12738,51.02732],[28.05186,51.02979],[28.02851,51.05078],[27.95571,51.05748],[27.952,51.0697],[27.92876,51.04864],[27.75337,51.04754],[27.76377,51.03532],[27.74953,51.02954],[27.77357,51.01169],[27.70921,50.99615],[27.66065,51.01327],[27.66643,51.03835],[27.62527,51.07727],[27.58353,51.08248],[27.58634,51.05645],[27.54925,51.07791],[27.47044,51.05131],[27.47983,51.04431],[27.45377,51.01045],[27.38906,50.98529],[27.35298,51.01207],[27.38313,51.00147],[27.44595,51.04433],[27.43167,51.06775],[27.35897,51.05904],[27.36019,51.07656],[27.33396,51.08266]]]]},"properties":{"uid":60,"title_uk":"Звягельський район","region_type":"raion","parent_uid":10,"oblast_uid":10}},{"type":"Feature","geometry":{"type":"MultiPolygon","coordinates":[[[[22.36475,48.37932],[22.36103,48.40261],[22.34207,48.40604],[22.34738,48.37988],[22.31882,48.36861],[22.31284,48.3264],[22.36926,48.24498],[22.38446,48.23415],[22.40091,48.24904],[22.50214,48.24844],[22.53169,48.20885],[22.57038,48.19607],[22.56141,48.18158],[22.59815,48.14518],[22.59024,48.10761],[22.67275,48.09169],[22.73511,48.1193],[22.77047,48.10891],[22.77226,48.12146],[22.80227,48.12168],[22.8064,48.10603],[22.82489,48.117],[22.83658,48.07968],[22.88154,48.05472],[22.86604,48.01209],[22.83563,47.98985],[22.89549,47.95416],[22.9475,47.96726],[22.92035,48.00667],[22.92712,48.01909],[23.01357,47.99046],[23.08997,48.00546],[23.10923,48.03521],[23.10521,48.06573],[23.12334,48.07741],[23.11397,48.08656],[23.16661,48.11994],[23.18916,48.09772],[23.26752,48.10102],[23.26378,48.15232],[23.20518,48.16254],[23.10291,48.24262],[23.09285,48.22062],[23.06266,48.22199],[23.05917,48.25449],[23.03552,48.27335],[22.94613,48.24956],[22.9791,48.28602],[23.03294,48.27932],[22.99181,48.31709],[22.99278,48.33326],[22.94627,48.35119],[22.89469,48.32811],[22.9072,48.32407],[22.89188,48.3134],[22.89542,48.28099],[22.85572,48.30493],[22.8531,48.32619],[22.87947,48.33458],[22.86358,48.35515],[22.86023,48.33599],[22.83054,48.34578],[22.83852,48.33561],[22.79157,48.30974],[22.79235,48.29111],[22.70747,48.29314],[22.66802,48.3073],[22.64069,48.33965],[22.61059,48.3133],[22.61354,48.32448],[22.57121,48.33914],[22.54471,48.32557],[22.57632,48.32058],[22.56682,48.30681],[22.52205,48.29763],[22.50165,48.30814],[22.54309,48.349],[22.49498,48.37302],[22.49728,48.38433],[22.45996,48.37459],[22.39387,48.39239],[22.36475,48.37932]],[[22.90128,48.23936],[22.90286,48.25057],[22.91778,48.24335],[22.90128,48.23936]]]]},"properties":{"uid":61,"title_uk":"Берегівський район","region_type":"raion","parent_uid":11,"oblast_uid":11}},{"type":"Feature","geometry":{"type":"MultiPolygon","coordinates":[[[[23.37544,48.7542],[23.35925,48.77268],[23.3173,48.75354],[23.31378,48.72782],[23.29024,48.7164],[23.29061,48.68832],[23.24835,48.65163],[23.16438,48.63608],[23.17856,48.62702],[23.16616,48.61402],[23.13845,48.62608],[23.19888,48.60914],[23.19505,48.58545],[23.15484,48.55591],[23.15342,48.50313],[23.17078,48.47627],[23.14293,48.44487],[22.98058,48.49579],[22.92041,48.45175],[22.91177,48.42299],[22.88306,48.4329],[22.89629,48.44909],[22.85097,48.43781],[22.87952,48.40993],[22.91285,48.40594],[22.94876,48.34398],[22.99278,48.33326],[22.99181,48.31709],[23.02694,48.29798],[23.03294,48.27932],[22.9791,48.28602],[22.94613,48.24956],[23.03552,48.27335],[23.05917,48.25449],[23.06266,48.22199],[23.09285,48.22062],[23.10291,48.24262],[23.20518,48.16254],[23.26378,48.15232],[23.26115,48.1081],[23.29191,48.07349],[23.27641,48.05969],[23.28792,48.04675],[23.33407,48.03796],[23.33214,48.0205],[23.41688,47.9866],[23.50097,47.96866],[23.52845,48.02256],[23.45237,48.04044],[23.43881,48.06999],[23.47032,48.1142],[23.54776,48.12842],[23.55393,48.14],[23.52787,48.14569],[23.51036,48.17596],[23.52718,48.20787],[23.57457,48.22277],[23.63063,48.30134],[23.68406,48.31681],[23.66622,48.3387],[23.69506,48.34809],[23.70317,48.37228],[23.7367,48.36531],[23.79169,48.40021],[23.86476,48.541],[23.83547,48.57943],[23.79211,48.59175],[23.78896,48.64066],[23.70662,48.63867],[23.62599,48.70653],[23.51174,48.73475],[23.47107,48.71835],[23.39682,48.73294],[23.37544,48.7542]]],[[[22.90529,48.24887],[22.90032,48.23831],[22.91786,48.24298],[22.90529,48.24887]]]]},"properties":{"uid":62,"title_uk":"Хустський район","region_type":"raion","parent_uid":11,"oblast_uid":11}},{"type":"Feature","geometry":{"type":"MultiPolygon","coordinates":[[[[24.29435,48.39797],[24.28366,48.40112],[24.28877,48.38077],[24.25825,48.34974],[24.17837,48.36672],[24.14499,48.3204],[24.16544,48.30471],[24.14748,48.27549],[24.10934,48.25404],[24.08925,48.27353],[24.06641,48.25018],[24.03507,48.26228],[24.01664,48.20004],[23.965,48.20054],[23.99609,48.18345],[23.91924,48.10832],[23.94083,48.0527],[23.89213,48.04468],[23.93365,47.98588],[23.96352,47.98893],[23.95556,47.96457],[24.00848,47.96727],[24.09804,47.93655],[24.11243,47.91473],[24.19493,47.91642],[24.22802,47.89655],[24.32487,47.92585],[24.34449,47.91454],[24.38144,47.92642],[24.39393,47.95428],[24.43583,47.97034],[24.50205,47.95229],[24.55252,47.95868],[24.57607,48.01616],[24.62694,48.04681],[24.59567,48.08996],[24.5311,48.12353],[24.50024,48.15972],[24.54543,48.21593],[24.48478,48.24395],[24.48825,48.27983],[24.417,48.33198],[24.35779,48.35203],[24.34977,48.38164],[24.29435,48.39797]]]]},"properties":{"uid":63,"title_uk":"Рахівський район","region_type":"raion","parent_uid":11,"oblast_uid":11}},{"type":"Feature","geometry":{"type":"MultiPolygon","coordinates":[[[[23.91241,48.55603],[23.86008,48.55269],[23.85844,48.52241],[23.80727,48.44765],[23.81918,48.43156],[23.79169,48.40021],[23.7367,48.36531],[23.70317,48.37228],[23.69506,48.34809],[23.66622,48.3387],[23.68406,48.31681],[23.63063,48.30134],[23.57457,48.22277],[23.52718,48.20787],[23.51443,48.16344],[23.55393,48.14],[23.52985,48.1177],[23.46766,48.11198],[23.43881,48.06999],[23.44622,48.04495],[23.56646,48.0029],[23.61703,48.00824],[23.6669,47.98381],[23.77115,47.99588],[23.81947,47.98238],[23.8635,47.93198],[23.93933,47.94741],[23.95948,47.9664],[23.96352,47.98893],[23.93365,47.98588],[23.89213,48.04468],[23.94083,48.0527],[23.91924,48.10832],[23.99609,48.18345],[23.965,48.20054],[24.01664,48.20004],[24.03507,48.26228],[24.06641,48.25018],[24.08925,48.27353],[24.10934,48.25404],[24.14748,48.27549],[24.16544,48.30471],[24.14499,48.3204],[24.17961,48.37474],[24.14817,48.38892],[24.14542,48.43453],[24.12503,48.45319],[24.14024,48.48086],[24.11415,48.49842],[24.13152,48.52902],[24.11208,48.53417],[24.03211,48.50081],[24.00283,48.5065],[23.96312,48.45789],[23.911,48.47479],[23.92477,48.51302],[23.91422,48.53343],[23.92889,48.55232],[23.91241,48.55603]]]]},"properties":{"uid":64,"title_uk":"Тячівський район","region_type":"raion","parent_uid":11,"oblast_uid":11}},{"type":"Feature","geometry":{"type":"MultiPolygon","coordinates":[[[[22.88742,48.9228],[22.85961,48.91774],[22.86026,48.89899],[22.83342,48.87784],[22.88199,48.82798],[22.8798,48.78611],[22.89611,48.76398],[22.86201,48.72787],[22.85213,48.61628],[22.81592,48.61249],[22.78825,48.63371],[22.72798,48.63145],[22.67702,48.65019],[22.62801,48.57729],[22.54929,48.55964],[22.55469,48.53102],[22.58324,48.51137],[22.55794,48.48159],[22.50984,48.49596],[22.47211,48.48044],[22.40209,48.49035],[22.36186,48.47516],[22.46648,48.41015],[22.50258,48.40401],[22.49498,48.37302],[22.54309,48.349],[22.50409,48.30096],[22.56682,48.30681],[22.57632,48.32058],[22.54471,48.32557],[22.57154,48.33921],[22.61806,48.31402],[22.64069,48.33965],[22.66802,48.3073],[22.70747,48.29314],[22.79235,48.29111],[22.79157,48.30974],[22.83852,48.33561],[22.83054,48.34578],[22.86023,48.33599],[22.86358,48.35515],[22.87947,48.33458],[22.8531,48.32619],[22.85572,48.30493],[22.89835,48.28146],[22.89188,48.3134],[22.9072,48.32407],[22.89469,48.32811],[22.94622,48.35334],[22.91905,48.37801],[22.93124,48.38344],[22.91947,48.39974],[22.87952,48.40993],[22.85467,48.44172],[22.87729,48.43497],[22.89629,48.44909],[22.88306,48.4329],[22.91177,48.42299],[22.92041,48.45175],[22.98058,48.49579],[23.14293,48.44487],[23.17078,48.47627],[23.15342,48.50313],[23.15311,48.54999],[23.19505,48.58545],[23.19888,48.60914],[23.13845,48.62608],[23.16616,48.61402],[23.17856,48.62702],[23.16438,48.63608],[23.24835,48.65163],[23.29061,48.68832],[23.29013,48.71613],[23.31378,48.72782],[23.31634,48.75687],[23.28541,48.77583],[23.26797,48.76167],[23.20082,48.76064],[23.168,48.81683],[23.09852,48.86283],[23.02012,48.84718],[23.00101,48.82951],[22.97474,48.84485],[22.97047,48.87437],[22.89822,48.90435],[22.88742,48.9228]]]]},"properties":{"uid":65,"title_uk":"Мукачівський район","region_type":"raion","parent_uid":11,"oblast_uid":11}},{"type":"Feature","geometry":{"type":"MultiPolygon","coordinates":[[[[22.58336,49.09703],[22.55313,49.07948],[22.54545,49.00675],[22.47727,48.99114],[22.42474,48.92922],[22.42102,48.88452],[22.38357,48.86548],[22.38754,48.79999],[22.34551,48.7661],[22.36173,48.73017],[22.3396,48.68401],[22.25025,48.64743],[22.1713,48.58749],[22.14259,48.40425],[22.20706,48.42567],[22.26464,48.41011],[22.24003,48.38626],[22.29967,48.35345],[22.34545,48.37722],[22.34207,48.40604],[22.36103,48.40261],[22.36513,48.37882],[22.39387,48.39239],[22.48189,48.37379],[22.47544,48.38597],[22.50258,48.40401],[22.46648,48.41015],[22.36186,48.47516],[22.40209,48.49035],[22.47211,48.48044],[22.50984,48.49596],[22.55794,48.48159],[22.58324,48.51137],[22.55469,48.53102],[22.54929,48.55964],[22.62801,48.57729],[22.67702,48.65019],[22.72798,48.63145],[22.78825,48.63371],[22.81912,48.61197],[22.8587,48.62263],[22.84869,48.68277],[22.8702,48.74887],[22.89611,48.76398],[22.8798,48.78611],[22.88199,48.82798],[22.83342,48.87784],[22.86026,48.89899],[22.85961,48.91774],[22.88604,48.92474],[22.87324,48.95679],[22.91896,48.96965],[22.91414,48.98909],[22.89767,49.00496],[22.84698,49.00237],[22.83346,49.02594],[22.77184,49.05206],[22.68011,49.03934],[22.58336,49.09703]]]]},"properties":{"uid":66,"title_uk":"Ужгородський район","region_type":"raion","parent_uid":11,"oblast_uid":11}},{"type":"Feature","geometry":{"type":"MultiPolygon","coordinates":[[[[24.71731,48.27531],[24.66258,48.25739],[24.68751,48.23832],[24.63423,48.18357],[24.64255,48.1771],[24.62826,48.16807],[24.64307,48.15952],[24.60006,48.1608],[24.55465,48.11797],[24.62709,48.04718],[24.57454,48.01429],[24.56272,47.96846],[24.59726,47.94629],[24.62839,47.94809],[24.63537,47.92453],[24.67386,47.89646],[24.67104,47.86565],[24.70632,47.84024],[24.82795,47.82049],[24.83643,47.77963],[24.87857,47.75259],[24.88322,47.72428],[24.92233,47.72681],[24.94667,47.79425],[24.99732,47.8556],[24.95653,47.87916],[24.94452,47.8979],[24.96126,47.90399],[24.95704,47.92001],[24.9192,47.94652],[24.92892,47.95391],[24.91445,47.96861],[24.91138,48.0269],[24.9942,48.08653],[24.98007,48.11189],[25.03659,48.11171],[25.08375,48.1612],[25.03816,48.17307],[25.02111,48.20176],[24.97668,48.20008],[24.96366,48.22314],[24.91944,48.21263],[24.90233,48.193],[24.84094,48.22603],[24.78866,48.2202],[24.76089,48.26647],[24.71731,48.27531]]]]},"properties":{"uid":67,"title_uk":"Верховинський район","region_type":"raion","parent_uid":13,"oblast_uid":13}},{"type":"Feature","geometry":{"type":"MultiPolygon","coordinates":[[[[24.47977,49.55916],[24.43447,49.53671],[24.44622,49.50728],[24.40225,49.49572],[24.41785,49.4737],[24.4104,49.44488],[24.37012,49.42987],[24.38713,49.39515],[24.4369,49.38051],[24.39083,49.35395],[24.40162,49.33901],[24.38052,49.308],[24.35852,49.32226],[24.3017,49.31594],[24.29933,49.28789],[24.36389,49.28035],[24.34035,49.24207],[24.34831,49.23252],[24.45965,49.23268],[24.51002,49.21642],[24.52825,49.22604],[24.55032,49.19654],[24.57685,49.19449],[24.55969,49.18063],[24.51421,49.18208],[24.50364,49.16247],[24.55119,49.13942],[24.56047,49.08931],[24.53367,49.0514],[24.57199,49.03554],[24.39639,48.86402],[24.37185,48.86985],[24.29134,48.77053],[24.29802,48.76197],[24.24509,48.7529],[24.25847,48.72832],[24.18878,48.68855],[24.14221,48.63962],[24.10428,48.64519],[24.10148,48.56768],[24.13076,48.54346],[24.12546,48.53295],[24.20589,48.52553],[24.27687,48.59416],[24.37402,48.61721],[24.37247,48.63292],[24.46904,48.64545],[24.48178,48.68203],[24.52194,48.67982],[24.543,48.70077],[24.58042,48.68598],[24.55035,48.72251],[24.59436,48.71117],[24.62848,48.728],[24.64199,48.75627],[24.72484,48.73898],[24.75585,48.76616],[24.74243,48.77146],[24.76812,48.76648],[24.80973,48.7927],[24.8943,48.75844],[24.92192,48.76819],[24.98066,48.72783],[25.00233,48.73723],[24.9812,48.76308],[24.99958,48.74107],[25.0404,48.73],[25.09435,48.6747],[25.17732,48.64258],[25.22317,48.65098],[25.24242,48.68139],[25.20962,48.71084],[25.262,48.73469],[25.22389,48.78228],[25.24275,48.79417],[25.23874,48.81237],[25.31595,48.82749],[25.32407,48.84531],[25.29214,48.84496],[25.26208,48.86675],[25.20919,48.84729],[25.23296,48.93227],[25.19058,48.92679],[25.19816,48.91469],[25.1673,48.89356],[25.16516,48.86594],[25.13666,48.87489],[25.11821,48.92397],[25.14725,48.94391],[25.10849,48.96519],[25.11386,48.99698],[25.08764,48.97963],[25.01763,49.01133],[24.96562,48.99233],[24.96954,49.01125],[24.90299,49.05452],[24.91631,49.08301],[24.99113,49.07129],[24.97368,49.08253],[24.98557,49.1167],[24.89993,49.1289],[24.85644,49.16364],[24.85783,49.17862],[24.934,49.23222],[24.84349,49.2627],[24.82869,49.32049],[24.85941,49.34658],[24.83372,49.36281],[24.82886,49.38553],[24.77836,49.38123],[24.77089,49.43158],[24.72071,49.4969],[24.63852,49.49765],[24.57333,49.53431],[24.51938,49.52152],[24.50758,49.53551],[24.52177,49.54223],[24.47977,49.55916]]]]},"properties":{"uid":68,"title_uk":"Івано-Франківський район","region_type":"raion","parent_uid":13,"oblast_uid":13}},{"type":"Feature","geometry":{"type":"MultiPolygon","coordinates":[[[[24.79559,48.44825],[24.78659,48.45799],[24.70407,48.42347],[24.72563,48.38247],[24.74808,48.37794],[24.7559,48.32804],[24.73337,48.30113],[24.7375,48.27341],[24.7774,48.24923],[24.77674,48.22542],[24.84094,48.22603],[24.90233,48.193],[24.91944,48.21263],[24.96366,48.22314],[24.97668,48.20008],[25.02111,48.20176],[25.03816,48.17307],[25.08261,48.16033],[25.09778,48.18573],[25.13802,48.18244],[25.10646,48.22524],[25.19319,48.25495],[25.30914,48.35961],[25.26374,48.3669],[25.25145,48.39802],[25.1756,48.41428],[25.11821,48.39693],[25.08277,48.41703],[25.03581,48.40609],[24.96343,48.44166],[24.84843,48.43068],[24.79559,48.44825]]]]},"properties":{"uid":69,"title_uk":"Косівський район","region_type":"raion","parent_uid":13,"oblast_uid":13}},{"type":"Feature","geometry":{"type":"MultiPolygon","coordinates":[[[[25.45489,48.84286],[25.46929,48.85691],[25.43476,48.87219],[25.43381,48.84378],[25.3531,48.85944],[25.34466,48.83754],[25.2453,48.8185],[25.24275,48.79417],[25.22389,48.78228],[25.262,48.73469],[25.20962,48.71084],[25.24242,48.68139],[25.22317,48.65098],[25.17732,48.64258],[25.07122,48.6883],[25.0404,48.73],[24.99958,48.74107],[24.9812,48.76308],[25.00233,48.73723],[24.98066,48.72783],[24.92192,48.76819],[24.8943,48.75844],[24.81986,48.79163],[24.76812,48.76648],[24.74499,48.773],[24.75585,48.76616],[24.74312,48.74688],[24.71279,48.73681],[24.72873,48.71514],[24.81726,48.681],[24.81409,48.64005],[24.82558,48.63783],[24.82455,48.62428],[24.78531,48.62439],[24.78269,48.59469],[24.77004,48.59467],[24.78341,48.53049],[24.76175,48.53097],[24.76216,48.54448],[24.74781,48.52254],[24.73058,48.5264],[24.7807,48.49169],[24.7617,48.47706],[24.77084,48.46525],[24.84843,48.43068],[24.96343,48.44166],[25.03581,48.40609],[25.08277,48.41703],[25.12938,48.39635],[25.1756,48.41428],[25.25145,48.39802],[25.26374,48.3669],[25.30914,48.35961],[25.4539,48.40258],[25.6211,48.38038],[25.62028,48.4088],[25.60018,48.41471],[25.60919,48.52707],[25.58512,48.634],[25.65205,48.70034],[25.60996,48.72278],[25.64073,48.74731],[25.55369,48.79903],[25.455,48.83102],[25.45489,48.84286]]]]},"properties":{"uid":70,"title_uk":"Коломийський район","region_type":"raion","parent_uid":13,"oblast_uid":13}},{"type":"Feature","geometry":{"type":"MultiPolygon","coordinates":[[[[24.47382,49.22394],[24.44876,49.23123],[24.43511,49.17374],[24.35705,49.18587],[24.23401,49.14362],[24.20736,49.1483],[24.19808,49.13876],[24.21285,49.13329],[24.17187,49.14373],[24.15504,49.128],[24.08338,49.14879],[24.02055,49.11716],[23.9696,49.13774],[23.90595,49.09921],[23.75923,49.12215],[23.72561,49.0961],[23.69914,49.10073],[23.67682,49.07503],[23.68778,49.06575],[23.67285,49.03594],[23.62189,49.02539],[23.62468,49.01383],[23.56575,48.97463],[23.5858,48.95326],[23.56278,48.91013],[23.57778,48.88646],[23.60776,48.87813],[23.57588,48.8666],[23.55151,48.82247],[23.579,48.78446],[23.54462,48.74072],[23.54821,48.72512],[23.63015,48.7044],[23.63735,48.68429],[23.70511,48.63912],[23.78896,48.64066],[23.79211,48.59175],[23.83547,48.57943],[23.85739,48.55274],[23.90679,48.56297],[23.92889,48.55232],[23.90743,48.48231],[23.92503,48.46529],[23.96536,48.45833],[24.00283,48.5065],[24.03431,48.50128],[24.12546,48.53295],[24.13076,48.54346],[24.10148,48.56768],[24.10428,48.64519],[24.14097,48.63898],[24.18878,48.68855],[24.23794,48.71129],[24.25847,48.72832],[24.24509,48.7529],[24.29802,48.76197],[24.29134,48.77053],[24.37185,48.86985],[24.39639,48.86402],[24.5149,48.96981],[24.53666,48.99485],[24.52974,49.00776],[24.56489,49.01909],[24.5575,49.03071],[24.57075,49.03691],[24.53367,49.0514],[24.56047,49.08931],[24.55119,49.13942],[24.50364,49.16247],[24.51421,49.18208],[24.55969,49.18063],[24.57685,49.19449],[24.55032,49.19654],[24.52825,49.22604],[24.47382,49.22394]]]]},"properties":{"uid":71,"title_uk":"Калуський район","region_type":"raion","parent_uid":13,"oblast_uid":13}},{"type":"Feature","geometry":{"type":"MultiPolygon","coordinates":[[[[24.67112,48.75096],[24.64199,48.75627],[24.62848,48.728],[24.59436,48.71117],[24.55035,48.72251],[24.58042,48.68598],[24.543,48.70077],[24.52194,48.67982],[24.48178,48.68203],[24.46904,48.64545],[24.37247,48.63292],[24.37402,48.61721],[24.27687,48.59416],[24.21739,48.53126],[24.17937,48.5219],[24.17012,48.536],[24.14034,48.53521],[24.11415,48.49842],[24.14024,48.48086],[24.12503,48.45319],[24.14542,48.43453],[24.1479,48.38934],[24.17944,48.36481],[24.25825,48.34974],[24.28877,48.38077],[24.28366,48.40112],[24.30482,48.39679],[24.35098,48.38091],[24.35779,48.35203],[24.417,48.33198],[24.48825,48.27983],[24.48478,48.24395],[24.54543,48.21593],[24.50024,48.15972],[24.55251,48.11806],[24.60006,48.1608],[24.64307,48.15952],[24.62826,48.16807],[24.64255,48.1771],[24.63423,48.18357],[24.68751,48.23832],[24.66258,48.25739],[24.67317,48.26963],[24.73924,48.2807],[24.73337,48.30113],[24.7559,48.32804],[24.74808,48.37794],[24.72563,48.38247],[24.70407,48.42347],[24.78765,48.45786],[24.7617,48.47706],[24.7807,48.49169],[24.73042,48.52722],[24.74781,48.52254],[24.76216,48.54448],[24.76175,48.53097],[24.78341,48.53049],[24.77004,48.59467],[24.78269,48.59469],[24.78531,48.62439],[24.82455,48.62428],[24.81726,48.681],[24.67112,48.75096]]]]},"properties":{"uid":72,"title_uk":"Надвірнянський район","region_type":"raion","parent_uid":13,"oblast_uid":13}},{"type":"Feature","geometry":{"type":"MultiPolygon","coordinates":[[[[30.20373,50.10793],[30.13111,50.10159],[30.09717,50.07727],[30.09375,50.01256],[29.95054,50.05518],[29.91497,50.04518],[29.9188,50.00274],[29.93693,50.00186],[29.96257,49.9577],[29.98416,49.95336],[29.85138,49.87112],[29.78583,49.90011],[29.73162,49.8823],[29.6997,49.90629],[29.64917,49.87794],[29.66661,49.87383],[29.65523,49.86655],[29.54693,49.83549],[29.54193,49.81902],[29.50911,49.83506],[29.48027,49.80321],[29.47004,49.81444],[29.43874,49.80552],[29.46208,49.76194],[29.43568,49.72947],[29.44601,49.71346],[29.49734,49.71384],[29.48904,49.66916],[29.53527,49.63669],[29.49929,49.59374],[29.53074,49.56207],[29.53909,49.52099],[29.58485,49.50656],[29.5844,49.49467],[29.54346,49.48367],[29.59486,49.44326],[29.54162,49.40143],[29.50527,49.39584],[29.50266,49.36986],[29.5342,49.32477],[29.61913,49.30583],[29.60772,49.29966],[29.62185,49.27412],[29.61305,49.26544],[29.64049,49.2466],[29.68988,49.2374],[29.71054,49.26315],[29.71624,49.23587],[29.75466,49.22629],[29.72733,49.2081],[29.76014,49.17978],[29.8192,49.17857],[29.88222,49.18613],[29.87677,49.20026],[29.95558,49.25218],[29.94839,49.31192],[30.00716,49.31505],[30.02664,49.3343],[30.07838,49.32232],[30.08863,49.286],[30.11305,49.2701],[30.12324,49.28892],[30.10703,49.30289],[30.13684,49.33123],[30.20026,49.32817],[30.18949,49.27491],[30.36674,49.25504],[30.37571,49.23626],[30.39773,49.30348],[30.42123,49.30233],[30.41385,49.33047],[30.47327,49.36509],[30.51582,49.32782],[30.60719,49.37025],[30.72858,49.33173],[30.80045,49.35407],[30.90906,49.3585],[30.9305,49.38052],[30.92366,49.43576],[30.90096,49.44497],[30.79532,49.43812],[30.77931,49.44541],[30.79067,49.45801],[30.75632,49.45833],[30.76296,49.46661],[30.73182,49.48892],[30.69443,49.47317],[30.71583,49.50283],[30.65509,49.55962],[30.65956,49.58171],[30.61771,49.60691],[30.62062,49.62351],[30.62963,49.59998],[30.69763,49.59604],[30.73645,49.62207],[30.69742,49.64174],[30.70052,49.65735],[30.72996,49.65666],[30.7457,49.69191],[30.70624,49.73982],[30.71753,49.82618],[30.65952,49.83718],[30.54239,49.82594],[30.54104,49.8599],[30.57318,49.86295],[30.58751,49.89106],[30.52972,49.91728],[30.53807,49.93621],[30.4926,49.93595],[30.48815,49.96641],[30.44067,49.99213],[30.33415,49.99173],[30.20373,50.10793]]]]},"properties":{"uid":73,"title_uk":"Білоцерківський район","region_type":"raion","parent_uid":14,"oblast_uid":14}},{"type":"Feature","geometry":{"type":"MultiPolygon","coordinates":[[[[29.74831,51.27174],[29.65844,51.24115],[29.5063,51.26831],[29.46401,51.23727],[29.46898,51.22554],[29.40088,51.2459],[29.41653,51.22635],[29.38088,51.22912],[29.36202,51.1823],[29.48154,51.19065],[29.55349,51.18113],[29.57779,51.15916],[29.62033,51.16853],[29.64912,51.155],[29.59342,51.15274],[29.54697,51.12089],[29.50583,51.13465],[29.4275,51.12395],[29.51178,51.06064],[29.46461,51.01897],[29.46728,50.98507],[29.4139,50.98355],[29.41154,50.94895],[29.46753,50.92475],[29.47136,50.90366],[29.52135,50.86888],[29.49752,50.83731],[29.54221,50.8284],[29.54741,50.81379],[29.48823,50.81224],[29.5216,50.79252],[29.50721,50.77449],[29.47271,50.7734],[29.51059,50.76538],[29.5995,50.78182],[29.64927,50.76382],[29.75909,50.76701],[29.87549,50.79455],[29.89742,50.77955],[29.88612,50.76977],[29.89815,50.74711],[29.90786,50.77768],[29.91887,50.75429],[29.96146,50.75454],[29.97148,50.7753],[30.05996,50.7745],[30.0424,50.73024],[30.07337,50.69792],[30.11307,50.68973],[30.10721,50.71521],[30.21187,50.7182],[30.27353,50.7089],[30.30841,50.68568],[30.27956,50.6639],[30.28098,50.62647],[30.32441,50.6024],[30.28384,50.59885],[30.30511,50.57107],[30.46287,50.58443],[30.53232,50.54021],[30.57234,50.54486],[30.56127,50.56049],[30.59014,50.555],[30.59434,50.57253],[30.5759,50.58327],[30.6402,50.59541],[30.62834,50.60967],[30.6484,50.61],[30.67044,50.65273],[30.69874,50.65778],[30.67466,50.6886],[30.70331,50.70075],[30.67113,50.71216],[30.71514,50.72548],[30.71155,50.73942],[30.74908,50.769],[30.73653,50.78279],[30.7508,50.79845],[30.73233,50.8125],[30.76512,50.81231],[30.77822,50.85627],[30.73456,50.89822],[30.67288,50.90619],[30.64097,51.00315],[30.60284,51.00929],[30.60134,51.02684],[30.49937,51.01905],[30.49344,51.04985],[30.51019,51.07372],[30.4845,51.09184],[30.35648,51.08559],[30.31042,51.12049],[30.16935,51.11212],[30.09734,51.12993],[29.88604,51.13357],[29.87326,51.14703],[29.88512,51.15653],[29.96584,51.14426],[29.90742,51.18526],[29.94782,51.20117],[29.89507,51.21514],[29.8723,51.20267],[29.80972,51.25213],[29.70744,51.24222],[29.71092,51.25781],[29.75742,51.26711],[29.74831,51.27174]]],[[[30.7456,51.54041],[30.70886,51.55308],[30.71012,51.53087],[30.58574,51.51588],[30.78225,51.51185],[30.78922,51.52286],[30.78531,51.53885],[30.7456,51.54041]]]]},"properties":{"uid":74,"title_uk":"Вишгородський район","region_type":"raion","parent_uid":14,"oblast_uid":14}},{"type":"Feature","geometry":{"type":"MultiPolygon","coordinates":[[[[29.89317,50.78079],[29.87549,50.79455],[29.81706,50.77475],[29.64927,50.76382],[29.57089,50.77865],[29.56606,50.76328],[29.59718,50.7292],[29.586,50.70928],[29.54202,50.68981],[29.52878,50.6636],[29.48579,50.6627],[29.46358,50.63331],[29.47253,50.62818],[29.44471,50.62121],[29.49801,50.59028],[29.50292,50.54944],[29.45876,50.53948],[29.46019,50.51725],[29.50663,50.50014],[29.51087,50.47076],[29.48346,50.45922],[29.4572,50.47111],[29.44686,50.45282],[29.49763,50.45049],[29.49839,50.43978],[29.48158,50.41891],[29.44261,50.41544],[29.45479,50.40147],[29.56027,50.42252],[29.59039,50.40037],[29.58879,50.37488],[29.63779,50.37238],[29.64185,50.35818],[29.61169,50.3414],[29.62602,50.3301],[29.71862,50.31393],[29.75832,50.34885],[29.8278,50.29678],[29.90992,50.2987],[29.91764,50.33803],[29.98428,50.35224],[29.99908,50.38032],[29.97216,50.41005],[30.05651,50.37652],[30.06984,50.365],[30.06177,50.34649],[30.0904,50.32442],[30.08968,50.3351],[30.12511,50.348],[30.14702,50.33734],[30.16668,50.35459],[30.16914,50.34103],[30.23514,50.32107],[30.25974,50.35536],[30.30404,50.3484],[30.33466,50.375],[30.36423,50.35277],[30.44217,50.38146],[30.36913,50.42097],[30.34559,50.45362],[30.28126,50.44732],[30.26931,50.42621],[30.23653,50.43055],[30.25186,50.48494],[30.27032,50.49812],[30.26347,50.5147],[30.30258,50.53307],[30.29803,50.55441],[30.34189,50.55693],[30.28324,50.59737],[30.32485,50.59927],[30.28005,50.62858],[30.27956,50.6639],[30.30841,50.68568],[30.27353,50.7089],[30.21187,50.7182],[30.10721,50.71521],[30.11307,50.68973],[30.09529,50.691],[30.04495,50.72373],[30.05996,50.7745],[29.97148,50.7753],[29.96146,50.75454],[29.91887,50.75429],[29.90786,50.77768],[29.89815,50.74711],[29.89317,50.78079]]],[[[30.34301,50.49619],[30.3174,50.49206],[30.35178,50.48458],[30.34301,50.49619]]]]},"properties":{"uid":75,"title_uk":"Бучанський район","region_type":"raion","parent_uid":14,"oblast_uid":14}},{"type":"Feature","geometry":{"type":"MultiPolygon","coordinates":[[[[30.47062,50.33693],[30.40306,50.31766],[30.41969,50.29452],[30.37845,50.28898],[30.39714,50.27397],[30.37453,50.26537],[30.40078,50.2489],[30.38401,50.23709],[30.42138,50.21183],[30.38671,50.19369],[30.38175,50.16641],[30.33854,50.18376],[30.3463,50.19347],[30.32327,50.22336],[30.33228,50.23541],[30.29356,50.18798],[30.2384,50.21931],[30.20439,50.18214],[30.24071,50.17261],[30.23422,50.16213],[30.25173,50.15429],[30.1982,50.14957],[30.22182,50.13136],[30.19691,50.11719],[30.33415,49.99173],[30.44067,49.99213],[30.48815,49.96641],[30.4926,49.93595],[30.53807,49.93621],[30.52972,49.91728],[30.58751,49.89106],[30.57318,49.86295],[30.54104,49.8599],[30.54239,49.82594],[30.65952,49.83718],[30.71753,49.82618],[30.70624,49.73982],[30.7457,49.69191],[30.72996,49.65666],[30.70052,49.65735],[30.69742,49.64174],[30.73645,49.62207],[30.69763,49.59604],[30.62963,49.59998],[30.62062,49.62351],[30.61737,49.61262],[30.62658,49.59315],[30.65956,49.58171],[30.65509,49.55962],[30.71583,49.50283],[30.69443,49.47317],[30.72841,49.48961],[30.76296,49.46661],[30.75632,49.45833],[30.79067,49.45801],[30.77931,49.44541],[30.79532,49.43812],[30.90096,49.44497],[30.92955,49.41855],[30.9945,49.42277],[31.02931,49.47176],[31.04403,49.45649],[31.03948,49.47342],[31.09492,49.49718],[31.10868,49.5573],[31.15159,49.55586],[31.13859,49.57129],[31.15261,49.58047],[31.1287,49.58377],[31.13569,49.60369],[31.21747,49.6946],[31.19623,49.70154],[31.22103,49.73312],[31.20767,49.7555],[31.21623,49.77689],[31.18979,49.79023],[31.2208,49.83207],[31.20774,49.85231],[31.24737,49.86766],[31.26083,49.85813],[31.29117,49.88295],[31.38009,49.9078],[31.3349,49.93828],[31.35013,49.95021],[31.31529,49.96401],[31.24891,49.93653],[31.1775,49.95129],[31.18724,49.96737],[31.11798,49.98628],[31.06355,49.98515],[30.96688,50.0488],[30.96088,50.07407],[30.92572,50.08549],[30.89362,50.13215],[30.80047,50.16376],[30.77238,50.15834],[30.73182,50.22029],[30.71543,50.22045],[30.72105,50.24507],[30.66912,50.25716],[30.67209,50.27816],[30.6488,50.29258],[30.60976,50.27687],[30.64671,50.23972],[30.64367,50.22596],[30.59347,50.2133],[30.56378,50.27715],[30.5538,50.26965],[30.54623,50.29101],[30.52811,50.2903],[30.53363,50.31711],[30.47062,50.33693]]]]},"properties":{"uid":76,"title_uk":"Обухівський район","region_type":"raion","parent_uid":14,"oblast_uid":14}},{"type":"Feature","geometry":{"type":"MultiPolygon","coordinates":[[[[30.03561,50.38465],[29.9638,50.40585],[29.99878,50.37916],[29.97795,50.34881],[29.91764,50.33803],[29.90992,50.2987],[29.8278,50.29678],[29.75832,50.34885],[29.72585,50.31646],[29.68209,50.31165],[29.68882,50.27718],[29.66559,50.26499],[29.70125,50.23078],[29.64307,50.17985],[29.69207,50.1521],[29.65907,50.12761],[29.66988,50.11371],[29.64707,50.10648],[29.69725,50.06842],[29.69535,50.04424],[29.6715,50.03223],[29.73519,49.94453],[29.64303,49.89833],[29.6325,49.87704],[29.6997,49.90629],[29.73162,49.8823],[29.78583,49.90011],[29.85138,49.87112],[29.87465,49.8963],[29.89485,49.8913],[29.98416,49.95336],[29.96257,49.9577],[29.93693,50.00186],[29.9188,50.00274],[29.91497,50.04518],[29.95054,50.05518],[30.09375,50.01256],[30.09717,50.07727],[30.22102,50.12916],[30.1982,50.14957],[30.25173,50.15429],[30.23422,50.16213],[30.24071,50.17261],[30.20439,50.18214],[30.2384,50.21931],[30.29356,50.18798],[30.33228,50.23541],[30.32327,50.22336],[30.3463,50.19347],[30.33854,50.18376],[30.38175,50.16641],[30.38671,50.19369],[30.42138,50.21183],[30.38401,50.23709],[30.40078,50.2489],[30.37453,50.26537],[30.39714,50.27397],[30.37845,50.28898],[30.41969,50.29452],[30.40306,50.31766],[30.47494,50.34109],[30.46839,50.36013],[30.43771,50.35689],[30.42588,50.3741],[30.36423,50.35277],[30.33466,50.375],[30.30404,50.3484],[30.25974,50.35536],[30.23514,50.32107],[30.16914,50.34103],[30.16668,50.35459],[30.14702,50.33734],[30.12511,50.348],[30.08968,50.3351],[30.0904,50.32442],[30.06177,50.34649],[30.06984,50.365],[30.03561,50.38465]]]]},"properties":{"uid":77,"title_uk":"Фастівський район","region_type":"raion","parent_uid":14,"oblast_uid":14}},{"type":"Feature","geometry":{"type":"MultiPolygon","coordinates":[[[[30.97142,50.4822],[30.86809,50.43537],[30.82909,50.43908],[30.84858,50.41944],[30.81848,50.3941],[30.77603,50.39475],[30.77748,50.38241],[30.74231,50.37188],[30.71721,50.38251],[30.71099,50.35238],[30.67388,50.35475],[30.67936,50.3713],[30.63628,50.36104],[30.64207,50.33773],[30.61167,50.34612],[30.67209,50.27816],[30.66072,50.26349],[30.72105,50.24507],[30.71543,50.22045],[30.73182,50.22029],[30.77238,50.15834],[30.80047,50.16376],[30.89362,50.13215],[30.92572,50.08549],[30.96088,50.07407],[30.96688,50.0488],[31.06355,49.98515],[31.11798,49.98628],[31.18724,49.96737],[31.1775,49.95129],[31.25607,49.93607],[31.30068,49.96638],[31.29332,49.97904],[31.43067,49.98821],[31.44607,49.97259],[31.42493,49.9165],[31.44899,49.87633],[31.49679,49.86134],[31.50444,49.84141],[31.51983,49.86855],[31.55099,49.87273],[31.58004,49.90686],[31.61241,49.90651],[31.61448,49.85597],[31.71157,49.85079],[31.75228,49.89339],[31.77398,49.89361],[31.7702,49.92009],[31.81356,49.96618],[31.88969,49.96245],[31.90136,49.94381],[31.91861,49.99093],[31.89994,50.01927],[31.97977,50.03872],[31.98648,50.05241],[31.90411,50.05578],[31.91142,50.10069],[31.97522,50.12516],[31.93396,50.15836],[31.96538,50.15145],[31.99328,50.20125],[32.05624,50.18766],[32.08645,50.22143],[32.1182,50.22842],[32.08945,50.24698],[32.10102,50.27658],[32.08414,50.2832],[32.14022,50.30466],[32.129,50.31572],[32.15234,50.33745],[32.1413,50.35411],[32.16101,50.36803],[32.11753,50.38069],[32.06864,50.37056],[32.00928,50.38931],[32.0363,50.34539],[32.01318,50.34338],[31.97346,50.36492],[31.89392,50.36864],[31.83127,50.40557],[31.74641,50.40772],[31.71374,50.35871],[31.72172,50.34721],[31.6674,50.32325],[31.67286,50.27894],[31.60353,50.25668],[31.58139,50.26452],[31.59003,50.28998],[31.54158,50.31186],[31.50004,50.30507],[31.49968,50.2862],[31.47124,50.28744],[31.46861,50.27129],[31.43926,50.28665],[31.415,50.25352],[31.37096,50.27308],[31.35488,50.25923],[31.38049,50.24344],[31.4188,50.17043],[31.2723,50.16708],[31.27225,50.18892],[31.18548,50.19721],[31.21118,50.24799],[31.20743,50.28725],[31.15676,50.29747],[31.1438,50.32072],[31.17289,50.36094],[31.21247,50.35946],[31.20324,50.38024],[31.22358,50.38755],[31.20968,50.4173],[31.22478,50.42225],[31.18191,50.44834],[31.14272,50.44464],[31.0971,50.47657],[31.00442,50.4643],[30.97142,50.4822]]]]},"properties":{"uid":78,"title_uk":"Бориспільський район","region_type":"raion","parent_uid":14,"oblast_uid":14}},{"type":"Feature","geometry":{"type":"MultiPolygon","coordinates":[[[[30.87059,50.78605],[30.83688,50.76396],[30.75096,50.77441],[30.71155,50.73942],[30.71514,50.72548],[30.67113,50.71216],[30.70331,50.70075],[30.67466,50.6886],[30.69874,50.65778],[30.67044,50.65273],[30.6484,50.61],[30.62834,50.60967],[30.6402,50.59541],[30.5759,50.58327],[30.59434,50.57253],[30.59014,50.555],[30.53187,50.54659],[30.54149,50.52203],[30.56716,50.51563],[30.55634,50.53911],[30.65401,50.53394],[30.66496,50.55179],[30.71415,50.55552],[30.7228,50.59044],[30.81741,50.5646],[30.82329,50.53704],[30.75261,50.51856],[30.76192,50.50902],[30.73774,50.49893],[30.75984,50.4835],[30.74285,50.45841],[30.80843,50.40954],[30.84858,50.41944],[30.82909,50.43908],[30.86809,50.43537],[30.97035,50.48289],[31.00442,50.4643],[31.0971,50.47657],[31.14272,50.44464],[31.18191,50.44834],[31.22478,50.42225],[31.20968,50.4173],[31.2236,50.38501],[31.20324,50.38024],[31.21247,50.35946],[31.17289,50.36094],[31.15008,50.34337],[31.14858,50.30527],[31.20743,50.28725],[31.21118,50.24799],[31.18548,50.19721],[31.27225,50.18892],[31.2723,50.16708],[31.4188,50.17043],[31.38049,50.24344],[31.35488,50.25923],[31.37096,50.27308],[31.415,50.25352],[31.43926,50.28665],[31.46861,50.27129],[31.47124,50.28744],[31.49968,50.2862],[31.50004,50.30507],[31.54158,50.31186],[31.59003,50.28998],[31.58139,50.26452],[31.60353,50.25668],[31.67286,50.27894],[31.6674,50.32325],[31.72172,50.34721],[31.71374,50.35871],[31.74641,50.40772],[31.83127,50.40557],[31.89392,50.36864],[31.97346,50.36492],[31.98237,50.34899],[32.02082,50.3432],[32.0363,50.34539],[32.00928,50.38931],[32.06864,50.37056],[32.10238,50.41267],[32.04451,50.40165],[32.02351,50.45862],[31.97336,50.46646],[31.97953,50.48139],[31.963,50.48513],[32.04692,50.49605],[32.06405,50.51173],[32.05144,50.5235],[32.06345,50.54077],[31.95213,50.54408],[31.9141,50.59506],[31.85899,50.63204],[31.78205,50.60567],[31.78217,50.55947],[31.68557,50.56353],[31.64678,50.55274],[31.63006,50.52033],[31.55462,50.51975],[31.52226,50.53612],[31.52121,50.52188],[31.44481,50.50035],[31.36437,50.53075],[31.33041,50.50103],[31.31916,50.52811],[31.26188,50.53921],[31.24658,50.56706],[31.16586,50.58944],[31.16604,50.6075],[31.2278,50.61316],[31.19909,50.64467],[31.2237,50.6673],[31.21834,50.69691],[31.19087,50.70268],[31.19082,50.72447],[31.12176,50.74977],[31.12641,50.77484],[31.07559,50.78136],[31.06949,50.76472],[30.94988,50.75725],[30.8891,50.77353],[30.87553,50.74652],[30.8376,50.74388],[30.84632,50.77664],[30.87059,50.78605]]],[[[30.7314,50.51195],[30.75088,50.52432],[30.72155,50.52193],[30.7314,50.51195]]]]},"properties":{"uid":79,"title_uk":"Броварський район","region_type":"raion","parent_uid":14,"oblast_uid":14}},{"type":"Feature","geometry":{"type":"MultiPolygon","coordinates":[[[[32.92312,49.23375],[32.8561,49.24619],[32.75745,49.16531],[32.77498,49.1444],[32.88915,49.12116],[32.89262,49.10067],[32.81431,49.07465],[32.8432,49.02547],[32.82868,49.00921],[32.87375,48.99228],[32.73329,48.96475],[32.75318,48.93621],[32.74142,48.93122],[32.7738,48.92357],[32.77823,48.89093],[32.82982,48.8978],[32.87208,48.88241],[32.88597,48.81551],[32.78414,48.80043],[32.80039,48.72524],[32.77759,48.71977],[32.80814,48.68923],[32.76415,48.68654],[32.76803,48.66334],[32.75462,48.6601],[32.79264,48.64367],[32.80096,48.62129],[32.85827,48.63735],[32.85659,48.61617],[32.77726,48.6059],[32.75554,48.55784],[32.77664,48.54402],[32.7837,48.45385],[32.84331,48.43185],[32.91789,48.46444],[32.9116,48.47391],[33.01721,48.48191],[33.01273,48.50447],[33.04656,48.5075],[33.05105,48.46185],[33.09112,48.4641],[33.10561,48.43563],[33.07817,48.43316],[33.07121,48.37034],[33.04173,48.3708],[33.05312,48.31804],[33.10575,48.32281],[33.1206,48.27546],[33.13693,48.27817],[33.15414,48.23148],[33.14548,48.15169],[33.18815,48.14529],[33.18554,48.15847],[33.24299,48.17264],[33.2475,48.15113],[33.27176,48.15369],[33.277,48.10319],[33.29344,48.10176],[33.31648,48.1249],[33.29082,48.15003],[33.43054,48.17006],[33.43044,48.18872],[33.49611,48.20199],[33.48442,48.21447],[33.50065,48.23195],[33.52063,48.2211],[33.54647,48.23473],[33.52972,48.27579],[33.51367,48.27729],[33.51723,48.32832],[33.47297,48.32609],[33.47871,48.3493],[33.4597,48.35756],[33.47178,48.38546],[33.49719,48.39368],[33.46967,48.53361],[33.48175,48.55807],[33.58491,48.57639],[33.5902,48.55956],[33.6222,48.56594],[33.60925,48.59943],[33.65003,48.59987],[33.66046,48.58567],[33.76148,48.62464],[33.7561,48.65721],[33.80213,48.66287],[33.80511,48.68744],[33.75036,48.68074],[33.68148,48.72319],[33.61885,48.72758],[33.60755,48.75137],[33.58523,48.75439],[33.58301,48.79678],[33.61781,48.78761],[33.65673,48.79265],[33.675,48.81517],[33.71424,48.81353],[33.72527,48.78667],[33.81128,48.80285],[33.81898,48.77608],[33.8508,48.77082],[33.84772,48.80258],[33.89376,48.90201],[33.81068,48.93873],[33.70952,48.94088],[33.66422,48.97855],[33.63794,48.97399],[33.58921,48.91689],[33.56756,48.91886],[33.57513,48.91115],[33.54767,48.91263],[33.53694,48.93139],[33.47371,48.91373],[33.47594,48.95195],[33.42133,48.94887],[33.40711,48.96145],[33.40158,48.92686],[33.35265,48.95423],[33.31985,48.94848],[33.29704,49.00791],[33.33474,49.02699],[33.2983,49.06623],[33.30789,49.07819],[33.26219,49.09187],[33.30422,49.11839],[33.26719,49.13344],[33.26013,49.15391],[33.23869,49.16655],[33.24491,49.07921],[33.20144,49.07317],[33.18559,49.09724],[33.15613,49.09842],[33.15772,49.13058],[33.10771,49.18164],[33.02954,49.1848],[32.98486,49.20907],[32.98786,49.23406],[32.97266,49.24494],[32.92312,49.23375]]]]},"properties":{"uid":80,"title_uk":"Олександрійський район","region_type":"raion","parent_uid":15,"oblast_uid":15}},{"type":"Feature","geometry":{"type":"MultiPolygon","coordinates":[[[[32.29063,49.07934],[32.26435,49.08129],[32.26197,49.05867],[32.23365,49.05944],[32.21749,48.98773],[32.18379,48.99645],[32.17815,48.97291],[32.13475,48.96613],[32.13059,48.95187],[32.15396,48.94465],[32.1458,48.91218],[32.09875,48.90294],[32.08582,48.90509],[32.09331,48.91887],[32.0489,48.91631],[32.02642,48.93072],[32.00594,48.91353],[31.95435,48.91023],[31.90609,48.87617],[31.93016,48.84195],[31.89953,48.81391],[32.01636,48.79896],[32.0738,48.71254],[31.97437,48.6853],[31.94309,48.69481],[31.95761,48.66674],[31.94086,48.6541],[31.98617,48.59964],[31.9157,48.57942],[31.95416,48.53353],[31.90589,48.54232],[31.87144,48.52939],[31.87076,48.49548],[31.85582,48.49587],[31.85339,48.47597],[31.88238,48.47008],[31.88593,48.43886],[31.91923,48.44099],[31.92586,48.368],[31.94433,48.33604],[31.9333,48.27886],[31.91173,48.27402],[31.95732,48.19059],[31.94425,48.18805],[31.95181,48.16316],[32.03073,48.13395],[31.98338,48.12446],[31.97478,48.13894],[31.91484,48.13792],[31.88268,48.12566],[31.88637,48.11166],[31.76573,48.10731],[31.78302,48.04223],[31.72903,48.03546],[31.75277,47.94345],[31.7806,47.96028],[31.84383,47.96358],[31.85499,47.91612],[31.87659,47.91942],[31.89195,47.86756],[31.85704,47.86466],[31.87108,47.82656],[31.8274,47.81652],[31.83873,47.7822],[32.05467,47.81725],[32.14033,47.7489],[32.15443,47.76094],[32.23158,47.7604],[32.22251,47.79145],[32.23962,47.79381],[32.23654,47.81469],[32.30321,47.82373],[32.3642,47.78859],[32.6578,47.81994],[32.67945,47.8518],[32.66442,47.87091],[32.68554,47.87298],[32.67648,47.90701],[32.65594,47.90482],[32.6519,47.92152],[32.74556,47.93251],[32.73707,47.95163],[32.69731,47.94653],[32.68949,47.98184],[32.89441,47.98553],[32.87047,48.03233],[32.99016,48.04823],[33.00475,47.98868],[33.02433,47.98382],[33.03632,48.03388],[33.1106,48.04289],[33.1146,48.06466],[33.14335,48.06401],[33.15368,48.04208],[33.14171,48.07648],[33.22487,48.09205],[33.22196,48.10579],[33.23686,48.10729],[33.18489,48.10446],[33.18171,48.11814],[33.23204,48.12677],[33.21455,48.16136],[33.18554,48.15847],[33.18815,48.14529],[33.14548,48.15169],[33.14991,48.25218],[33.13693,48.27817],[33.1206,48.27546],[33.10575,48.32281],[33.05312,48.31804],[33.04173,48.3708],[33.07121,48.37034],[33.07817,48.43316],[33.10561,48.43563],[33.09112,48.4641],[33.05105,48.46185],[33.04656,48.5075],[33.01273,48.50447],[33.01721,48.48191],[32.9116,48.47391],[32.91789,48.46444],[32.84331,48.43185],[32.78389,48.45335],[32.77664,48.54402],[32.75554,48.55784],[32.77726,48.6059],[32.85659,48.61617],[32.85827,48.63735],[32.80096,48.62129],[32.79264,48.64367],[32.75462,48.6601],[32.76803,48.66334],[32.76415,48.68654],[32.80814,48.68923],[32.77759,48.71977],[32.80039,48.72524],[32.78414,48.80043],[32.88597,48.81551],[32.87208,48.88241],[32.82982,48.8978],[32.77823,48.89093],[32.77206,48.92572],[32.74142,48.93122],[32.75318,48.93621],[32.73026,48.97749],[32.67519,48.98757],[32.67972,48.9573],[32.61143,48.95369],[32.60759,48.96449],[32.58711,48.94998],[32.53887,48.96693],[32.5517,48.94176],[32.51962,48.93961],[32.50054,49.01444],[32.47572,49.00548],[32.47454,49.0333],[32.44271,49.0525],[32.40124,49.02648],[32.37068,49.03869],[32.36534,49.07177],[32.29063,49.07934]]]]},"properties":{"uid":81,"title_uk":"Кропивницький район","region_type":"raion","parent_uid":15,"oblast_uid":15}},{"type":"Feature","geometry":{"type":"MultiPolygon","coordinates":[[[[30.94644,48.77168],[30.94533,48.75892],[30.90174,48.76255],[30.88266,48.74384],[30.83213,48.74967],[30.81145,48.76922],[30.80395,48.75684],[30.69804,48.76736],[30.63703,48.75187],[30.60897,48.71913],[30.57603,48.72087],[30.61118,48.69796],[30.59865,48.6632],[30.55135,48.65365],[30.5294,48.62779],[30.57085,48.60564],[30.55781,48.59577],[30.56643,48.56738],[30.48617,48.56412],[30.45283,48.58347],[30.40284,48.57383],[30.38659,48.52705],[30.25487,48.50542],[30.25628,48.48926],[30.22,48.48011],[30.16286,48.50378],[30.1114,48.45199],[30.04984,48.48283],[29.99969,48.47808],[29.86409,48.42572],[29.87174,48.41666],[29.787,48.36993],[29.81252,48.3463],[29.7505,48.29934],[29.78239,48.24244],[29.77335,48.21738],[29.79339,48.20123],[29.84303,48.21223],[29.89182,48.18572],[29.9303,48.2333],[29.97504,48.21703],[29.99107,48.2303],[30.00971,48.20811],[30.00229,48.18485],[30.03255,48.17926],[30.04973,48.15043],[30.10636,48.13965],[30.18762,48.15482],[30.2874,48.13995],[30.3184,48.14101],[30.32759,48.16002],[30.3666,48.17415],[30.41483,48.16244],[30.49564,48.16992],[30.50427,48.15794],[30.5268,48.17955],[30.55606,48.15593],[30.61774,48.15608],[30.65659,48.17191],[30.64747,48.18525],[30.71681,48.19555],[30.78539,48.19139],[30.79251,48.16778],[30.81521,48.1697],[30.82305,48.1908],[30.84839,48.18437],[30.85504,48.16106],[30.90024,48.15932],[30.93029,48.16624],[30.93173,48.18397],[30.98916,48.18446],[30.98102,48.22214],[31.09078,48.22399],[31.10558,48.25267],[31.09066,48.26721],[31.13255,48.2837],[31.12536,48.30231],[31.02085,48.29464],[31.01551,48.31332],[31.02986,48.31849],[30.99906,48.38016],[30.93891,48.38285],[30.93432,48.39614],[30.85133,48.37648],[30.825,48.4133],[30.84127,48.43771],[30.80811,48.45301],[30.88216,48.49388],[30.88336,48.52182],[30.93086,48.5219],[30.92181,48.55298],[30.98416,48.55439],[30.98287,48.60347],[31.09994,48.61234],[31.1074,48.5916],[31.1381,48.59121],[31.20039,48.60084],[31.1461,48.67303],[31.22106,48.71222],[31.26655,48.69582],[31.25306,48.72958],[31.26495,48.74782],[31.25009,48.76748],[31.21593,48.769],[31.11316,48.72765],[31.03763,48.76067],[30.94644,48.77168]]]]},"properties":{"uid":82,"title_uk":"Голованівський район","region_type":"raion","parent_uid":15,"oblast_uid":15}},{"type":"Feature","geometry":{"type":"MultiPolygon","coordinates":[[[[31.82453,48.93612],[31.80534,48.94961],[31.75099,48.92608],[31.69853,48.93103],[31.68945,48.89631],[31.63993,48.90791],[31.58068,48.88774],[31.59479,48.90613],[31.58167,48.91257],[31.56695,48.89986],[31.58186,48.8749],[31.55937,48.86299],[31.5589,48.82852],[31.42262,48.76364],[31.43614,48.75386],[31.42429,48.74306],[31.41203,48.75648],[31.39289,48.73542],[31.39343,48.74821],[31.38368,48.72803],[31.35758,48.74177],[31.35367,48.72752],[31.32638,48.72713],[31.3094,48.75912],[31.26756,48.75252],[31.25309,48.74103],[31.26655,48.69582],[31.22106,48.71222],[31.1461,48.67303],[31.20039,48.60084],[31.1381,48.59121],[31.1074,48.5916],[31.09994,48.61234],[30.98287,48.60347],[30.98416,48.55439],[30.92181,48.55298],[30.93086,48.5219],[30.88336,48.52182],[30.88216,48.49388],[30.80811,48.45301],[30.84127,48.43771],[30.825,48.4133],[30.85133,48.37648],[30.93432,48.39614],[30.93891,48.38285],[30.99906,48.38016],[31.02986,48.31849],[31.01551,48.31332],[31.02085,48.29464],[31.12536,48.30231],[31.13255,48.2837],[31.09066,48.26721],[31.10558,48.25267],[31.09078,48.22399],[31.16389,48.2224],[31.19201,48.19409],[31.17977,48.1809],[31.22058,48.17075],[31.23633,48.11703],[31.32524,48.13818],[31.33021,48.11388],[31.3799,48.1324],[31.39552,48.10837],[31.48643,48.12964],[31.49849,48.08721],[31.47596,48.08281],[31.47,48.06404],[31.48817,48.06536],[31.49246,48.05073],[31.51023,48.06883],[31.551,48.06979],[31.54055,48.10779],[31.56942,48.09742],[31.58391,48.10551],[31.58262,48.12876],[31.68558,48.121],[31.69433,48.09336],[31.88637,48.11166],[31.88268,48.12566],[31.91484,48.13792],[31.97478,48.13894],[31.98338,48.12446],[32.03073,48.13395],[31.95181,48.16316],[31.94425,48.18805],[31.95732,48.19059],[31.91173,48.27402],[31.9333,48.27886],[31.94433,48.33604],[31.92586,48.368],[31.91923,48.44099],[31.88593,48.43886],[31.88238,48.47008],[31.85339,48.47597],[31.85582,48.49587],[31.87076,48.49548],[31.87144,48.52939],[31.90589,48.54232],[31.95416,48.53353],[31.9157,48.57942],[31.98617,48.59964],[31.94086,48.6541],[31.95761,48.66674],[31.94309,48.69481],[31.97437,48.6853],[32.07373,48.71284],[32.01636,48.79896],[31.89953,48.81391],[31.93016,48.84195],[31.90609,48.87617],[31.91823,48.90619],[31.82453,48.93612]]]]},"properties":{"uid":83,"title_uk":"Новоукраїнський район","region_type":"raion","parent_uid":15,"oblast_uid":15}},{"type":"Feature","geometry":{"type":"MultiPolygon","coordinates":[[[[38.44808,49.29694],[38.43947,49.30743],[38.41363,49.27572],[38.36034,49.26202],[38.35604,49.2072],[38.40733,49.21122],[38.38589,49.20009],[38.39581,49.18983],[38.23584,49.18036],[38.21983,49.15912],[38.22623,49.18448],[38.19546,49.17507],[38.14591,49.19736],[38.05445,49.17815],[38.03143,49.15117],[38.08149,49.14818],[38.08392,49.13531],[38.05261,49.0594],[38.0987,48.9924],[38.05237,48.98573],[38.05365,48.96518],[38.02939,48.97458],[38.00418,48.94595],[38.13283,48.92373],[38.22385,48.93479],[38.22127,48.8394],[38.31368,48.82842],[38.31655,48.81394],[38.27891,48.80336],[38.2832,48.77326],[38.26323,48.75021],[38.31993,48.73341],[38.32508,48.71418],[38.30362,48.71209],[38.31306,48.684],[38.25805,48.66795],[38.23132,48.65313],[38.23347,48.63994],[38.26241,48.6424],[38.27391,48.54535],[38.3188,48.50923],[38.2975,48.49521],[38.30546,48.47518],[38.28863,48.4761],[38.34094,48.43729],[38.37221,48.44254],[38.38172,48.42929],[38.43314,48.44743],[38.42888,48.46521],[38.45264,48.46716],[38.48167,48.52395],[38.45921,48.52957],[38.44464,48.56996],[38.40431,48.56325],[38.39702,48.58148],[38.40012,48.59912],[38.45016,48.62568],[38.42097,48.641],[38.46943,48.63961],[38.47888,48.65544],[38.41727,48.64198],[38.42048,48.65636],[38.39599,48.66002],[38.45956,48.69738],[38.49553,48.69066],[38.46987,48.68379],[38.48694,48.67933],[38.47828,48.67092],[38.51008,48.68346],[38.55176,48.67297],[38.54854,48.66018],[38.57998,48.67812],[38.5307,48.68634],[38.52483,48.71662],[38.49766,48.72439],[38.52125,48.73396],[38.50837,48.75085],[38.51916,48.77297],[38.47965,48.78484],[38.55803,48.77955],[38.59345,48.75838],[38.64869,48.76753],[38.65985,48.74649],[38.67877,48.75263],[38.68529,48.71659],[38.84341,48.67144],[38.86467,48.69506],[38.88269,48.693],[38.90129,48.73968],[38.90109,48.75127],[38.79845,48.75228],[38.76467,48.76997],[38.69697,48.75911],[38.65814,48.77018],[38.69445,48.79942],[38.66265,48.81063],[38.69597,48.82963],[38.65942,48.8569],[38.72145,48.87301],[38.6974,48.88314],[38.82276,48.97356],[38.82107,49.00645],[38.80115,49.00645],[38.8212,49.01932],[38.81795,49.05477],[38.69075,49.04563],[38.69253,49.06624],[38.72238,49.06771],[38.71931,49.09147],[38.69683,49.08995],[38.69018,49.10488],[38.68905,49.16082],[38.6135,49.17447],[38.62562,49.19683],[38.50423,49.20263],[38.51317,49.2225],[38.4755,49.24663],[38.48621,49.25924],[38.47734,49.29845],[38.44808,49.29694]]],[[[38.57469,48.71978],[38.54915,48.72687],[38.58424,48.70359],[38.57469,48.71978]]]]},"properties":{"uid":84,"title_uk":"Сіверськодонецький район","region_type":"raion","parent_uid":16,"oblast_uid":16}},{"type":"Feature","geometry":{"type":"MultiPolygon","coordinates":[[[[38.33152,50.0736],[38.31295,50.08824],[38.27497,50.07337],[38.17854,50.07991],[38.18588,50.02261],[38.2177,49.97951],[38.12734,49.9222],[38.12473,49.94239],[38.04546,49.91469],[38.0328,49.90045],[38.0937,49.84599],[38.01778,49.83721],[38.00964,49.81283],[38.05277,49.78352],[37.99857,49.75327],[37.9766,49.76758],[37.95143,49.73143],[37.97468,49.70853],[38.01699,49.7128],[37.99892,49.70022],[38.04576,49.65747],[37.99494,49.64698],[37.97495,49.61165],[37.94426,49.61127],[37.93431,49.58969],[37.95266,49.56839],[37.90106,49.57378],[37.88632,49.54923],[37.92718,49.54798],[37.91751,49.53415],[37.84679,49.52058],[37.84387,49.44515],[37.87583,49.44674],[37.87843,49.41342],[37.89611,49.40323],[37.88374,49.31287],[37.94594,49.30374],[37.95838,49.28521],[37.91335,49.2776],[37.89895,49.27025],[37.91152,49.25972],[37.86617,49.24636],[37.88974,49.21177],[37.93512,49.19171],[37.8933,49.17502],[37.90763,49.15164],[38.03978,49.12681],[38.04324,49.15028],[38.03143,49.15117],[38.05445,49.17815],[38.10249,49.17865],[38.09466,49.19272],[38.14591,49.19736],[38.19546,49.17507],[38.22623,49.18448],[38.21983,49.15912],[38.23584,49.18036],[38.39581,49.18983],[38.38589,49.20009],[38.40733,49.21122],[38.35604,49.2072],[38.36034,49.26202],[38.41363,49.27572],[38.44104,49.30774],[38.47734,49.29845],[38.47704,49.28308],[38.55187,49.27961],[38.58541,49.34238],[38.62538,49.35668],[38.61968,49.38915],[38.58988,49.39602],[38.58713,49.41114],[38.63715,49.43497],[38.67133,49.42742],[38.6833,49.39485],[38.67325,49.37969],[38.69227,49.36253],[38.76695,49.35331],[38.89119,49.37794],[38.89226,49.39762],[38.90429,49.39712],[38.86372,49.42757],[38.9183,49.50559],[38.8963,49.58487],[38.90989,49.62358],[38.9473,49.62377],[38.92995,49.63962],[38.9463,49.6409],[38.93345,49.65359],[38.95588,49.67924],[38.89073,49.72567],[38.84656,49.7248],[38.81602,49.70657],[38.77699,49.71354],[38.79533,49.7779],[38.91207,49.81823],[38.90434,49.8488],[38.91825,49.85859],[38.84003,49.86568],[38.74463,49.89717],[38.72363,49.92724],[38.69199,49.93687],[38.68594,49.96202],[38.71768,49.98388],[38.68575,50.00778],[38.68055,49.97447],[38.64687,49.95585],[38.58444,49.97741],[38.52717,49.95842],[38.48847,49.96349],[38.46862,49.99507],[38.43383,50.00009],[38.41659,49.98115],[38.34999,50.00647],[38.33152,50.0736]]]]},"properties":{"uid":85,"title_uk":"Сватівський район","region_type":"raion","parent_uid":16,"oblast_uid":16}},{"type":"Feature","geometry":{"type":"MultiPolygon","coordinates":[[[[39.22786,49.81608],[39.22627,49.83994],[39.17982,49.88863],[39.06686,49.81551],[39.0216,49.82143],[38.94886,49.79611],[38.88904,49.81875],[38.83833,49.78485],[38.79533,49.7779],[38.77699,49.71354],[38.81602,49.70657],[38.84656,49.7248],[38.89073,49.72567],[38.95588,49.67924],[38.93345,49.65359],[38.9463,49.6409],[38.92995,49.63962],[38.9473,49.62377],[38.90989,49.62358],[38.8963,49.58487],[38.9183,49.50559],[38.86372,49.42757],[38.90429,49.39712],[38.89226,49.39762],[38.89119,49.37794],[38.76658,49.3533],[38.67828,49.37129],[38.67133,49.42742],[38.61117,49.42728],[38.58449,49.40051],[38.61968,49.38915],[38.62538,49.35668],[38.58541,49.34238],[38.55187,49.27961],[38.47704,49.28308],[38.48621,49.25924],[38.4755,49.24663],[38.51317,49.2225],[38.50423,49.20263],[38.62562,49.19683],[38.6135,49.17447],[38.68905,49.16082],[38.69018,49.10488],[38.69683,49.08995],[38.71931,49.09147],[38.72238,49.06771],[38.69253,49.06624],[38.69075,49.04563],[38.81795,49.05477],[38.81572,49.09391],[38.87873,49.12142],[39.13856,49.09767],[39.14322,49.12801],[39.18899,49.11692],[39.242,49.12691],[39.22557,49.10917],[39.24429,49.09388],[39.30593,49.09965],[39.42971,49.05554],[39.44646,49.06397],[39.43319,49.07724],[39.4463,49.10569],[39.46308,49.10515],[39.46657,49.08676],[39.5049,49.08883],[39.49589,49.0727],[39.5355,48.99191],[39.58577,48.97704],[39.62602,49.0041],[39.64954,48.98284],[39.67592,48.99003],[39.66357,49.00086],[39.685,49.03429],[39.67173,49.04061],[39.69364,49.05041],[39.76623,49.04008],[39.80892,49.06084],[39.93783,49.05636],[39.93856,49.08289],[40.03087,49.17943],[40.07745,49.18694],[40.13677,49.23936],[40.20845,49.24213],[40.22788,49.26057],[40.18559,49.28468],[40.19455,49.34675],[40.02936,49.45333],[40.03846,49.51997],[40.1689,49.5689],[40.13558,49.6165],[40.06495,49.59885],[39.95189,49.59685],[39.93481,49.57318],[39.89193,49.55859],[39.80764,49.55665],[39.74904,49.59763],[39.65889,49.61532],[39.59133,49.7189],[39.60994,49.73354],[39.44258,49.75998],[39.37852,49.73859],[39.2853,49.75532],[39.25038,49.77726],[39.22786,49.81608]]]]},"properties":{"uid":86,"title_uk":"Старобільський район","region_type":"raion","parent_uid":16,"oblast_uid":16}},{"type":"Feature","geometry":{"type":"MultiPolygon","coordinates":[[[[39.18834,49.11703],[39.14322,49.12801],[39.13856,49.09767],[38.87873,49.12142],[38.81572,49.09391],[38.8212,49.01932],[38.80115,49.00645],[38.82107,49.00645],[38.82276,48.97356],[38.6974,48.88314],[38.72145,48.87301],[38.65942,48.8569],[38.69597,48.82963],[38.66265,48.81063],[38.69445,48.79942],[38.65814,48.77018],[38.69697,48.75911],[38.76467,48.76997],[38.79845,48.75228],[38.93756,48.74761],[38.94275,48.7347],[38.97999,48.7453],[39.00057,48.72102],[38.98582,48.71171],[39.01675,48.69526],[39.02895,48.66392],[39.01117,48.66047],[39.04489,48.64705],[39.14056,48.66035],[39.19584,48.70731],[39.24773,48.71271],[39.25525,48.74274],[39.32521,48.77686],[39.35537,48.76756],[39.34461,48.7578],[39.35515,48.7267],[39.37506,48.71883],[39.34847,48.71218],[39.35637,48.69896],[39.41336,48.67047],[39.41034,48.65873],[39.45172,48.65605],[39.46762,48.62842],[39.51591,48.63404],[39.53139,48.58532],[39.5624,48.59895],[39.56984,48.58206],[39.60192,48.59249],[39.59609,48.57736],[39.6108,48.57373],[39.62176,48.58706],[39.69117,48.58634],[39.66046,48.60878],[39.72311,48.6835],[39.70411,48.72037],[39.73929,48.74353],[39.74381,48.77063],[39.76803,48.76568],[39.7998,48.8424],[39.97596,48.79316],[40.07905,48.86967],[40.06002,48.90887],[40.03519,48.9158],[40.00404,48.90123],[39.99321,48.86812],[39.92507,48.89558],[39.85313,48.89058],[39.83804,48.90305],[39.82712,48.88631],[39.81885,48.90776],[39.7753,48.922],[39.79042,48.93871],[39.75252,48.98597],[39.7266,48.97552],[39.69943,49.00083],[39.64954,48.98284],[39.62602,49.0041],[39.58577,48.97704],[39.5355,48.99191],[39.49589,49.0727],[39.5049,49.08883],[39.46657,49.08676],[39.46308,49.10515],[39.4463,49.10569],[39.43319,49.07724],[39.44646,49.06397],[39.42971,49.05554],[39.30593,49.09965],[39.24429,49.09388],[39.22557,49.10917],[39.242,49.12691],[39.18834,49.11703]]]]},"properties":{"uid":87,"title_uk":"Щастинський район","region_type":"raion","parent_uid":16,"oblast_uid":16}},{"type":"Feature","geometry":{"type":"MultiPolygon","coordinates":[[[[23.40437,49.75808],[23.38438,49.74534],[23.39775,49.73473],[23.3811,49.71474],[23.40516,49.70602],[23.40359,49.68358],[23.35662,49.67871],[23.34999,49.66551],[23.31676,49.67433],[23.3118,49.65387],[23.26923,49.64355],[23.15633,49.65457],[23.0791,49.63451],[23.0461,49.64887],[23.03586,49.63867],[23.05079,49.63195],[23.02825,49.62459],[22.96983,49.63543],[23.00224,49.6359],[22.96487,49.66581],[22.97315,49.67552],[22.91007,49.68355],[22.92335,49.69696],[22.90932,49.70902],[22.84952,49.71481],[22.80541,49.69333],[22.67463,49.54914],[22.64072,49.52989],[22.6514,49.50819],[22.69652,49.49507],[22.74684,49.36],[22.73943,49.24732],[22.71478,49.22645],[22.7476,49.21539],[22.70738,49.17447],[22.71866,49.16483],[22.756,49.18259],[22.7391,49.15787],[22.78918,49.15762],[22.79348,49.13773],[22.83107,49.11099],[22.89264,49.09455],[22.86446,49.06672],[22.89173,49.00784],[22.86877,49.00355],[22.89792,49.00486],[22.91914,48.96996],[22.87459,48.95784],[22.87331,48.94084],[22.89822,48.90435],[22.97047,48.87437],[22.97474,48.84485],[23.00101,48.82951],[23.02012,48.84718],[23.09698,48.86285],[23.14893,48.84265],[23.16264,48.87176],[23.10015,48.87919],[23.08247,48.90815],[23.12765,48.96353],[23.11423,49.01249],[23.13659,49.01941],[23.13467,49.03397],[23.18327,49.01975],[23.19032,49.03683],[23.22524,49.04043],[23.15225,49.10001],[23.21952,49.17581],[23.15329,49.22112],[23.16071,49.2363],[23.1436,49.24406],[23.16063,49.26837],[23.10926,49.30217],[23.11861,49.30809],[23.1052,49.31701],[23.12756,49.32268],[23.11249,49.33957],[23.14547,49.34403],[23.16823,49.36603],[23.21987,49.35233],[23.26752,49.41623],[23.24789,49.43123],[23.2724,49.43804],[23.28797,49.46584],[23.33437,49.4538],[23.38801,49.4624],[23.40196,49.48455],[23.55457,49.49613],[23.57285,49.54636],[23.6382,49.53183],[23.6494,49.5731],[23.60323,49.60237],[23.62389,49.60871],[23.63033,49.63593],[23.60534,49.64524],[23.6157,49.65561],[23.57001,49.63838],[23.53669,49.68059],[23.50008,49.67729],[23.48568,49.70585],[23.43473,49.67718],[23.41873,49.68993],[23.45139,49.74629],[23.40437,49.75808]]]]},"properties":{"uid":88,"title_uk":"Самбірський район","region_type":"raion","parent_uid":27,"oblast_uid":27}},{"type":"Feature","geometry":{"type":"MultiPolygon","coordinates":[[[[23.96155,49.63859],[23.93706,49.65848],[23.929,49.62784],[23.9105,49.63183],[23.92693,49.60399],[23.96148,49.59309],[23.93215,49.56996],[23.84681,49.58012],[23.82978,49.60422],[23.79896,49.59796],[23.78315,49.57866],[23.78659,49.55237],[23.81874,49.53255],[23.81839,49.51309],[23.80531,49.53051],[23.78281,49.51003],[23.77703,49.53319],[23.72568,49.53013],[23.76618,49.50558],[23.73742,49.49653],[23.78957,49.4936],[23.78342,49.47921],[23.7426,49.48379],[23.75383,49.46573],[23.73457,49.46554],[23.7379,49.4486],[23.76072,49.44713],[23.76538,49.463],[23.80131,49.4489],[23.78362,49.42199],[23.80817,49.37939],[23.77188,49.36072],[23.78979,49.35106],[23.78212,49.33746],[23.74658,49.33589],[23.72589,49.30298],[23.67105,49.28701],[23.66395,49.26882],[23.69188,49.25086],[23.67209,49.21987],[23.64166,49.204],[23.56904,49.20225],[23.58324,49.19357],[23.55916,49.15623],[23.56545,49.1393],[23.50313,49.12471],[23.49435,49.13255],[23.51515,49.17519],[23.44304,49.19596],[23.4131,49.21958],[23.42524,49.22917],[23.35375,49.19989],[23.3924,49.17712],[23.35376,49.13532],[23.30889,49.15403],[23.27005,49.12862],[23.28466,49.10249],[23.25254,49.0294],[23.21369,49.05262],[23.22524,49.04043],[23.19032,49.03683],[23.18621,49.02032],[23.1281,49.02894],[23.13659,49.01941],[23.11322,49.00912],[23.12765,48.96353],[23.08247,48.90815],[23.10015,48.87919],[23.16264,48.87176],[23.14893,48.84265],[23.1312,48.83865],[23.17755,48.80623],[23.20015,48.76113],[23.26797,48.76167],[23.28541,48.77583],[23.32483,48.75359],[23.35925,48.77268],[23.39682,48.73294],[23.47187,48.7183],[23.51174,48.73475],[23.54821,48.72512],[23.54462,48.74072],[23.579,48.78446],[23.55151,48.82247],[23.57588,48.8666],[23.60776,48.87813],[23.57778,48.88646],[23.56278,48.91013],[23.5858,48.95326],[23.56575,48.97463],[23.62468,49.01383],[23.62189,49.02539],[23.67285,49.03594],[23.69109,49.0963],[23.72561,49.0961],[23.75574,49.12122],[23.90595,49.09921],[23.9696,49.13774],[24.02055,49.11716],[24.08338,49.14879],[24.1647,49.12754],[24.17187,49.14373],[24.21285,49.13329],[24.19808,49.13876],[24.20736,49.1483],[24.23401,49.14362],[24.35705,49.18587],[24.43589,49.17419],[24.44876,49.23123],[24.34831,49.23252],[24.34035,49.24207],[24.36389,49.28035],[24.33896,49.29197],[24.306,49.2772],[24.29904,49.28961],[24.3017,49.31594],[24.35852,49.32226],[24.38052,49.308],[24.40162,49.33901],[24.39083,49.35395],[24.4369,49.38051],[24.38713,49.39515],[24.37012,49.42987],[24.4104,49.44488],[24.41785,49.4737],[24.40225,49.49572],[24.31447,49.49767],[24.30643,49.53756],[24.26589,49.56323],[24.24557,49.55561],[24.2187,49.57567],[24.11413,49.58391],[24.03699,49.64767],[24.01501,49.62458],[23.96155,49.63859]]]]},"properties":{"uid":89,"title_uk":"Стрийський район","region_type":"raion","parent_uid":27,"oblast_uid":27}},{"type":"Feature","geometry":{"type":"MultiPolygon","coordinates":[[[[23.68565,50.29985],[23.677,50.32936],[23.63884,50.32048],[23.58095,50.26598],[23.448,50.19935],[23.48801,50.18856],[23.50504,50.15147],[23.52762,50.17573],[23.58038,50.17514],[23.59821,50.14519],[23.62813,50.1419],[23.61824,50.13397],[23.77352,50.06912],[23.78446,50.0357],[23.80932,50.02547],[23.81202,49.99528],[23.89987,49.97197],[23.92196,49.92671],[23.93924,49.93731],[23.91921,49.8918],[23.85864,49.87784],[23.88534,49.8502],[23.87217,49.84479],[23.71468,49.84333],[23.6924,49.86115],[23.63999,49.82471],[23.58209,49.8553],[23.58469,49.87675],[23.56888,49.88085],[23.53393,49.86848],[23.48527,49.82063],[23.44367,49.8234],[23.46045,49.80796],[23.4518,49.77975],[23.46256,49.76564],[23.43574,49.75534],[23.45126,49.74408],[23.41894,49.68864],[23.43819,49.6768],[23.48568,49.70585],[23.50008,49.67729],[23.53669,49.68059],[23.57001,49.63838],[23.6157,49.65561],[23.60534,49.64524],[23.63033,49.63593],[23.62389,49.60871],[23.60323,49.60237],[23.6494,49.5731],[23.6382,49.53183],[23.64966,49.52127],[23.7131,49.5169],[23.71639,49.50069],[23.74088,49.49986],[23.76618,49.50558],[23.72568,49.53013],[23.76491,49.53483],[23.77732,49.51112],[23.79917,49.53144],[23.81839,49.51309],[23.81874,49.53255],[23.78659,49.55237],[23.78409,49.57993],[23.82288,49.60565],[23.84681,49.58012],[23.93215,49.56996],[23.96148,49.59309],[23.91456,49.61432],[23.9105,49.63183],[23.929,49.62784],[23.93706,49.65848],[24.01501,49.62458],[24.03699,49.64767],[24.05789,49.63948],[24.12837,49.57934],[24.26589,49.56323],[24.30643,49.53756],[24.31773,49.49681],[24.44136,49.50394],[24.43447,49.53671],[24.47577,49.55935],[24.52134,49.54263],[24.50758,49.53551],[24.51816,49.52187],[24.57338,49.5343],[24.63852,49.49765],[24.69957,49.49335],[24.72156,49.49976],[24.72928,49.54715],[24.71797,49.57032],[24.79119,49.57268],[24.82813,49.59294],[24.83987,49.58093],[24.83362,49.59926],[24.85107,49.62132],[24.82866,49.62227],[24.84412,49.6438],[24.8177,49.65809],[24.85393,49.66046],[24.84905,49.68446],[24.78818,49.67642],[24.78244,49.71304],[24.76409,49.72135],[24.69625,49.70812],[24.70566,49.72752],[24.69389,49.73853],[24.6084,49.77197],[24.61335,49.7949],[24.58978,49.80503],[24.60596,49.80991],[24.60613,49.831],[24.50295,49.86531],[24.45338,49.84604],[24.35359,49.86861],[24.35431,49.88391],[24.38794,49.88734],[24.39185,49.89993],[24.43597,49.8944],[24.43518,49.94601],[24.4565,49.96249],[24.44308,49.97733],[24.48375,50.00087],[24.48171,50.01523],[24.55272,50.02112],[24.49675,50.03903],[24.49268,50.05976],[24.47282,50.05201],[24.45039,50.07431],[24.46243,50.08783],[24.4357,50.09128],[24.43645,50.10693],[24.53537,50.09698],[24.52669,50.13328],[24.43689,50.13304],[24.42727,50.13784],[24.45646,50.15918],[24.38876,50.17543],[24.33785,50.15913],[24.34787,50.1741],[24.31327,50.19884],[24.25354,50.19902],[24.20354,50.13049],[24.14858,50.15936],[24.13468,50.11452],[24.10484,50.11564],[24.10828,50.14236],[24.07163,50.16605],[24.09108,50.16762],[24.09143,50.20325],[23.97258,50.20239],[23.97348,50.2201],[23.91313,50.22018],[23.88496,50.25499],[23.81408,50.26844],[23.79527,50.29994],[23.68565,50.29985]]]]},"properties":{"uid":90,"title_uk":"Львівський район","region_type":"raion","parent_uid":27,"oblast_uid":27}},{"type":"Feature","geometry":{"type":"MultiPolygon","coordinates":[[[[23.66379,49.51658],[23.57285,49.54636],[23.55457,49.49613],[23.40196,49.48455],[23.38801,49.4624],[23.33437,49.4538],[23.28797,49.46584],[23.2724,49.43804],[23.24789,49.43123],[23.26752,49.41623],[23.21987,49.35233],[23.16823,49.36603],[23.14547,49.34403],[23.11249,49.33957],[23.12756,49.32268],[23.1052,49.31701],[23.11861,49.30809],[23.10926,49.30217],[23.16063,49.26837],[23.1436,49.24406],[23.16071,49.2363],[23.15329,49.22112],[23.21952,49.17581],[23.15692,49.11941],[23.15294,49.09874],[23.24989,49.02863],[23.2741,49.05509],[23.28466,49.10249],[23.27005,49.12862],[23.30889,49.15403],[23.35198,49.13421],[23.3924,49.17712],[23.35741,49.20255],[23.42966,49.22956],[23.4131,49.21958],[23.44304,49.19596],[23.51515,49.17519],[23.49435,49.13255],[23.51698,49.11874],[23.5192,49.13807],[23.5685,49.14207],[23.55903,49.15581],[23.58122,49.17892],[23.56904,49.20225],[23.58191,49.21145],[23.63399,49.20299],[23.67209,49.21987],[23.69188,49.25086],[23.66395,49.26882],[23.67105,49.28701],[23.72589,49.30298],[23.74658,49.33589],[23.78212,49.33746],[23.78979,49.35106],[23.77188,49.36072],[23.80817,49.37939],[23.78362,49.42199],[23.80131,49.4489],[23.76538,49.463],[23.76072,49.44713],[23.7379,49.4486],[23.73457,49.46554],[23.75383,49.46573],[23.7426,49.48379],[23.78342,49.47921],[23.78957,49.4936],[23.66379,49.51658]]]]},"properties":{"uid":91,"title_uk":"Дрогобицький район","region_type":"raion","parent_uid":27,"oblast_uid":27}},{"type":"Feature","geometry":{"type":"MultiPolygon","coordinates":[[[[24.12948,50.64688],[24.09789,50.63754],[24.06985,50.50321],[23.9974,50.41223],[23.72711,50.38807],[23.677,50.32936],[23.68317,50.30076],[23.79527,50.29994],[23.81408,50.26844],[23.88496,50.25499],[23.91313,50.22018],[23.97348,50.2201],[23.97258,50.20239],[24.09143,50.20325],[24.09108,50.16762],[24.07163,50.16605],[24.10828,50.14236],[24.10977,50.11467],[24.13468,50.11452],[24.14858,50.15936],[24.20354,50.13049],[24.25354,50.19902],[24.31327,50.19884],[24.34787,50.1741],[24.33785,50.15913],[24.38876,50.17543],[24.43884,50.16589],[24.45646,50.15918],[24.42727,50.13784],[24.52669,50.13328],[24.52868,50.11733],[24.62881,50.11923],[24.67264,50.14592],[24.7965,50.14233],[24.86738,50.1575],[24.83071,50.16155],[24.83593,50.179],[24.85808,50.17077],[24.86856,50.18432],[24.91186,50.17843],[24.99352,50.19653],[25.05229,50.25723],[25.03276,50.28075],[25.05749,50.29682],[25.05894,50.34228],[25.01683,50.34172],[24.94125,50.38949],[24.92933,50.37821],[24.93675,50.34559],[24.88559,50.34466],[24.88722,50.35859],[24.86581,50.35961],[24.77728,50.33766],[24.7138,50.3423],[24.72168,50.37338],[24.70713,50.38361],[24.65381,50.40999],[24.59665,50.41349],[24.5961,50.49783],[24.55473,50.49287],[24.55923,50.51089],[24.5315,50.55033],[24.45039,50.53924],[24.40619,50.56031],[24.39855,50.57441],[24.41347,50.58634],[24.38088,50.60915],[24.32353,50.59981],[24.31246,50.57155],[24.2311,50.58337],[24.2011,50.61403],[24.17339,50.61652],[24.15472,50.64661],[24.12948,50.64688]]]]},"properties":{"uid":92,"title_uk":"Шептицький район","region_type":"raion","parent_uid":27,"oblast_uid":27}},{"type":"Feature","geometry":{"type":"MultiPolygon","coordinates":[[[[23.48633,50.17868],[23.448,50.19935],[23.27983,50.10058],[23.27926,50.0863],[23.21601,50.04748],[22.99571,49.8422],[22.97071,49.83848],[22.96173,49.80446],[22.84952,49.71481],[22.90932,49.70902],[22.92335,49.69696],[22.91007,49.68355],[22.97315,49.67552],[22.96487,49.66581],[23.00224,49.6359],[22.96983,49.63543],[22.99547,49.62357],[23.04699,49.62812],[23.03586,49.63867],[23.0461,49.64887],[23.0791,49.63451],[23.15633,49.65457],[23.26923,49.64355],[23.3118,49.65387],[23.31676,49.67433],[23.34999,49.66551],[23.35662,49.67871],[23.40431,49.68396],[23.40516,49.70602],[23.3811,49.71474],[23.39595,49.76117],[23.46062,49.76027],[23.46045,49.80796],[23.44367,49.8234],[23.48527,49.82063],[23.5489,49.87692],[23.58469,49.87675],[23.58209,49.8553],[23.63999,49.82471],[23.6924,49.86115],[23.71468,49.84333],[23.87217,49.84479],[23.88534,49.8502],[23.85864,49.87784],[23.91921,49.8918],[23.93924,49.93731],[23.92196,49.92671],[23.89987,49.97197],[23.81202,49.99528],[23.80932,50.02547],[23.78446,50.0357],[23.77352,50.06912],[23.61824,50.13397],[23.62813,50.1419],[23.59821,50.14519],[23.58038,50.17514],[23.52762,50.17573],[23.51552,50.15074],[23.48633,50.17868]]]]},"properties":{"uid":93,"title_uk":"Яворівський район","region_type":"raion","parent_uid":27,"oblast_uid":27}},{"type":"Feature","geometry":{"type":"MultiPolygon","coordinates":[[[[25.06726,50.29695],[25.03302,50.28155],[25.05229,50.25723],[24.99352,50.19653],[24.91186,50.17843],[24.86856,50.18432],[24.85808,50.17077],[24.83593,50.179],[24.83071,50.16155],[24.86738,50.1575],[24.85701,50.1534],[24.72209,50.1365],[24.67264,50.14592],[24.62881,50.11923],[24.5301,50.11759],[24.53537,50.09698],[24.43645,50.10693],[24.4357,50.09128],[24.46243,50.08783],[24.45039,50.07431],[24.47229,50.05237],[24.49268,50.05976],[24.49675,50.03903],[24.55272,50.02112],[24.48171,50.01523],[24.48375,50.00087],[24.44308,49.97733],[24.4565,49.96249],[24.43518,49.94601],[24.43597,49.8944],[24.39185,49.89993],[24.38794,49.88734],[24.35431,49.88391],[24.35359,49.86861],[24.45338,49.84604],[24.50295,49.86531],[24.60613,49.831],[24.60596,49.80991],[24.58978,49.80503],[24.61335,49.7949],[24.6084,49.77197],[24.69389,49.73853],[24.70566,49.72752],[24.69625,49.70812],[24.76409,49.72135],[24.78244,49.71304],[24.78818,49.67642],[24.84905,49.68446],[24.85393,49.66046],[24.8177,49.65809],[24.84412,49.6438],[24.82866,49.62227],[24.85107,49.62132],[24.84582,49.60106],[24.86405,49.5992],[24.87414,49.6094],[24.90325,49.59921],[24.90894,49.61478],[24.9416,49.60812],[24.92975,49.61736],[24.95177,49.61427],[24.96648,49.64075],[24.98272,49.63663],[25.02251,49.73605],[25.0676,49.71149],[25.11185,49.74148],[25.07234,49.77022],[25.08979,49.78215],[25.08326,49.82724],[25.13757,49.81491],[25.18034,49.83803],[25.28591,49.8279],[25.29911,49.85371],[25.3752,49.86801],[25.38723,49.93261],[25.4269,49.94197],[25.40388,49.94776],[25.4024,49.98586],[25.31121,50.02385],[25.19725,50.1311],[25.21496,50.17975],[25.16547,50.20922],[25.19,50.24872],[25.20646,50.24729],[25.2049,50.27922],[25.06726,50.29695]]]]},"properties":{"uid":94,"title_uk":"Золочівський район","region_type":"raion","parent_uid":27,"oblast_uid":27}},{"type":"Feature","geometry":{"type":"MultiPolygon","coordinates":[[[[31.62814,48.1342],[31.58262,48.12876],[31.58391,48.10551],[31.56942,48.09742],[31.54055,48.10779],[31.551,48.06979],[31.51023,48.06883],[31.49246,48.05073],[31.48817,48.06536],[31.47,48.06404],[31.47596,48.08281],[31.49849,48.08721],[31.48643,48.12964],[31.40427,48.10952],[31.40343,48.02213],[31.4355,48.0006],[31.478,47.84985],[31.44544,47.84559],[31.45222,47.77681],[31.41623,47.77156],[31.40902,47.79302],[31.37407,47.78764],[31.38269,47.76258],[31.29303,47.74919],[31.25586,47.795],[31.26239,47.82233],[31.29939,47.82785],[31.29419,47.8449],[31.30835,47.83636],[31.29954,47.85441],[31.26146,47.84764],[31.23622,47.91494],[31.19554,47.92183],[31.09157,47.90488],[31.11408,47.88009],[31.1039,47.8775],[31.08791,47.89207],[31.04558,47.88677],[31.04888,47.87516],[30.88332,47.85694],[30.84819,47.83226],[30.77191,47.82124],[30.7804,47.79332],[30.75124,47.78891],[30.75874,47.76374],[30.78351,47.76704],[30.79273,47.73612],[30.76618,47.73196],[30.74614,47.71335],[30.75525,47.70276],[30.74031,47.70036],[30.7924,47.63598],[30.77455,47.6232],[30.77873,47.58398],[30.74496,47.57894],[30.77301,47.54593],[30.87623,47.54435],[30.88289,47.50711],[30.85318,47.50274],[30.86572,47.44423],[30.84823,47.44405],[30.85154,47.42049],[30.88717,47.42565],[30.89337,47.40331],[30.8739,47.40065],[30.88258,47.36683],[30.90915,47.34417],[30.86584,47.33362],[30.87275,47.31802],[30.89265,47.32083],[30.90738,47.27673],[30.99925,47.28982],[30.98992,47.26857],[31.00739,47.27027],[31.01887,47.23892],[31.17064,47.26588],[31.17803,47.22221],[31.14566,47.21792],[31.15677,47.18098],[31.10893,47.18712],[31.10898,47.15432],[31.19845,47.15467],[31.20078,47.17142],[31.24647,47.1776],[31.28941,47.16197],[31.29496,47.14565],[31.38444,47.14537],[31.35879,47.23048],[31.32523,47.23919],[31.4113,47.25935],[31.40129,47.29881],[31.55115,47.28017],[31.66548,47.33504],[31.59225,47.37851],[31.59227,47.3909],[31.61777,47.39673],[31.5922,47.42643],[31.60796,47.44039],[31.72724,47.44735],[31.71766,47.45365],[31.75117,47.50755],[31.80201,47.53593],[31.77653,47.56104],[31.78477,47.57737],[31.80628,47.57589],[31.80214,47.56145],[31.94669,47.55969],[31.95289,47.54054],[31.99562,47.54416],[31.99865,47.53272],[32.10827,47.55562],[32.12045,47.56557],[32.11295,47.58317],[32.15452,47.58994],[32.14945,47.61177],[32.17049,47.61368],[32.17566,47.58845],[32.2235,47.5938],[32.21732,47.61804],[32.19268,47.61565],[32.17697,47.70715],[32.22096,47.71149],[32.20805,47.75727],[32.11698,47.75591],[32.10928,47.7846],[32.08948,47.78228],[32.05467,47.81725],[31.8377,47.7828],[31.8274,47.81652],[31.87108,47.82656],[31.85704,47.86466],[31.89195,47.86756],[31.87659,47.91942],[31.85499,47.91612],[31.84383,47.96358],[31.75193,47.94431],[31.72903,48.03546],[31.78302,48.04223],[31.76728,48.10212],[31.69433,48.09336],[31.68558,48.121],[31.64188,48.11494],[31.62814,48.1342]]]]},"properties":{"uid":95,"title_uk":"Вознесенський район","region_type":"raion","parent_uid":17,"oblast_uid":17}},{"type":"Feature","geometry":{"type":"MultiPolygon","coordinates":[[[[32.9924,48.03872],[32.87047,48.03233],[32.89441,47.98553],[32.68949,47.98184],[32.69731,47.94653],[32.73707,47.95163],[32.74556,47.93251],[32.6519,47.92152],[32.65594,47.90482],[32.67648,47.90701],[32.68554,47.87298],[32.66442,47.87091],[32.67945,47.8518],[32.6578,47.81994],[32.3642,47.78859],[32.30321,47.82373],[32.23632,47.81465],[32.23962,47.79381],[32.22251,47.79145],[32.23158,47.7604],[32.20805,47.75727],[32.22096,47.71149],[32.17697,47.70715],[32.19268,47.61565],[32.21732,47.61804],[32.2235,47.5938],[32.17566,47.58845],[32.17049,47.61368],[32.14945,47.61177],[32.15452,47.58994],[32.11295,47.58317],[32.12193,47.56086],[32.1576,47.56396],[32.14715,47.51489],[32.12184,47.51327],[32.12889,47.50368],[32.1057,47.48867],[32.04871,47.48926],[32.05873,47.44237],[32.11733,47.41636],[32.13291,47.34579],[32.10604,47.3419],[32.1244,47.27725],[32.08716,47.27227],[32.11155,47.16643],[32.22892,47.18272],[32.24136,47.17322],[32.21759,47.14741],[32.3387,47.15778],[32.32096,47.13558],[32.37888,47.1336],[32.55249,47.15542],[32.57988,47.08801],[32.60058,47.09042],[32.61652,47.03026],[32.60455,47.02884],[32.60917,47.01019],[32.54462,47.00239],[32.52677,47.01836],[32.54372,46.95648],[32.51656,46.9531],[32.52394,46.92617],[32.57068,46.93201],[32.57703,46.90306],[32.54485,46.88256],[32.54704,46.86954],[32.57157,46.87224],[32.58505,46.85495],[32.6878,46.86204],[32.70111,46.8207],[32.76936,46.81931],[32.81361,46.84015],[32.9491,46.85739],[32.92023,46.86595],[32.91613,46.88302],[32.83629,46.88411],[32.8424,46.89944],[32.92661,46.90974],[32.92206,46.92665],[32.97986,46.93368],[32.97597,46.94881],[32.94892,46.94532],[32.93356,46.98532],[32.95016,47.00351],[33.0224,46.97248],[33.15808,47.11686],[33.10492,47.13704],[33.08209,47.10775],[33.10315,47.09978],[33.07303,47.06303],[33.05197,47.0706],[33.02709,47.03949],[32.90954,47.09418],[32.91786,47.14366],[32.96061,47.18962],[33.00573,47.19662],[33.03769,47.17811],[33.07206,47.22337],[33.13024,47.20287],[33.14256,47.21042],[33.12712,47.23079],[33.18358,47.2381],[33.1052,47.27954],[33.1024,47.32147],[33.1381,47.33269],[33.1217,47.38942],[33.0392,47.37921],[33.02868,47.4237],[33.03349,47.44134],[33.05408,47.44364],[33.047,47.4682],[33.0702,47.47519],[33.07121,47.41185],[33.13773,47.41964],[33.12294,47.50814],[33.14709,47.51434],[33.14111,47.54322],[33.09466,47.52726],[33.09496,47.59704],[32.95978,47.59202],[32.99713,47.61655],[32.97202,47.72263],[33.07216,47.73888],[33.04962,47.78186],[33.06776,47.78359],[33.05724,47.83185],[33.08104,47.83483],[33.06974,47.88254],[33.08643,47.88517],[33.07828,47.92038],[33.01272,47.91044],[32.99091,47.93409],[33.00767,47.93676],[32.9924,48.03872]]]]},"properties":{"uid":96,"title_uk":"Баштанський район","region_type":"raion","parent_uid":17,"oblast_uid":17}},{"type":"Feature","geometry":{"type":"MultiPolygon","coordinates":[[[[31.05479,48.22595],[30.98102,48.22214],[30.98916,48.18446],[30.93173,48.18397],[30.93029,48.16624],[30.90024,48.15932],[30.85504,48.16106],[30.84839,48.18437],[30.82305,48.1908],[30.81521,48.1697],[30.79251,48.16778],[30.78539,48.19139],[30.71681,48.19555],[30.64747,48.18525],[30.65659,48.17191],[30.61774,48.15608],[30.55606,48.15593],[30.5268,48.17955],[30.50427,48.15794],[30.49564,48.16992],[30.36543,48.17394],[30.30781,48.1416],[30.31536,48.11668],[30.35684,48.11266],[30.35678,48.10159],[30.31409,48.10577],[30.32433,48.0943],[30.24878,48.08957],[30.23338,48.07023],[30.20664,48.06759],[30.234,48.05995],[30.25618,48.02778],[30.22567,48.01187],[30.24544,47.96713],[30.30753,47.92974],[30.29798,47.9221],[30.3309,47.80986],[30.42242,47.82116],[30.43621,47.80068],[30.43982,47.78912],[30.41612,47.78719],[30.42392,47.76084],[30.3887,47.75244],[30.42042,47.63408],[30.46393,47.64037],[30.47089,47.61814],[30.66475,47.63416],[30.66006,47.6001],[30.72001,47.60839],[30.70927,47.63889],[30.77676,47.64728],[30.74031,47.70036],[30.75525,47.70276],[30.74614,47.71335],[30.76618,47.73196],[30.79273,47.73612],[30.78351,47.76704],[30.75874,47.76374],[30.75124,47.78891],[30.7804,47.79332],[30.77191,47.82124],[30.84819,47.83226],[30.88332,47.85694],[31.04888,47.87516],[31.04558,47.88677],[31.08791,47.89207],[31.1039,47.8775],[31.11408,47.88009],[31.09157,47.90488],[31.1896,47.92113],[31.23622,47.91494],[31.26146,47.84764],[31.29954,47.85441],[31.30835,47.83636],[31.29419,47.8449],[31.29939,47.82785],[31.26239,47.82233],[31.25586,47.795],[31.29303,47.74919],[31.38269,47.76258],[31.37407,47.78764],[31.40902,47.79302],[31.41623,47.77156],[31.45222,47.77681],[31.44544,47.84559],[31.478,47.84985],[31.4355,48.0006],[31.40391,48.02049],[31.40782,48.09664],[31.38903,48.12945],[31.33021,48.11388],[31.32524,48.13818],[31.23633,48.11703],[31.22058,48.17075],[31.17977,48.1809],[31.19201,48.19409],[31.16372,48.22252],[31.05479,48.22595]]]]},"properties":{"uid":97,"title_uk":"Первомайський район","region_type":"raion","parent_uid":17,"oblast_uid":17}},{"type":"Feature","geometry":{"type":"MultiPolygon","coordinates":[[[[31.79367,47.58025],[31.77653,47.56104],[31.80201,47.53593],[31.75117,47.50755],[31.71775,47.45388],[31.72669,47.44692],[31.60796,47.44039],[31.5922,47.42643],[31.61777,47.39673],[31.59227,47.3909],[31.59225,47.37851],[31.66548,47.33504],[31.55115,47.28017],[31.40129,47.29881],[31.4113,47.25935],[31.32523,47.23919],[31.35879,47.23048],[31.38444,47.14537],[31.29496,47.14565],[31.28941,47.16197],[31.27289,47.15955],[31.30214,47.08251],[31.29122,47.02453],[31.22982,47.0216],[31.24279,46.99151],[31.08693,46.98239],[31.01376,46.95116],[31.04165,46.8988],[31.09213,46.88263],[31.11271,46.84446],[31.15686,46.83464],[31.15289,46.79497],[31.1775,46.76808],[31.1532,46.74498],[31.15575,46.72711],[31.17894,46.70896],[31.18513,46.66286],[31.19872,46.66025],[31.17585,46.65185],[31.1901,46.64722],[31.17643,46.62753],[31.34939,46.60033],[31.37274,46.62346],[31.51649,46.61925],[31.54985,46.60028],[31.51196,46.57705],[31.52276,46.5619],[31.70951,46.42884],[31.69226,46.44334],[31.70912,46.43638],[31.69486,46.44984],[31.71252,46.47989],[31.80695,46.47893],[31.84545,46.49756],[31.93284,46.58255],[31.9403,46.65116],[32.08676,46.68356],[32.07543,46.73003],[32.0609,46.72824],[32.05707,46.74434],[32.17144,46.75248],[32.16868,46.7633],[32.21852,46.77121],[32.20972,46.80589],[32.25236,46.81961],[32.22906,46.84449],[32.34204,46.7955],[32.37295,46.79908],[32.3655,46.82943],[32.46291,46.84095],[32.46909,46.81608],[32.53121,46.82319],[32.53468,46.88151],[32.57703,46.90306],[32.57068,46.93201],[32.52394,46.92617],[32.51656,46.9531],[32.54372,46.95648],[32.52677,47.01836],[32.54462,47.00239],[32.60917,47.01019],[32.60455,47.02884],[32.61652,47.03026],[32.60058,47.09042],[32.57988,47.08801],[32.55249,47.15542],[32.37888,47.1336],[32.32096,47.13558],[32.3387,47.15778],[32.21759,47.14741],[32.24136,47.17322],[32.22892,47.18272],[32.11155,47.16643],[32.08716,47.27227],[32.1244,47.27725],[32.10604,47.3419],[32.13291,47.34579],[32.11733,47.41636],[32.05873,47.44237],[32.04871,47.48926],[32.12442,47.49798],[32.12184,47.51327],[32.14715,47.51489],[32.15923,47.53559],[32.1576,47.56396],[31.99865,47.53272],[31.99562,47.54416],[31.95289,47.54054],[31.94669,47.55969],[31.80214,47.56145],[31.79367,47.58025]]],[[[31.76791,46.38543],[31.72833,46.4227],[31.77559,46.37289],[31.76791,46.38543]]]]},"properties":{"uid":98,"title_uk":"Миколаївський район","region_type":"raion","parent_uid":17,"oblast_uid":17}},{"type":"Feature","geometry":{"type":"MultiPolygon","coordinates":[[[[29.973,48.21781],[29.9303,48.2333],[29.89182,48.18572],[29.84047,48.21259],[29.65494,48.19502],[29.67589,48.16214],[29.66364,48.10752],[29.6025,48.13291],[29.58754,48.10198],[29.57006,48.09873],[29.49484,48.10263],[29.45838,48.12261],[29.3945,48.11374],[29.37186,48.09055],[29.31159,48.08601],[29.20354,48.11793],[29.26141,48.13037],[29.25124,48.14971],[29.20927,48.13421],[29.1415,48.14066],[29.15824,48.14859],[29.06463,48.19456],[29.03224,48.12563],[29.00448,48.15038],[28.94516,48.15669],[28.92718,48.09436],[28.87301,48.08261],[28.86808,48.06934],[28.83328,48.07284],[28.85203,48.0609],[28.83939,48.03484],[28.92487,47.96099],[28.96155,47.97924],[29.03314,47.94247],[29.06978,47.94354],[29.08624,47.94694],[29.0794,47.97134],[29.09753,47.96015],[29.08925,47.98134],[29.17439,47.99342],[29.20163,47.8843],[29.21489,47.89615],[29.28102,47.88842],[29.22469,47.85522],[29.19916,47.81889],[29.21996,47.79741],[29.27538,47.80398],[29.25005,47.75253],[29.20381,47.71943],[29.23058,47.68369],[29.21873,47.68255],[29.20881,47.64151],[29.23375,47.64214],[29.20899,47.62855],[29.21746,47.61235],[29.18405,47.57158],[29.11648,47.55372],[29.15148,47.50574],[29.19021,47.51436],[29.18678,47.4757],[29.1573,47.45914],[29.19091,47.46833],[29.19023,47.42455],[29.2421,47.46182],[29.24399,47.41458],[29.31785,47.4478],[29.3374,47.37055],[29.39059,47.37938],[29.39691,47.35359],[29.38271,47.34413],[29.39781,47.30052],[29.42273,47.3044],[29.42653,47.29182],[29.4862,47.30613],[29.48725,47.35605],[29.5738,47.37045],[29.5882,47.44107],[29.61828,47.44435],[29.58149,47.44597],[29.56977,47.47569],[29.58834,47.47801],[29.58423,47.4942],[29.60514,47.49682],[29.60182,47.50905],[29.82654,47.53038],[29.84467,47.46949],[29.88918,47.47538],[29.89225,47.46032],[29.93929,47.46629],[29.94882,47.43746],[30.05745,47.43174],[30.10759,47.43833],[30.14644,47.46335],[30.11525,47.49411],[30.16587,47.50049],[30.15605,47.53272],[30.22475,47.54041],[30.21728,47.55168],[30.27553,47.5666],[30.29651,47.55727],[30.44706,47.57673],[30.44316,47.59025],[30.47847,47.59579],[30.46393,47.64037],[30.42042,47.63408],[30.3892,47.74999],[30.42392,47.76084],[30.41612,47.78719],[30.43982,47.78912],[30.43621,47.80068],[30.42242,47.82116],[30.3309,47.80986],[30.29798,47.9221],[30.30753,47.92974],[30.24544,47.96713],[30.22567,48.01187],[30.25618,48.02778],[30.234,48.05995],[30.20664,48.06759],[30.23338,48.07023],[30.24878,48.08957],[30.32433,48.0943],[30.31409,48.10577],[30.35678,48.10159],[30.35684,48.11266],[30.31536,48.11668],[30.30781,48.1416],[30.26376,48.14746],[30.06773,48.14514],[30.02216,48.18607],[30.00294,48.18409],[30.00971,48.20811],[29.99107,48.2303],[29.973,48.21781]]]]},"properties":{"uid":99,"title_uk":"Подільський район","region_type":"raion","parent_uid":18,"oblast_uid":18}},{"type":"Feature","geometry":{"type":"MultiPolygon","coordinates":[[[[30.77786,47.60255],[30.78809,47.64898],[30.70927,47.63889],[30.72001,47.60839],[30.7012,47.6021],[30.66006,47.6001],[30.66475,47.63416],[30.55844,47.63065],[30.47113,47.61818],[30.47847,47.59579],[30.44316,47.59025],[30.44706,47.57673],[30.22016,47.55321],[30.22475,47.54041],[30.15605,47.53272],[30.16587,47.50049],[30.11525,47.49411],[30.14644,47.46335],[30.10759,47.43833],[30.0222,47.44155],[29.87542,47.41317],[29.88785,47.36692],[29.90589,47.36897],[29.91014,47.35199],[29.89224,47.32784],[29.93322,47.29142],[29.95631,47.31566],[30.04825,47.32735],[30.08352,47.27343],[30.08647,47.28707],[30.11851,47.28308],[30.1099,47.29341],[30.12295,47.29518],[30.12853,47.2754],[30.10878,47.27328],[30.11293,47.25741],[30.15402,47.20084],[30.17364,47.10977],[30.10971,47.09433],[30.13837,46.97999],[30.23703,46.99045],[30.24578,46.95667],[30.25982,46.9585],[30.25492,46.97601],[30.28691,46.97935],[30.291,46.96616],[30.33226,46.96018],[30.315,46.94915],[30.31616,46.92253],[30.34815,46.92567],[30.37295,46.84188],[30.39382,46.84478],[30.40467,46.82004],[30.47905,46.83833],[30.50996,46.79465],[30.54723,46.81022],[30.56525,46.76878],[30.59751,46.78959],[30.60735,46.77449],[30.65824,46.78012],[30.65161,46.83039],[30.67806,46.83926],[30.64484,46.86911],[30.64128,46.89959],[30.69583,46.90734],[30.68167,46.88826],[30.69131,46.87144],[30.71027,46.89689],[30.80244,46.91732],[30.79508,46.9467],[30.84383,46.95407],[30.86429,46.94303],[30.86559,46.92004],[30.89587,46.92441],[30.91073,46.87093],[30.94271,46.87576],[31.00334,46.90805],[31.04095,46.90948],[31.01763,46.96336],[31.13624,46.98915],[31.13993,46.97841],[31.24279,46.99151],[31.22982,47.0216],[31.29122,47.02453],[31.30214,47.08251],[31.26941,47.17147],[31.10898,47.15432],[31.10893,47.18712],[31.15677,47.18098],[31.14566,47.21792],[31.17803,47.22221],[31.17064,47.26588],[31.01887,47.23892],[31.00739,47.27027],[30.98992,47.26857],[30.99925,47.28982],[30.90738,47.27673],[30.89265,47.32083],[30.87275,47.31802],[30.86584,47.33362],[30.90915,47.34417],[30.88258,47.36683],[30.8739,47.40065],[30.89337,47.40331],[30.88717,47.42565],[30.85154,47.42049],[30.84823,47.44405],[30.86572,47.44423],[30.85318,47.50274],[30.88289,47.50711],[30.87623,47.54435],[30.77301,47.54593],[30.74496,47.57894],[30.77873,47.58398],[30.77786,47.60255]]]]},"properties":{"uid":100,"title_uk":"Березівський район","region_type":"raion","parent_uid":18,"oblast_uid":18}},{"type":"Feature","geometry":{"type":"MultiPolygon","coordinates":[[[[29.18975,45.75843],[29.16897,45.81321],[29.09998,45.80037],[29.10466,45.78542],[29.0667,45.77933],[29.07557,45.75147],[29.01908,45.7371],[29.02279,45.70229],[28.97227,45.6979],[28.98588,45.65611],[28.93773,45.64799],[28.94793,45.62843],[28.73751,45.58928],[28.76967,45.49575],[28.7039,45.47475],[28.64812,45.46753],[28.65814,45.5211],[28.5528,45.55392],[28.54412,45.58007],[28.49151,45.57121],[28.51525,45.49986],[28.42762,45.48613],[28.42674,45.53053],[28.4155,45.51398],[28.30587,45.54678],[28.21125,45.46707],[28.27854,45.44602],[28.28221,45.39761],[28.34776,45.32066],[28.55908,45.24901],[28.70977,45.22406],[28.79139,45.2422],[28.75162,45.28151],[28.80269,45.3019],[28.78087,45.32324],[28.7975,45.33508],[28.94008,45.27941],[28.96389,45.32995],[29.1695,45.39493],[29.23801,45.43263],[29.29323,45.42755],[29.32733,45.44825],[29.42846,45.44318],[29.55035,45.40916],[29.65088,45.34019],[29.67679,45.27693],[29.65989,45.24761],[29.68594,45.20327],[29.70719,45.21977],[29.72269,45.20924],[29.73449,45.22737],[29.75717,45.22271],[29.73982,45.24616],[29.7658,45.32178],[29.75499,45.44386],[29.77368,45.45212],[29.77281,45.4347],[29.78138,45.46745],[29.74807,45.4673],[29.74514,45.48994],[29.70597,45.46956],[29.70855,45.4579],[29.65285,45.47464],[29.64844,45.45163],[29.63127,45.47489],[29.60713,45.4761],[29.60807,45.48744],[29.61611,45.47492],[29.62888,45.48316],[29.62431,45.50212],[29.64956,45.5294],[29.59743,45.56052],[29.60453,45.64815],[29.55191,45.64374],[29.55479,45.62382],[29.49366,45.61454],[29.48926,45.64117],[29.4686,45.63874],[29.46121,45.67522],[29.42406,45.67084],[29.41816,45.69917],[29.32684,45.6897],[29.31565,45.73132],[29.2081,45.70588],[29.21669,45.71711],[29.20198,45.71989],[29.18975,45.75843]]],[[[29.63761,45.47818],[29.6247,45.47804],[29.64878,45.47162],[29.63761,45.47818]]]]},"properties":{"uid":101,"title_uk":"Ізмаїльський район","region_type":"raion","parent_uid":18,"oblast_uid":18}},{"type":"Feature","geometry":{"type":"MultiPolygon","coordinates":[[[[29.49324,46.4318],[29.47977,46.44136],[29.50337,46.45982],[29.44788,46.49873],[29.38664,46.44638],[29.4198,46.40381],[29.44807,46.39847],[29.48452,46.3604],[29.384,46.32445],[29.53124,46.28745],[29.60367,46.29462],[29.6146,46.21748],[29.59747,46.21331],[29.61277,46.19747],[29.48465,46.19575],[29.47337,46.15892],[29.47313,46.14684],[29.53136,46.1407],[29.53353,46.09522],[29.5033,46.0379],[29.55154,46.04422],[29.56084,45.94579],[29.59044,45.94959],[29.59603,45.92238],[29.46518,45.91424],[29.43797,45.86468],[29.48465,45.77787],[29.4033,45.79165],[29.41068,45.75207],[29.31565,45.73132],[29.32684,45.6897],[29.41816,45.69917],[29.42406,45.67084],[29.46121,45.67522],[29.4686,45.63874],[29.48926,45.64117],[29.49366,45.61454],[29.55479,45.62382],[29.55191,45.64374],[29.60453,45.64815],[29.59743,45.56052],[29.64929,45.52779],[29.75091,45.60149],[30.22179,45.86595],[30.56492,46.16558],[30.54932,46.1834],[30.49055,46.15593],[30.45596,46.11209],[30.37686,46.22251],[30.27144,46.26769],[30.27294,46.30472],[30.29211,46.32652],[30.28394,46.34051],[30.29912,46.34789],[30.26112,46.3871],[30.26084,46.41426],[30.21619,46.44405],[30.1686,46.43509],[30.17102,46.41525],[30.0869,46.37195],[30.00841,46.3598],[29.99847,46.38924],[29.93798,46.40023],[29.88632,46.37151],[29.8907,46.35218],[29.80512,46.38545],[29.82246,46.39569],[29.78675,46.41985],[29.7764,46.45441],[29.74081,46.47287],[29.72636,46.46697],[29.73426,46.43517],[29.66003,46.43602],[29.67677,46.36115],[29.58014,46.36069],[29.56555,46.41628],[29.49324,46.4318]]]]},"properties":{"uid":102,"title_uk":"Білгород-Дністровський район","region_type":"raion","parent_uid":18,"oblast_uid":18}},{"type":"Feature","geometry":{"type":"MultiPolygon","coordinates":[[[[29.82654,47.53038],[29.60182,47.50905],[29.60514,47.49682],[29.58423,47.4942],[29.58834,47.47801],[29.56977,47.47569],[29.58149,47.44597],[29.61828,47.44435],[29.5882,47.44107],[29.59386,47.41922],[29.57681,47.41734],[29.5824,47.39003],[29.56976,47.38842],[29.59797,47.25706],[29.55112,47.25173],[29.5808,47.13583],[29.49457,47.1307],[29.53026,47.07529],[29.54984,47.0757],[29.54802,47.09357],[29.61204,47.0999],[29.62837,47.04511],[29.60219,47.04158],[29.59605,46.96362],[29.55605,46.95773],[29.5713,46.94002],[29.63941,46.95504],[29.64801,46.91921],[29.71862,46.93197],[29.74938,46.86064],[29.88387,46.88626],[29.88356,46.85069],[29.90508,46.81986],[29.94945,46.84172],[29.96918,46.83203],[29.97821,46.81692],[29.93494,46.80591],[29.97447,46.75402],[29.97275,46.68835],[29.94493,46.64638],[29.95611,46.63288],[30.15277,46.62749],[30.12815,46.67542],[30.31668,46.68975],[30.325,46.65201],[30.27629,46.64717],[30.28117,46.63291],[30.33845,46.63964],[30.34441,46.61417],[30.37416,46.61693],[30.3507,46.6545],[30.3999,46.65875],[30.38964,46.70504],[30.32974,46.70684],[30.3243,46.73029],[30.392,46.73856],[30.37663,46.75993],[30.403,46.73902],[30.49412,46.75544],[30.48682,46.79051],[30.46158,46.82707],[30.40467,46.82004],[30.39382,46.84478],[30.37295,46.84188],[30.34815,46.92567],[30.31616,46.92253],[30.315,46.94915],[30.33226,46.96018],[30.291,46.96616],[30.28691,46.97935],[30.25492,46.97601],[30.25982,46.9585],[30.24578,46.95667],[30.23703,46.99045],[30.13837,46.97999],[30.10971,47.09433],[30.17364,47.10977],[30.15402,47.20084],[30.11293,47.25741],[30.10878,47.27328],[30.12853,47.2754],[30.12295,47.29518],[30.1099,47.29341],[30.11851,47.28308],[30.08647,47.28707],[30.08352,47.27343],[30.04825,47.32735],[29.95631,47.31566],[29.93322,47.29142],[29.89224,47.32784],[29.91014,47.35199],[29.90589,47.36897],[29.88785,47.36692],[29.87542,47.41317],[29.97609,47.43827],[29.94882,47.43746],[29.93929,47.46629],[29.84467,47.46949],[29.82654,47.53038]]]]},"properties":{"uid":103,"title_uk":"Роздільнянський район","region_type":"raion","parent_uid":18,"oblast_uid":18}},{"type":"Feature","geometry":{"type":"MultiPolygon","coordinates":[[[[30.86377,46.92642],[30.86429,46.94303],[30.84383,46.95407],[30.79508,46.9467],[30.80244,46.91732],[30.71027,46.89689],[30.68661,46.87085],[30.69583,46.90734],[30.64128,46.89959],[30.64484,46.86911],[30.67806,46.83926],[30.65161,46.83039],[30.65824,46.78012],[30.60735,46.77449],[30.59751,46.78959],[30.56525,46.76878],[30.54723,46.81022],[30.50996,46.79465],[30.47905,46.83833],[30.46156,46.82661],[30.49412,46.75544],[30.403,46.73902],[30.37663,46.75993],[30.392,46.73856],[30.3243,46.73029],[30.32974,46.70684],[30.38964,46.70504],[30.3999,46.65875],[30.3507,46.6545],[30.37416,46.61693],[30.34441,46.61417],[30.33845,46.63964],[30.28117,46.63291],[30.27629,46.64717],[30.325,46.65201],[30.31668,46.68975],[30.12815,46.67542],[30.15277,46.62749],[29.95611,46.63288],[29.95856,46.60779],[29.93408,46.5813],[29.94484,46.55485],[29.87558,46.54679],[29.91321,46.52172],[29.90592,46.51435],[29.94333,46.50194],[29.93558,46.49442],[29.96048,46.50981],[29.96038,46.49062],[29.98694,46.50968],[29.98749,46.49379],[30.00089,46.49561],[29.99113,46.47796],[30.01685,46.48136],[29.99399,46.47428],[30.0233,46.4686],[29.99395,46.46153],[30.02608,46.45276],[30.02301,46.44166],[30.06448,46.44215],[30.05811,46.42635],[30.09655,46.42544],[30.09459,46.43992],[30.13093,46.41146],[30.15414,46.42907],[30.1663,46.41353],[30.1686,46.43509],[30.19608,46.44564],[30.24612,46.42869],[30.26112,46.3871],[30.29917,46.34762],[30.28394,46.34051],[30.29211,46.32652],[30.27294,46.30472],[30.27144,46.26769],[30.37686,46.22251],[30.45596,46.11209],[30.49055,46.15593],[30.54932,46.1834],[30.56492,46.16558],[30.68079,46.32466],[30.75213,46.37522],[30.77256,46.44118],[30.75933,46.49127],[30.73132,46.50676],[30.75017,46.54403],[30.79676,46.55826],[30.8307,46.54933],[31.18934,46.64075],[31.17585,46.65185],[31.19872,46.66025],[31.18513,46.66286],[31.17894,46.70896],[31.15287,46.74049],[31.1775,46.76808],[31.15289,46.79497],[31.15229,46.8394],[31.11271,46.84446],[31.09406,46.88106],[31.04095,46.90948],[30.91073,46.87093],[30.89587,46.92441],[30.86377,46.92642]]],[[[30.07996,46.3904],[29.99683,46.38379],[30.00841,46.3598],[30.0869,46.37195],[30.07996,46.3904]]]]},"properties":{"uid":104,"title_uk":"Одеський район","region_type":"raion","parent_uid":18,"oblast_uid":18}},{"type":"Feature","geometry":{"type":"MultiPolygon","coordinates":[[[[29.23895,46.52014],[29.23555,46.55844],[29.16167,46.54474],[29.16343,46.51523],[29.06311,46.51214],[29.03304,46.49093],[28.98892,46.48901],[29.02325,46.47999],[29.02588,46.46252],[28.93033,46.45732],[28.99369,46.3319],[28.94919,46.26045],[29.06758,46.19551],[28.95046,46.09394],[29.00366,46.04528],[28.97902,46.00346],[28.77618,45.97063],[28.77951,45.96025],[28.75713,45.9571],[28.75465,45.92722],[28.78624,45.83239],[28.69662,45.81793],[28.70923,45.77989],[28.57948,45.76995],[28.59117,45.73101],[28.52033,45.73834],[28.48107,45.68102],[28.48298,45.65976],[28.51578,45.66535],[28.5528,45.55392],[28.65876,45.52043],[28.64812,45.46753],[28.76967,45.49575],[28.73751,45.58928],[28.94793,45.62843],[28.93773,45.64799],[28.98588,45.65611],[28.97227,45.6979],[29.02279,45.70229],[29.01908,45.7371],[29.07557,45.75147],[29.0667,45.77933],[29.10466,45.78542],[29.09998,45.80037],[29.16897,45.81321],[29.19233,45.73575],[29.21669,45.71711],[29.2081,45.70588],[29.37466,45.73682],[29.41068,45.75207],[29.4033,45.79165],[29.48465,45.77787],[29.43797,45.86468],[29.46518,45.91424],[29.59603,45.92238],[29.59044,45.94959],[29.56084,45.94579],[29.55154,46.04422],[29.5033,46.0379],[29.53353,46.09522],[29.53136,46.1407],[29.47313,46.14684],[29.47337,46.15892],[29.48465,46.19575],[29.61277,46.19747],[29.59747,46.21331],[29.6146,46.21748],[29.60367,46.29462],[29.53124,46.28745],[29.384,46.32445],[29.48452,46.3604],[29.39654,46.4251],[29.35033,46.50424],[29.33168,46.49598],[29.33635,46.47358],[29.30852,46.46496],[29.32411,46.41468],[29.2631,46.40568],[29.26664,46.39355],[29.24096,46.376],[29.20765,46.38455],[29.24681,46.41934],[29.21994,46.46351],[29.25528,46.48578],[29.23895,46.52014]]]]},"properties":{"uid":105,"title_uk":"Болградський район","region_type":"raion","parent_uid":18,"oblast_uid":18}},{"type":"Feature","geometry":{"type":"MultiPolygon","coordinates":[[[[32.94572,50.43026],[32.91999,50.42927],[32.91558,50.40715],[32.83657,50.37429],[32.78984,50.37089],[32.7932,50.34605],[32.67075,50.35803],[32.67165,50.36896],[32.52507,50.34567],[32.48592,50.36918],[32.49322,50.3992],[32.32861,50.42668],[32.31589,50.41745],[32.32566,50.40351],[32.2516,50.37382],[32.26399,50.3625],[32.25459,50.35229],[32.26887,50.35195],[32.14331,50.34825],[32.15234,50.33745],[32.129,50.31572],[32.14022,50.30466],[32.08414,50.2832],[32.10102,50.27658],[32.08945,50.24698],[32.17682,50.165],[32.29859,50.14274],[32.30394,50.11989],[32.25033,50.11463],[32.27641,50.09685],[32.26153,50.08236],[32.31382,50.0386],[32.33376,50.05829],[32.351,50.04734],[32.37887,49.98098],[32.42859,49.96027],[32.41405,49.90345],[32.43457,49.88821],[32.37386,49.87441],[32.44932,49.79621],[32.50409,49.80446],[32.51428,49.77439],[32.55573,49.77354],[32.57256,49.75293],[32.57404,49.70254],[32.66384,49.68044],[32.70853,49.65677],[32.7042,49.64288],[32.73505,49.65441],[32.69599,49.66842],[32.72765,49.71282],[32.72353,49.73711],[32.81973,49.75539],[32.81748,49.78478],[32.8489,49.78503],[32.85124,49.803],[32.8715,49.80858],[32.87987,49.78445],[32.88054,49.79608],[32.91015,49.79025],[32.9226,49.77284],[32.97365,49.76112],[32.97568,49.74776],[33.01803,49.75458],[33.05903,49.71437],[33.15206,49.69205],[33.14101,49.65968],[33.1738,49.64793],[33.18842,49.64587],[33.19048,49.6647],[33.25966,49.66024],[33.28298,49.63911],[33.38234,49.65691],[33.44689,49.63677],[33.4409,49.62159],[33.49591,49.61282],[33.51472,49.64865],[33.50035,49.65677],[33.50132,49.69385],[33.54672,49.73761],[33.54033,49.76809],[33.58103,49.78393],[33.57975,49.8201],[33.4839,49.858],[33.44221,49.85091],[33.39811,49.88656],[33.36611,49.89151],[33.38302,49.94354],[33.28424,49.99001],[33.2948,50.01099],[33.36826,50.02519],[33.40477,50.08692],[33.37734,50.11126],[33.39405,50.14474],[33.36967,50.1403],[33.37917,50.14836],[33.34168,50.16946],[33.34694,50.18263],[33.32866,50.19995],[33.28715,50.18542],[33.2603,50.14372],[33.24197,50.14152],[33.21241,50.17128],[33.15151,50.19003],[33.15093,50.23397],[33.12436,50.24896],[33.13717,50.2876],[33.10814,50.28423],[33.08388,50.32274],[33.04299,50.33407],[33.06249,50.36566],[33.05047,50.3861],[33.00147,50.38284],[33.01866,50.40762],[32.99699,50.41349],[33.00254,50.42416],[32.96179,50.4174],[32.94572,50.43026]],[[33.30722,49.96434],[33.32534,49.95415],[33.24771,49.92268],[33.26065,49.90229],[33.23586,49.86117],[33.21237,49.86265],[33.20097,49.88237],[33.21898,49.90528],[33.20863,49.92387],[33.26036,49.96049],[33.30722,49.96434]]]]},"properties":{"uid":106,"title_uk":"Лубенський район","region_type":"raion","parent_uid":19,"oblast_uid":19}},{"type":"Feature","geometry":{"type":"MultiPolygon","coordinates":[[[[32.87331,49.80798],[32.85124,49.803],[32.8489,49.78503],[32.81766,49.78496],[32.81973,49.75539],[32.72366,49.73723],[32.72765,49.71282],[32.69676,49.67151],[32.73496,49.65495],[32.7042,49.64288],[32.71515,49.61237],[32.69623,49.6031],[32.75722,49.57569],[32.75017,49.52383],[32.70998,49.49902],[32.67726,49.49927],[32.67287,49.44801],[32.6509,49.43584],[32.67899,49.4253],[32.68992,49.38519],[32.73708,49.37213],[32.7382,49.35375],[32.67692,49.35248],[32.54481,49.38182],[32.50987,49.40784],[32.46106,49.34739],[32.47937,49.34066],[32.46625,49.32824],[32.59566,49.27624],[32.60956,49.25353],[32.71391,49.25758],[32.76272,49.23299],[32.81532,49.24915],[32.926,49.2334],[32.97779,49.24335],[32.98486,49.20907],[33.02954,49.1848],[33.11082,49.17954],[33.15772,49.13058],[33.15613,49.09842],[33.18559,49.09724],[33.20144,49.07317],[33.24846,49.08525],[33.24028,49.16671],[33.26719,49.13344],[33.30422,49.11839],[33.26219,49.09187],[33.30789,49.07819],[33.2983,49.06623],[33.33474,49.02699],[33.29704,49.00791],[33.31985,48.94848],[33.35265,48.95423],[33.40158,48.92686],[33.40711,48.96145],[33.42133,48.94887],[33.47594,48.95195],[33.47371,48.91373],[33.53694,48.93139],[33.54767,48.91263],[33.57513,48.91115],[33.56756,48.91886],[33.58921,48.91689],[33.63794,48.97399],[33.66422,48.97855],[33.70952,48.94088],[33.82191,48.93616],[33.93077,48.87981],[34.0125,48.93311],[33.92694,48.98708],[33.88198,48.98873],[33.88256,49.01359],[33.98707,49.01982],[33.98841,49.04897],[33.97419,49.0513],[33.98638,49.08311],[34.04806,49.07489],[34.05642,49.11182],[34.08814,49.11283],[34.09484,49.17727],[34.0439,49.18426],[34.03003,49.23806],[34.00524,49.25143],[34.028,49.28488],[33.99061,49.31177],[33.97947,49.36849],[33.91482,49.36441],[33.89236,49.37661],[33.89909,49.41374],[33.87844,49.39423],[33.86697,49.41412],[33.80652,49.41137],[33.79092,49.44577],[33.81256,49.45948],[33.80623,49.47543],[33.77368,49.47289],[33.7386,49.50004],[33.64068,49.52333],[33.61775,49.57624],[33.44177,49.62126],[33.44689,49.63677],[33.38234,49.65691],[33.28298,49.63911],[33.25966,49.66024],[33.19048,49.6647],[33.18842,49.64587],[33.1738,49.64793],[33.14101,49.65968],[33.15206,49.69205],[33.05903,49.71437],[33.01803,49.75458],[32.97568,49.74776],[32.97365,49.76112],[32.9226,49.77284],[32.91015,49.79025],[32.88054,49.79608],[32.87987,49.78445],[32.87331,49.80798]]]]},"properties":{"uid":107,"title_uk":"Кременчуцький район","region_type":"raion","parent_uid":19,"oblast_uid":19}},{"type":"Feature","geometry":{"type":"MultiPolygon","coordinates":[[[[33.28501,50.54968],[33.24444,50.53977],[33.23871,50.5098],[33.22076,50.50384],[33.17193,50.52278],[33.11774,50.50507],[33.06067,50.51847],[33.02286,50.50142],[33.01619,50.47072],[32.97278,50.4758],[32.9698,50.44891],[32.93207,50.4364],[32.96179,50.4174],[33.00254,50.42416],[32.99699,50.41349],[33.01866,50.40762],[33.00147,50.38284],[33.05047,50.3861],[33.06249,50.36566],[33.04299,50.33407],[33.08388,50.32274],[33.10814,50.28423],[33.13717,50.2876],[33.12436,50.24896],[33.15093,50.23397],[33.15151,50.19003],[33.21241,50.17128],[33.24197,50.14152],[33.2603,50.14372],[33.28715,50.18542],[33.32866,50.19995],[33.34694,50.18263],[33.34168,50.16946],[33.37917,50.14836],[33.36967,50.1403],[33.39405,50.14474],[33.37734,50.11126],[33.40477,50.08692],[33.36826,50.02519],[33.2948,50.01099],[33.28424,49.99001],[33.38302,49.94354],[33.36611,49.89151],[33.39811,49.88656],[33.44221,49.85091],[33.4839,49.858],[33.57975,49.8201],[33.58103,49.78393],[33.54033,49.76809],[33.54672,49.73761],[33.50132,49.69385],[33.50035,49.65677],[33.51472,49.64865],[33.48934,49.60808],[33.61775,49.57624],[33.63967,49.52406],[33.70148,49.51106],[33.66812,49.57282],[33.68561,49.58861],[33.79296,49.58237],[33.80971,49.60332],[33.86867,49.61626],[33.86928,49.64581],[33.94968,49.65956],[33.9394,49.68874],[33.90782,49.69128],[33.93902,49.70946],[34.03174,49.70004],[34.06895,49.73057],[34.04357,49.75486],[34.12385,49.76582],[34.14075,49.79359],[34.22295,49.80303],[34.23299,49.85855],[34.25379,49.86881],[34.23467,49.8915],[34.29163,49.90364],[34.25647,49.94246],[34.29001,49.94717],[34.28751,49.96504],[34.24303,49.96224],[34.21272,50.03814],[34.13581,50.06535],[34.01329,50.08108],[34.05689,50.13677],[34.14018,50.15629],[34.1435,50.21564],[34.20331,50.30541],[34.2297,50.31372],[34.22708,50.33637],[34.26338,50.33539],[34.27341,50.35213],[34.33038,50.34461],[34.39083,50.36698],[34.25832,50.43564],[34.24562,50.52298],[34.21929,50.53336],[34.15866,50.52244],[34.11985,50.51009],[34.09818,50.48092],[34.08229,50.48839],[34.10546,50.50369],[34.06239,50.5164],[34.02773,50.4996],[34.03077,50.51124],[33.95462,50.54748],[33.91299,50.51449],[33.8924,50.53372],[33.81169,50.51547],[33.85099,50.49925],[33.7875,50.47766],[33.7862,50.4609],[33.73501,50.45849],[33.57129,50.49472],[33.53174,50.48034],[33.50168,50.49696],[33.48648,50.48157],[33.46368,50.49264],[33.43391,50.4756],[33.41228,50.49962],[33.37499,50.49753],[33.37388,50.52116],[33.31886,50.52052],[33.28501,50.54968]]],[[[33.32238,49.95832],[33.26036,49.96049],[33.20863,49.92387],[33.21898,49.90528],[33.20097,49.88237],[33.21237,49.86265],[33.23586,49.86117],[33.26065,49.90229],[33.24771,49.92268],[33.29071,49.93095],[33.32238,49.95832]]]]},"properties":{"uid":108,"title_uk":"Миргородський район","region_type":"raion","parent_uid":19,"oblast_uid":19}},{"type":"Feature","geometry":{"type":"MultiPolygon","coordinates":[[[[34.3914,50.34464],[34.36724,50.36165],[34.33038,50.34461],[34.27341,50.35213],[34.26338,50.33539],[34.22708,50.33637],[34.2297,50.31372],[34.20331,50.30541],[34.1435,50.21564],[34.14018,50.15629],[34.05689,50.13677],[34.01329,50.08108],[34.13581,50.06535],[34.21272,50.03814],[34.24303,49.96224],[34.28751,49.96504],[34.29001,49.94717],[34.25647,49.94246],[34.29163,49.90364],[34.23467,49.8915],[34.25379,49.86881],[34.23299,49.85855],[34.22295,49.80303],[34.14075,49.79359],[34.12385,49.76582],[34.04357,49.75486],[34.06895,49.73057],[34.03174,49.70004],[33.93902,49.70946],[33.90782,49.69128],[33.9394,49.68874],[33.94968,49.65956],[33.86928,49.64581],[33.86867,49.61626],[33.80971,49.60332],[33.79296,49.58237],[33.74545,49.59412],[33.68561,49.58861],[33.66812,49.57282],[33.70387,49.5038],[33.81352,49.46814],[33.79092,49.44577],[33.80652,49.41137],[33.86697,49.41412],[33.87844,49.39423],[33.89909,49.41374],[33.89236,49.37661],[33.91482,49.36441],[33.97947,49.36849],[33.99061,49.31177],[34.028,49.28488],[34.00524,49.25143],[34.03003,49.23806],[34.0439,49.18426],[34.09484,49.17727],[34.08814,49.11283],[34.05642,49.11182],[34.05348,49.07924],[33.98638,49.08311],[33.97419,49.0513],[33.98841,49.04897],[33.98707,49.01982],[33.88256,49.01359],[33.88198,48.98873],[33.92694,48.98708],[34.0125,48.93311],[33.93077,48.87981],[34.02532,48.86249],[34.06923,48.82527],[34.12271,48.8179],[34.12551,48.77906],[34.28845,48.74337],[34.29614,48.72311],[34.31214,48.73953],[34.30907,48.76555],[34.34249,48.78419],[34.29806,48.78459],[34.29709,48.82075],[34.34335,48.82439],[34.32303,48.8289],[34.32514,48.84424],[34.35036,48.84816],[34.30019,48.89577],[34.31185,48.94066],[34.3529,48.98386],[34.3255,48.99881],[34.36019,49.03341],[34.41568,49.05485],[34.40211,49.09386],[34.46584,49.06427],[34.5158,49.07191],[34.55821,49.05552],[34.57389,49.06331],[34.57231,49.09517],[34.59398,49.09334],[34.58975,49.11212],[34.76286,49.14333],[34.75838,49.16838],[34.8036,49.17915],[34.81196,49.16683],[34.82357,49.18903],[34.90194,49.17817],[34.86487,49.16143],[34.89961,49.15042],[34.91923,49.15599],[34.92691,49.18434],[34.95581,49.19267],[35.01508,49.1495],[34.98025,49.25003],[35.02454,49.32526],[35.07906,49.3171],[35.09092,49.30037],[35.24248,49.2967],[35.27183,49.27706],[35.28908,49.2949],[35.27921,49.31816],[35.37758,49.39792],[35.34858,49.40464],[35.36366,49.44735],[35.31574,49.4555],[35.33175,49.50422],[35.48147,49.48402],[35.49068,49.50788],[35.42755,49.52641],[35.42743,49.54931],[35.40431,49.55595],[35.48543,49.57133],[35.42517,49.65659],[35.43342,49.67321],[35.34432,49.66499],[35.32971,49.68258],[35.24313,49.69341],[35.25627,49.70879],[35.24243,49.71287],[35.26492,49.71446],[35.2594,49.73365],[35.22401,49.73632],[35.20605,49.75692],[35.21247,49.78929],[35.20002,49.80054],[35.22257,49.80671],[35.21978,49.82946],[35.1399,49.8597],[35.06787,49.85833],[35.04535,49.87311],[35.0644,49.8861],[34.97067,49.8851],[34.91231,49.93524],[34.86036,49.94931],[34.87244,49.95652],[34.85618,49.9869],[34.96349,50.07374],[34.95576,50.09343],[34.93695,50.09521],[34.94078,50.15235],[34.84849,50.165],[34.74733,50.14447],[34.74961,50.15779],[34.73403,50.16049],[34.69963,50.14933],[34.69777,50.11107],[34.67729,50.11105],[34.67646,50.13355],[34.6646,50.11056],[34.57151,50.12117],[34.52644,50.15437],[34.53422,50.17133],[34.523,50.17702],[34.57113,50.22663],[34.55125,50.24605],[34.51456,50.24828],[34.51997,50.28075],[34.45853,50.28553],[34.39957,50.31848],[34.41078,50.33574],[34.3914,50.34464]]]]},"properties":{"uid":109,"title_uk":"Полтавський район","region_type":"raion","parent_uid":19,"oblast_uid":19}},{"type":"Feature","geometry":{"type":"MultiPolygon","coordinates":[[[[25.77987,51.9491],[25.76549,51.94957],[25.78006,51.92214],[25.5927,51.92439],[25.62828,51.90335],[25.7086,51.89453],[25.64027,51.84912],[25.65024,51.81917],[25.63188,51.80671],[25.65939,51.78359],[25.64972,51.76677],[25.67033,51.77206],[25.68267,51.7559],[25.60851,51.64121],[25.58861,51.64456],[25.57757,51.62471],[25.53006,51.63103],[25.53201,51.61394],[25.55525,51.62434],[25.59876,51.58083],[25.5654,51.53968],[25.59543,51.52463],[25.55011,51.51931],[25.55549,51.50061],[25.61022,51.50698],[25.60216,51.49314],[25.62391,51.49514],[25.61811,51.47722],[25.64147,51.47868],[25.64669,51.41672],[25.68757,51.40538],[25.70387,51.38382],[25.69522,51.37568],[25.72479,51.38043],[25.72486,51.40014],[25.75983,51.40038],[25.75529,51.38118],[25.78116,51.37428],[25.83111,51.38715],[25.84383,51.37575],[25.8244,51.36584],[25.83298,51.33022],[25.93818,51.27785],[25.94605,51.23256],[25.99572,51.22782],[26.05881,51.1842],[26.15566,51.2328],[26.25789,51.23496],[26.26934,51.25427],[26.21005,51.2696],[26.21373,51.28378],[26.18269,51.29862],[26.21049,51.33344],[26.2408,51.33299],[26.21855,51.31305],[26.24213,51.30643],[26.23031,51.29712],[26.32751,51.30459],[26.36393,51.32278],[26.33917,51.3302],[26.33354,51.35239],[26.45083,51.40394],[26.42705,51.42878],[26.37786,51.42013],[26.35956,51.46418],[26.30093,51.45619],[26.2856,51.47109],[26.3205,51.49197],[26.22788,51.54835],[26.29703,51.55578],[26.31313,51.58075],[26.28993,51.58462],[26.27551,51.6076],[26.29875,51.64075],[26.16837,51.69105],[26.24114,51.7333],[26.35056,51.70921],[26.32197,51.73712],[26.34707,51.76671],[26.43966,51.76147],[26.46709,51.78811],[26.46606,51.81278],[26.39572,51.83112],[26.39524,51.87828],[26.37103,51.86296],[26.19081,51.86231],[26.04323,51.92559],[25.99605,51.93356],[25.92323,51.91547],[25.8255,51.92498],[25.82458,51.94275],[25.77987,51.9491]]]]},"properties":{"uid":110,"title_uk":"Вараський район","region_type":"raion","parent_uid":5,"oblast_uid":5}},{"type":"Feature","geometry":{"type":"MultiPolygon","coordinates":[[[[25.69494,50.72033],[25.59918,50.71574],[25.60167,50.69624],[25.46956,50.68005],[25.45702,50.66252],[25.40466,50.66899],[25.38586,50.68903],[25.37565,50.68233],[25.38484,50.65491],[25.35121,50.64149],[25.40576,50.6115],[25.32786,50.61213],[25.29195,50.63052],[25.30017,50.57965],[25.31877,50.58361],[25.32142,50.56873],[25.30075,50.53825],[25.12368,50.55349],[25.1222,50.52883],[25.16301,50.50063],[25.15062,50.46835],[25.08409,50.47542],[25.13831,50.46112],[25.15175,50.44681],[25.13913,50.42824],[25.15854,50.42894],[25.16936,50.39586],[25.20983,50.3812],[25.19865,50.36311],[25.17929,50.36219],[25.16898,50.37971],[25.14174,50.36915],[25.1459,50.34425],[25.16632,50.33111],[25.10905,50.31221],[25.10132,50.29506],[25.20479,50.27937],[25.20646,50.24729],[25.19,50.24872],[25.16547,50.20922],[25.21496,50.17975],[25.19725,50.1311],[25.34909,50.00295],[25.36439,50.04603],[25.43139,50.05297],[25.45411,50.09429],[25.48902,50.10184],[25.44839,50.12406],[25.44938,50.15043],[25.47601,50.16616],[25.55411,50.15045],[25.57571,50.17633],[25.62538,50.15211],[25.68813,50.17842],[25.72073,50.17328],[25.72896,50.18697],[25.82116,50.1816],[25.85764,50.19173],[25.92214,50.25403],[25.96274,50.25643],[26.01996,50.22947],[26.065,50.25739],[26.11259,50.24241],[26.12998,50.27222],[26.06127,50.26915],[26.02924,50.28606],[25.97205,50.35188],[25.92726,50.368],[25.93964,50.38267],[25.92072,50.39096],[26.0638,50.38342],[26.05882,50.40984],[26.0773,50.43149],[26.05644,50.44286],[26.07996,50.48056],[26.09813,50.47445],[26.09339,50.53832],[26.02323,50.50486],[25.97816,50.51273],[25.99191,50.53529],[25.94208,50.53552],[25.90789,50.55997],[25.91861,50.56501],[25.90564,50.59495],[25.85097,50.60936],[25.81752,50.59784],[25.80982,50.60557],[25.82934,50.61981],[25.79521,50.66952],[25.7088,50.67146],[25.7221,50.68351],[25.69494,50.72033]]]]},"properties":{"uid":111,"title_uk":"Дубенський район","region_type":"raion","parent_uid":5,"oblast_uid":5}},{"type":"Feature","geometry":{"type":"MultiPolygon","coordinates":[[[[26.11185,51.20209],[26.07148,51.19865],[26.05869,51.14261],[25.99325,51.13926],[25.99473,51.1234],[25.93806,51.11433],[25.94988,51.10321],[25.94159,51.08399],[26.01694,51.08329],[26.09117,51.05061],[26.10731,51.00507],[26.08559,51.00263],[26.0847,50.9732],[25.96702,50.95696],[26.0007,50.93539],[25.99168,50.86584],[26.0395,50.84174],[26.02196,50.82084],[25.90246,50.83155],[25.87185,50.73863],[25.8787,50.70853],[25.82353,50.64674],[25.84444,50.63074],[25.80982,50.60557],[25.90564,50.59495],[25.91861,50.56501],[25.90789,50.55997],[25.94208,50.53552],[25.99191,50.53529],[25.97816,50.51273],[26.02323,50.50486],[26.09339,50.53832],[26.09813,50.47445],[26.07996,50.48056],[26.05644,50.44286],[26.0773,50.43149],[26.05882,50.40984],[26.0638,50.38342],[25.92072,50.39096],[25.93964,50.38267],[25.92726,50.368],[25.97205,50.35188],[26.02924,50.28606],[26.06127,50.26915],[26.12998,50.27222],[26.11259,50.24241],[26.16579,50.2308],[26.19133,50.26277],[26.22124,50.26683],[26.21812,50.23017],[26.18537,50.22913],[26.17927,50.19709],[26.22965,50.17207],[26.27347,50.17875],[26.32398,50.23115],[26.38302,50.26072],[26.50335,50.26275],[26.4962,50.27568],[26.52728,50.31095],[26.56064,50.31699],[26.55273,50.33025],[26.58661,50.33965],[26.60187,50.36824],[26.64796,50.36458],[26.65951,50.39221],[26.68247,50.38931],[26.69202,50.42011],[26.71259,50.41696],[26.7175,50.44564],[26.73695,50.44463],[26.7344,50.47725],[26.74517,50.4796],[26.74302,50.46153],[26.78655,50.46771],[26.76156,50.47046],[26.76504,50.48908],[26.81738,50.50253],[26.82724,50.52307],[26.85632,50.509],[26.89966,50.54635],[26.98279,50.52274],[27.01752,50.559],[27.07144,50.55111],[27.07946,50.58368],[27.118,50.59469],[27.13069,50.56087],[27.23116,50.56674],[27.21516,50.58839],[27.22482,50.60604],[27.18638,50.6254],[27.21372,50.63963],[27.20372,50.66619],[27.2446,50.67307],[27.27555,50.7216],[27.27046,50.76334],[27.24172,50.77032],[27.23217,50.79703],[27.24237,50.82795],[27.23201,50.83905],[27.25625,50.89597],[27.217,50.91984],[27.23883,50.93686],[27.21942,50.9731],[27.13688,51.02776],[27.13383,51.05568],[27.08969,51.05974],[27.06802,51.08769],[26.97218,51.13372],[26.80696,51.13489],[26.79031,51.14811],[26.77409,51.12687],[26.74365,51.12888],[26.68741,51.09481],[26.65631,51.10446],[26.67369,51.11028],[26.66442,51.1457],[26.63347,51.16298],[26.6355,51.18172],[26.60452,51.18505],[26.47556,51.12993],[26.53358,51.08805],[26.44931,51.09431],[26.5196,51.05071],[26.50745,51.03848],[26.50769,51.05815],[26.4786,51.0665],[26.48388,51.0335],[26.46886,51.027],[26.43597,51.0509],[26.35237,51.0533],[26.34821,51.0694],[26.36302,51.07832],[26.30033,51.11173],[26.28398,51.10078],[26.26226,51.11805],[26.21907,51.11105],[26.19682,51.15951],[26.16575,51.15016],[26.15876,51.17215],[26.08166,51.16911],[26.11185,51.20209]]]]},"properties":{"uid":112,"title_uk":"Рівненський район","region_type":"raion","parent_uid":5,"oblast_uid":5}},{"type":"Feature","geometry":{"type":"MultiPolygon","coordinates":[[[[26.59666,51.82886],[26.55221,51.812],[26.54688,51.79586],[26.46671,51.7995],[26.43966,51.76147],[26.34707,51.76671],[26.32197,51.73712],[26.35056,51.70921],[26.24114,51.7333],[26.19443,51.69811],[26.16944,51.69731],[26.17735,51.68079],[26.19812,51.68668],[26.20755,51.66762],[26.2204,51.67471],[26.29875,51.64075],[26.27551,51.6076],[26.28993,51.58462],[26.31313,51.58075],[26.29703,51.55578],[26.22788,51.54835],[26.3205,51.49197],[26.2856,51.47109],[26.30093,51.45619],[26.35956,51.46418],[26.37786,51.42013],[26.42705,51.42878],[26.45101,51.40422],[26.33354,51.35239],[26.33917,51.3302],[26.36393,51.32278],[26.32751,51.30459],[26.23031,51.29712],[26.24213,51.30643],[26.21855,51.31305],[26.2408,51.33299],[26.21049,51.33344],[26.18269,51.29862],[26.21373,51.28378],[26.21005,51.2696],[26.26934,51.25427],[26.25789,51.23496],[26.15566,51.2328],[26.10927,51.2065],[26.11515,51.19373],[26.08166,51.16911],[26.15876,51.17215],[26.16575,51.15016],[26.19682,51.15951],[26.21907,51.11105],[26.26226,51.11805],[26.28398,51.10078],[26.30033,51.11173],[26.36302,51.07832],[26.34821,51.0694],[26.35237,51.0533],[26.43597,51.0509],[26.46886,51.027],[26.48388,51.0335],[26.4786,51.0665],[26.50769,51.05815],[26.50745,51.03848],[26.5196,51.05071],[26.44931,51.09431],[26.53358,51.08805],[26.47499,51.12901],[26.56022,51.1763],[26.6355,51.18172],[26.63347,51.16298],[26.66442,51.1457],[26.67369,51.11028],[26.65631,51.10446],[26.68741,51.09481],[26.74365,51.12888],[26.77409,51.12687],[26.79031,51.14811],[26.80696,51.13489],[26.97218,51.13372],[27.06802,51.08769],[27.08969,51.05974],[27.13383,51.05568],[27.13688,51.02776],[27.20324,50.99101],[27.22626,51.00792],[27.21936,51.0301],[27.32591,51.04222],[27.32402,51.08155],[27.36671,51.09755],[27.36402,51.14294],[27.39824,51.17023],[27.40041,51.20071],[27.47396,51.23714],[27.4471,51.25459],[27.46139,51.26415],[27.44073,51.31054],[27.49,51.3156],[27.52762,51.35344],[27.52607,51.36639],[27.49474,51.37473],[27.50502,51.45149],[27.53448,51.45295],[27.53289,51.42878],[27.58439,51.40165],[27.61414,51.40295],[27.59895,51.43019],[27.58249,51.42973],[27.57885,51.47848],[27.66913,51.49695],[27.6763,51.5393],[27.72048,51.56129],[27.7295,51.59212],[27.68364,51.61175],[27.61896,51.60544],[27.54999,51.63718],[27.5399,51.62057],[27.50799,51.62882],[27.51233,51.60726],[27.52791,51.60768],[27.50341,51.58719],[27.48222,51.59329],[27.48663,51.61233],[27.46817,51.60604],[27.45413,51.61972],[27.42536,51.60555],[27.35919,51.61589],[27.24026,51.60175],[27.27276,51.65433],[27.2082,51.66385],[27.20132,51.77344],[26.99458,51.76883],[26.94821,51.73588],[26.84697,51.76568],[26.7908,51.75699],[26.75166,51.77382],[26.75333,51.80134],[26.6917,51.82339],[26.59666,51.82886]]]]},"properties":{"uid":113,"title_uk":"Сарненський район","region_type":"raion","parent_uid":5,"oblast_uid":5}},{"type":"Feature","geometry":{"type":"MultiPolygon","coordinates":[[[[34.43477,51.25757],[34.38395,51.27365],[34.33059,51.23978],[34.23074,51.26519],[34.15611,51.24279],[34.13906,51.21458],[34.14746,51.1972],[34.11796,51.18237],[34.13225,51.14166],[34.09076,51.1312],[34.06794,51.08793],[34.01624,51.07779],[34.0207,51.04357],[34.08563,50.99567],[34.04704,50.94876],[34.10304,50.93529],[34.13021,50.87115],[34.16449,50.88135],[34.18848,50.85249],[34.16021,50.80913],[34.14262,50.80978],[34.17697,50.7651],[34.14991,50.74468],[34.16371,50.73403],[34.08056,50.70767],[34.18333,50.64626],[34.22715,50.60066],[34.25227,50.44254],[34.28672,50.4132],[34.39083,50.36698],[34.48552,50.38868],[34.51292,50.44993],[34.57674,50.4501],[34.58512,50.47004],[34.62855,50.49291],[34.7146,50.51983],[34.73361,50.53998],[34.72792,50.56949],[34.77386,50.56542],[34.79086,50.59989],[34.86527,50.62499],[34.88637,50.67179],[34.93876,50.69746],[34.94556,50.71799],[34.92827,50.72193],[34.91355,50.745],[34.92412,50.75008],[34.94749,50.73648],[34.97705,50.75047],[35.09233,50.7162],[35.06879,50.70662],[35.07177,50.6913],[35.05651,50.70668],[35.02665,50.69903],[35.02509,50.67736],[35.05945,50.68706],[35.11557,50.66814],[35.15526,50.68739],[35.19405,50.66714],[35.2017,50.64802],[35.1746,50.63438],[35.17806,50.61371],[35.15141,50.59135],[35.18915,50.5709],[35.27235,50.58064],[35.27307,50.54249],[35.24849,50.54079],[35.26897,50.53632],[35.26299,50.51836],[35.29448,50.52725],[35.29448,50.54979],[35.32344,50.52377],[35.31672,50.53748],[35.33391,50.54555],[35.43876,50.54346],[35.39032,50.57997],[35.42495,50.60303],[35.39276,50.6498],[35.46256,50.66627],[35.48861,50.65845],[35.49569,50.67858],[35.46325,50.68507],[35.45945,50.70462],[35.48803,50.777],[35.41185,50.80194],[35.41903,50.84373],[35.38196,50.87016],[35.40159,50.87964],[35.37981,50.89563],[35.40349,50.90281],[35.40014,50.91442],[35.32541,50.94689],[35.35209,50.9732],[35.32373,51.01277],[35.37469,51.00867],[35.40916,51.0264],[35.40597,51.04812],[35.30672,51.07854],[35.27353,51.05781],[35.18928,51.05344],[35.14766,51.08264],[35.17342,51.08726],[35.16304,51.10903],[35.17465,51.12141],[35.1426,51.13368],[35.1246,51.16185],[35.15032,51.22308],[35.11936,51.23161],[35.07267,51.23259],[35.03829,51.20427],[35.03794,51.21775],[34.98005,51.23562],[34.89812,51.19303],[34.86245,51.19928],[34.83348,51.18296],[34.8345,51.16922],[34.78457,51.18388],[34.7167,51.17154],[34.66862,51.1975],[34.66204,51.24735],[34.60405,51.25453],[34.58042,51.23386],[34.54064,51.25279],[34.50492,51.24245],[34.43477,51.25757]]]]},"properties":{"uid":114,"title_uk":"Сумський район","region_type":"raion","parent_uid":20,"oblast_uid":20}},{"type":"Feature","geometry":{"type":"MultiPolygon","coordinates":[[[[33.80889,52.3656],[33.68343,52.35796],[33.60436,52.33368],[33.58156,52.31081],[33.54428,52.32365],[33.56023,52.30218],[33.48348,52.31363],[33.51916,52.35411],[33.45479,52.36522],[33.43948,52.35294],[33.44685,52.34204],[33.38653,52.31652],[33.40283,52.30212],[33.38678,52.29707],[33.37686,52.27538],[33.38723,52.27134],[33.35812,52.25833],[33.36644,52.23295],[33.31464,52.2155],[33.33124,52.20181],[33.3098,52.18475],[33.33763,52.15659],[33.32259,52.1362],[33.34401,52.14569],[33.41719,52.1231],[33.40971,52.11539],[33.44496,52.09785],[33.43707,52.08704],[33.50002,52.08927],[33.50062,52.03853],[33.43039,52.0257],[33.40323,52.05119],[33.31601,52.03168],[33.30422,52.01346],[33.33716,52.00689],[33.39549,51.9549],[33.37086,51.95354],[33.35508,51.93027],[33.25301,51.92623],[33.22089,51.90476],[33.18695,51.9121],[33.17067,51.90066],[33.1798,51.88519],[33.12272,51.86355],[33.14697,51.81649],[33.07833,51.77558],[33.17144,51.69977],[33.14722,51.68288],[33.1988,51.68288],[33.2138,51.65631],[33.43721,51.71772],[33.50904,51.71348],[33.50604,51.70207],[33.58323,51.65923],[33.60404,51.67045],[33.63996,51.645],[33.67849,51.64807],[33.66285,51.63451],[33.73276,51.60875],[33.74263,51.58474],[33.72224,51.5829],[33.7582,51.54209],[33.7504,51.53395],[33.84936,51.49647],[33.86511,51.50672],[33.89833,51.4955],[33.86731,51.44948],[33.8833,51.44212],[33.94301,51.47754],[33.95743,51.47718],[33.95629,51.46174],[33.99398,51.47278],[33.98973,51.50979],[34.00524,51.51233],[34.00049,51.52287],[34.05194,51.52044],[34.03925,51.53689],[34.05228,51.54986],[34.08191,51.51502],[34.13156,51.50036],[34.17468,51.52553],[34.19832,51.49044],[34.24968,51.50158],[34.29189,51.48489],[34.29053,51.50892],[34.3076,51.51936],[34.25974,51.53322],[34.24925,51.57687],[34.21626,51.57433],[34.21097,51.60041],[34.18207,51.59692],[34.1673,51.64545],[34.12978,51.64278],[34.10454,51.66642],[34.08026,51.66603],[34.1279,51.68947],[34.29081,51.70496],[34.30883,51.72022],[34.42228,51.72225],[34.44041,51.74333],[34.40918,51.78216],[34.4155,51.8258],[34.30338,51.88754],[34.24488,51.88143],[34.25936,51.90952],[34.21945,51.92012],[34.19026,51.96853],[34.14311,51.96814],[34.12921,51.98442],[34.13982,52.00017],[34.10057,52.00459],[34.10132,52.04122],[34.06229,52.07295],[34.09962,52.09333],[34.08746,52.10903],[34.11618,52.14073],[34.05389,52.17122],[34.06531,52.18275],[34.05228,52.20149],[34.01631,52.2019],[33.99832,52.21199],[34.00062,52.2273],[33.93755,52.2502],[33.94436,52.28333],[33.92088,52.30476],[33.8389,52.32056],[33.85484,52.33276],[33.83821,52.36026],[33.80889,52.3656]]]]},"properties":{"uid":115,"title_uk":"Шосткинський район","region_type":"raion","parent_uid":20,"oblast_uid":20}},{"type":"Feature","geometry":{"type":"MultiPolygon","coordinates":[[[[33.97721,51.06997],[33.96379,51.06676],[33.96909,51.03573],[33.93426,51.0135],[33.90386,51.01466],[33.89329,50.99017],[33.90355,50.98296],[33.8526,50.99368],[33.72378,50.98067],[33.70435,50.96375],[33.66036,50.96951],[33.67817,50.99319],[33.64602,51.00506],[33.6406,51.03243],[33.61032,51.01958],[33.5555,51.04141],[33.50639,51.03253],[33.50801,50.98501],[33.45263,50.98912],[33.44334,50.9672],[33.28014,50.9833],[33.21176,50.97283],[33.197,50.93124],[33.20818,50.89348],[33.17042,50.88795],[33.18107,50.86702],[33.16916,50.85069],[33.18527,50.8482],[33.15513,50.82793],[33.16904,50.79961],[33.15338,50.79303],[33.1896,50.74653],[33.23936,50.73214],[33.13583,50.71084],[33.15116,50.69381],[33.14678,50.65498],[33.11756,50.64763],[33.10271,50.60215],[33.12291,50.59575],[33.04872,50.54093],[33.06105,50.52189],[33.11774,50.50507],[33.17193,50.52278],[33.22076,50.50384],[33.23871,50.5098],[33.24444,50.53977],[33.27634,50.55343],[33.31886,50.52052],[33.37388,50.52116],[33.37499,50.49753],[33.41228,50.49962],[33.43391,50.4756],[33.46368,50.49264],[33.48648,50.48157],[33.50168,50.49696],[33.53174,50.48034],[33.57129,50.49472],[33.73501,50.45849],[33.7862,50.4609],[33.7875,50.47766],[33.85099,50.49925],[33.81169,50.51547],[33.8924,50.53372],[33.91299,50.51449],[33.95462,50.54748],[34.03077,50.51124],[34.02773,50.4996],[34.06239,50.5164],[34.10546,50.50369],[34.08229,50.48839],[34.09818,50.48092],[34.11985,50.51009],[34.15866,50.52244],[34.21929,50.53336],[34.24562,50.52298],[34.22611,50.55345],[34.22715,50.60066],[34.18333,50.64626],[34.08056,50.70767],[34.16371,50.73403],[34.14991,50.74468],[34.17697,50.7651],[34.14262,50.80978],[34.16021,50.80913],[34.18588,50.86108],[34.16449,50.88135],[34.13021,50.87115],[34.09836,50.9239],[34.11158,50.92835],[34.04769,50.9481],[34.08532,50.99694],[34.04722,51.01463],[34.01335,51.06546],[33.97721,51.06997]]]]},"properties":{"uid":116,"title_uk":"Роменський район","region_type":"raion","parent_uid":20,"oblast_uid":20}},{"type":"Feature","geometry":{"type":"MultiPolygon","coordinates":[[[[33.44873,51.71451],[33.2138,51.65631],[33.1988,51.68288],[33.13975,51.67809],[33.14742,51.66951],[33.12552,51.64695],[33.1545,51.64188],[33.15446,51.60748],[33.22231,51.58031],[33.15918,51.57142],[33.19294,51.51262],[33.13418,51.49197],[33.11309,51.42837],[33.13455,51.41659],[33.11965,51.4037],[33.13538,51.39948],[33.13307,51.38256],[33.09084,51.38968],[33.11085,51.37997],[33.10653,51.36538],[33.06076,51.36988],[33.03958,51.39139],[33.05774,51.40403],[33.04763,51.4102],[33.01657,51.39574],[33.04093,51.36772],[33.03757,51.34568],[33.07462,51.34067],[33.07656,51.31254],[33.04092,51.29119],[33.07632,51.29004],[33.05821,51.26609],[33.06908,51.25532],[33.02953,51.22729],[33.04141,51.20564],[32.9771,51.18836],[32.98637,51.18396],[32.96039,51.16264],[32.99285,51.14344],[32.94248,51.08967],[33.06915,51.06921],[33.06016,51.04921],[33.08473,51.03838],[33.03798,50.99401],[33.07953,50.9802],[33.07816,50.99173],[33.11786,51.00676],[33.13696,50.96144],[33.28014,50.9833],[33.41767,50.96285],[33.44334,50.9672],[33.45263,50.98912],[33.50801,50.98501],[33.50639,51.03253],[33.5555,51.04141],[33.61032,51.01958],[33.6406,51.03243],[33.64602,51.00506],[33.67817,50.99319],[33.66036,50.96951],[33.70435,50.96375],[33.72378,50.98067],[33.8526,50.99368],[33.90355,50.98296],[33.89329,50.99017],[33.90386,51.01466],[33.93426,51.0135],[33.96909,51.03573],[33.96751,51.07074],[34.01418,51.06384],[34.01684,51.07954],[34.06794,51.08793],[34.1082,51.14413],[34.13225,51.14166],[34.11796,51.18237],[34.14746,51.1972],[34.14993,51.23927],[34.20057,51.2462],[34.25126,51.27529],[34.2415,51.29316],[34.2821,51.3106],[34.28143,51.3348],[34.31171,51.33397],[34.33847,51.35627],[34.30421,51.37948],[34.28614,51.3747],[34.29246,51.38792],[34.22774,51.3995],[34.22262,51.42841],[34.24719,51.43116],[34.24506,51.45649],[34.29252,51.48122],[34.25528,51.50073],[34.19832,51.49044],[34.17468,51.52553],[34.13156,51.50036],[34.08191,51.51502],[34.05228,51.54986],[34.03925,51.53689],[34.05194,51.52044],[34.00049,51.52287],[34.00524,51.51233],[33.98973,51.50979],[33.99398,51.47278],[33.95629,51.46174],[33.95743,51.47718],[33.94301,51.47754],[33.8833,51.44212],[33.86731,51.44948],[33.89833,51.4955],[33.86511,51.50672],[33.84936,51.49647],[33.7504,51.53395],[33.7582,51.54209],[33.72224,51.5829],[33.74263,51.58474],[33.73276,51.60875],[33.66285,51.63451],[33.67849,51.64807],[33.63996,51.645],[33.60404,51.67045],[33.58323,51.65923],[33.50604,51.70207],[33.50904,51.71348],[33.44873,51.71451]]]]},"properties":{"uid":117,"title_uk":"Конотопський район","region_type":"raion","parent_uid":20,"oblast_uid":20}},{"type":"Feature","geometry":{"type":"MultiPolygon","coordinates":[[[[34.98028,50.73973],[34.97705,50.75047],[34.94749,50.73648],[34.9151,50.74855],[34.94556,50.71799],[34.93876,50.69746],[34.88637,50.67179],[34.86449,50.62446],[34.79086,50.59989],[34.77386,50.56542],[34.72792,50.56949],[34.73361,50.53998],[34.7146,50.51983],[34.62855,50.49291],[34.57577,50.44973],[34.51339,50.45016],[34.48552,50.38868],[34.42522,50.38421],[34.37706,50.35876],[34.41,50.33745],[34.39957,50.31848],[34.45853,50.28553],[34.51997,50.28075],[34.51456,50.24828],[34.55125,50.24605],[34.57113,50.22663],[34.523,50.17702],[34.54638,50.13256],[34.6646,50.11056],[34.67646,50.13355],[34.67729,50.11105],[34.69131,50.10966],[34.69963,50.14933],[34.73403,50.16049],[34.74961,50.15779],[34.74733,50.14447],[34.84849,50.165],[34.94047,50.15231],[34.97355,50.15853],[34.96382,50.1848],[35.03253,50.18015],[35.03958,50.16466],[35.07024,50.20588],[35.14849,50.24257],[35.19274,50.22848],[35.26035,50.23456],[35.26648,50.26547],[35.3299,50.27422],[35.29648,50.28966],[35.32994,50.31867],[35.38219,50.29456],[35.37892,50.32054],[35.42342,50.33511],[35.439,50.31692],[35.52442,50.29012],[35.53532,50.30201],[35.51583,50.31721],[35.59383,50.3312],[35.6501,50.30979],[35.68865,50.33471],[35.69273,50.34558],[35.60159,50.36713],[35.61097,50.37398],[35.58369,50.39428],[35.58646,50.44848],[35.4768,50.48849],[35.43876,50.54346],[35.33391,50.54555],[35.31672,50.53748],[35.32344,50.52377],[35.29448,50.54979],[35.29448,50.52725],[35.26299,50.51836],[35.26897,50.53632],[35.24849,50.54079],[35.27307,50.54249],[35.27235,50.58064],[35.18915,50.5709],[35.15141,50.59135],[35.17806,50.61371],[35.1746,50.63438],[35.2017,50.64802],[35.19405,50.66714],[35.15526,50.68739],[35.11557,50.66814],[35.05945,50.68706],[35.02509,50.67736],[35.02665,50.69903],[35.05651,50.70668],[35.07177,50.6913],[35.06879,50.70662],[35.09233,50.7162],[34.98028,50.73973]]]]},"properties":{"uid":118,"title_uk":"Охтирський район","region_type":"raion","parent_uid":20,"oblast_uid":20}},{"type":"Feature","geometry":{"type":"MultiPolygon","coordinates":[[[[25.43014,49.93462],[25.38852,49.93392],[25.37584,49.86856],[25.29911,49.85371],[25.28746,49.82825],[25.18034,49.83803],[25.13757,49.81491],[25.08326,49.82724],[25.08979,49.78215],[25.07234,49.77022],[25.11488,49.74538],[25.0676,49.71149],[25.02251,49.73605],[24.99053,49.64505],[24.96648,49.64075],[24.95177,49.61427],[24.92975,49.61736],[24.9416,49.60812],[24.87142,49.60924],[24.83362,49.59926],[24.83976,49.58081],[24.82813,49.59294],[24.79119,49.57268],[24.71774,49.57007],[24.72398,49.48164],[24.77089,49.43158],[24.77836,49.38123],[24.82843,49.38589],[24.83372,49.36281],[24.85941,49.34658],[24.82872,49.32064],[24.82809,49.28548],[24.84373,49.26256],[24.93328,49.23554],[24.88697,49.19817],[24.93515,49.17318],[24.98603,49.16903],[24.98747,49.18376],[25.07317,49.16762],[25.25462,49.18481],[25.29521,49.21478],[25.39951,49.18607],[25.40376,49.20432],[25.46202,49.21235],[25.52305,49.18447],[25.50645,49.16036],[25.5402,49.13413],[25.62356,49.13109],[25.62721,49.14645],[25.66468,49.14886],[25.63606,49.1786],[25.68085,49.16171],[25.71008,49.18226],[25.71843,49.16996],[25.74253,49.17456],[25.76721,49.13411],[25.78083,49.15969],[25.78834,49.14981],[25.81107,49.16032],[25.85434,49.20322],[25.82931,49.21071],[25.82977,49.24275],[25.85625,49.27738],[25.93937,49.29594],[25.89765,49.3181],[25.90484,49.37705],[25.9709,49.35935],[26.22962,49.38305],[26.23533,49.40053],[26.1928,49.43043],[26.20186,49.44181],[26.18812,49.48102],[26.14227,49.50946],[26.17559,49.54926],[26.21901,49.5512],[26.1994,49.60898],[26.23108,49.63647],[26.2626,49.63754],[26.27241,49.65688],[26.24111,49.69372],[26.16573,49.72885],[26.16136,49.71564],[25.94961,49.71554],[25.94511,49.70059],[25.85533,49.74713],[25.91782,49.79767],[25.78325,49.81399],[25.72484,49.80226],[25.68378,49.8244],[25.67661,49.84955],[25.54195,49.775],[25.50786,49.81536],[25.47583,49.82415],[25.46218,49.88594],[25.41969,49.91539],[25.43014,49.93462]]]]},"properties":{"uid":119,"title_uk":"Тернопільський район","region_type":"raion","parent_uid":21,"oblast_uid":21}},{"type":"Feature","geometry":{"type":"MultiPolygon","coordinates":[[[[25.94243,50.25723],[25.85502,50.18989],[25.82116,50.1816],[25.72896,50.18697],[25.72073,50.17328],[25.68813,50.17842],[25.62538,50.15211],[25.57571,50.17633],[25.55411,50.15045],[25.47601,50.16616],[25.44938,50.15043],[25.44839,50.12406],[25.48902,50.10184],[25.45411,50.09429],[25.43139,50.05297],[25.36439,50.04603],[25.34909,50.00295],[25.4024,49.98586],[25.40388,49.94776],[25.4269,49.94197],[25.41999,49.91476],[25.46218,49.88594],[25.47583,49.82415],[25.50786,49.81536],[25.54195,49.775],[25.67661,49.84955],[25.68378,49.8244],[25.72484,49.80226],[25.78325,49.81399],[25.91782,49.79767],[25.85533,49.74713],[25.94511,49.70059],[25.94805,49.71514],[25.97779,49.71879],[26.16136,49.71564],[26.16573,49.72885],[26.19414,49.71563],[26.24346,49.74531],[26.24079,49.77565],[26.1782,49.8473],[26.20093,49.86626],[26.1327,49.8984],[26.16611,49.92218],[26.14198,49.97176],[26.17283,49.99395],[26.20238,49.99214],[26.21061,50.0159],[26.17592,50.02515],[26.22689,50.04734],[26.20082,50.06729],[26.20046,50.09797],[26.27344,50.10281],[26.23481,50.13121],[26.2435,50.14329],[26.20857,50.15414],[26.2198,50.18062],[26.17927,50.19709],[26.18537,50.22913],[26.21812,50.23017],[26.22124,50.26683],[26.19133,50.26277],[26.16501,50.23078],[26.065,50.25739],[26.0087,50.22875],[25.94243,50.25723]]]]},"properties":{"uid":120,"title_uk":"Кременецький район","region_type":"raion","parent_uid":21,"oblast_uid":21}},{"type":"Feature","geometry":{"type":"MultiPolygon","coordinates":[[[[26.2062,49.37733],[26.12756,49.38282],[26.12649,49.36923],[25.9709,49.35935],[25.90484,49.37705],[25.89765,49.3181],[25.93937,49.29594],[25.85625,49.27738],[25.82977,49.24275],[25.82931,49.21071],[25.85434,49.20322],[25.81107,49.16032],[25.78834,49.14981],[25.78083,49.15969],[25.76721,49.13411],[25.74253,49.17456],[25.71843,49.16996],[25.71008,49.18226],[25.68085,49.16171],[25.63606,49.1786],[25.66468,49.14886],[25.62721,49.14645],[25.62356,49.13109],[25.5402,49.13413],[25.50645,49.16036],[25.52305,49.18447],[25.4263,49.21368],[25.40376,49.20432],[25.40324,49.18623],[25.29521,49.21478],[25.25462,49.18481],[25.07317,49.16762],[24.98747,49.18376],[24.98603,49.16903],[24.93515,49.17318],[24.88697,49.19817],[24.85644,49.16364],[24.89993,49.1289],[24.98557,49.1167],[24.97368,49.08253],[24.99113,49.07129],[24.91631,49.08301],[24.90299,49.05452],[24.96954,49.01125],[24.96562,48.99233],[25.01763,49.01133],[25.08764,48.97963],[25.11629,48.99513],[25.10849,48.96519],[25.14725,48.94391],[25.11821,48.92397],[25.13666,48.87489],[25.16777,48.8675],[25.1673,48.89356],[25.19816,48.91469],[25.19009,48.9263],[25.23221,48.93235],[25.21116,48.84597],[25.26208,48.86675],[25.32549,48.83788],[25.34466,48.83754],[25.34143,48.85488],[25.35474,48.85959],[25.42804,48.84274],[25.43839,48.87178],[25.46946,48.85656],[25.45423,48.83145],[25.55369,48.79903],[25.63948,48.74916],[25.61016,48.72556],[25.65295,48.70547],[25.62133,48.68085],[25.62809,48.67283],[25.71012,48.66365],[25.73802,48.63321],[25.78498,48.67526],[25.855,48.62038],[25.84911,48.59712],[25.90907,48.58691],[25.97527,48.62088],[26.021,48.61033],[26.03181,48.64341],[26.04928,48.64843],[26.06588,48.60714],[26.04378,48.58628],[26.0909,48.53916],[26.12708,48.5544],[26.09598,48.59956],[26.11829,48.62004],[26.14452,48.59735],[26.14661,48.54625],[26.16396,48.52992],[26.26786,48.53998],[26.30219,48.50905],[26.35584,48.50768],[26.38786,48.53377],[26.44307,48.5411],[26.40894,48.54211],[26.37981,48.56467],[26.3602,48.5419],[26.36382,48.55929],[26.33638,48.56936],[26.35969,48.58803],[26.29304,48.62282],[26.32357,48.62935],[26.28779,48.64019],[26.30751,48.6575],[26.27307,48.64717],[26.27853,48.67282],[26.24786,48.66786],[26.24529,48.684],[26.21942,48.68921],[26.23752,48.69663],[26.2289,48.70886],[26.24397,48.73653],[26.22337,48.75222],[26.24576,48.75569],[26.20729,48.79727],[26.2334,48.78997],[26.22552,48.81323],[26.25846,48.81555],[26.23319,48.81916],[26.19982,48.85889],[26.21408,48.87984],[26.20395,48.8959],[26.22316,48.91095],[26.19651,48.90349],[26.18384,48.91549],[26.19852,48.91824],[26.20819,48.9551],[26.17734,48.97369],[26.2119,48.98287],[26.17607,48.99564],[26.21561,49.00535],[26.18388,49.05656],[26.21557,49.07227],[26.19199,49.07738],[26.20553,49.1327],[26.1899,49.15818],[26.21087,49.16189],[26.18976,49.17158],[26.18314,49.19584],[26.20286,49.24464],[26.24486,49.24457],[26.25838,49.26407],[26.24143,49.27704],[26.25952,49.28955],[26.22538,49.32905],[26.24466,49.36942],[26.2062,49.37733]]]]},"properties":{"uid":121,"title_uk":"Чортківський район","region_type":"raion","parent_uid":21,"oblast_uid":21}},{"type":"Feature","geometry":{"type":"MultiPolygon","coordinates":[[[[37.48165,50.43155],[37.49078,50.45733],[37.4771,50.45947],[37.41348,50.43333],[37.33184,50.43689],[37.29237,50.40121],[37.17945,50.36248],[36.91896,50.3471],[36.68894,50.26691],[36.65673,50.21438],[36.72189,50.19268],[36.68968,50.19009],[36.70519,50.18218],[36.6735,50.16947],[36.70243,50.15871],[36.66742,50.148],[36.68745,50.12154],[36.66996,50.10306],[36.56762,50.09793],[36.54948,50.08052],[36.56739,50.03551],[36.60279,50.03405],[36.64567,50.00564],[36.62461,49.99092],[36.64709,49.96725],[36.60215,49.93726],[36.60212,49.92128],[36.5395,49.90945],[36.53384,49.88603],[36.43258,49.86913],[36.41209,49.79369],[36.33365,49.79232],[36.30433,49.82482],[36.21084,49.81237],[36.16998,49.82612],[36.1293,49.80656],[36.12022,49.78606],[36.16019,49.77739],[36.13315,49.75473],[36.08358,49.76973],[36.05547,49.75616],[35.98705,49.76187],[35.97518,49.74937],[35.96796,49.7632],[35.98162,49.73973],[36.03536,49.72319],[36.01008,49.72051],[35.99995,49.71145],[36.01077,49.70215],[36.07384,49.69433],[36.07335,49.672],[36.03728,49.67097],[36.07486,49.59367],[36.10264,49.58615],[36.06837,49.54201],[36.08143,49.51705],[36.13238,49.51661],[36.13439,49.53849],[36.17348,49.53679],[36.19591,49.50951],[36.24194,49.50706],[36.26045,49.54504],[36.27492,49.54319],[36.35587,49.52138],[36.38388,49.50487],[36.3835,49.46851],[36.43588,49.45877],[36.52568,49.48352],[36.52195,49.50201],[36.48573,49.52006],[36.47504,49.50276],[36.43265,49.51241],[36.44402,49.53929],[36.50182,49.52322],[36.52841,49.55028],[36.56532,49.5434],[36.60554,49.56424],[36.62177,49.58875],[36.70001,49.56956],[36.70215,49.58789],[36.8004,49.61916],[36.80057,49.63667],[36.85576,49.63676],[36.85367,49.60635],[36.88564,49.59053],[36.91932,49.59995],[36.93381,49.63236],[36.97419,49.64268],[36.96774,49.66079],[37.0234,49.71093],[36.99838,49.71357],[36.96456,49.77273],[37.02336,49.80171],[37.06655,49.77021],[37.07657,49.79825],[37.12136,49.79149],[37.14721,49.82562],[37.18896,49.83819],[37.17724,49.93697],[37.13525,49.94735],[37.1762,49.97895],[37.14795,50.00579],[37.16241,50.01247],[37.16848,50.06679],[37.18844,50.07748],[37.15131,50.10063],[37.21519,50.13337],[37.20517,50.12309],[37.26128,50.10571],[37.28005,50.11712],[37.26691,50.12594],[37.30532,50.13681],[37.28966,50.15107],[37.31526,50.15923],[37.31753,50.18287],[37.37662,50.18389],[37.36891,50.22282],[37.42492,50.25395],[37.41978,50.28946],[37.53059,50.31756],[37.53472,50.33373],[37.46722,50.3789],[37.46475,50.42856],[37.48165,50.43155]]]]},"properties":{"uid":122,"title_uk":"Чугуївський район","region_type":"raion","parent_uid":22,"oblast_uid":22}},{"type":"Feature","geometry":{"type":"MultiPolygon","coordinates":[[[[37.57161,50.31209],[37.53472,50.33373],[37.53059,50.31756],[37.41978,50.28946],[37.42492,50.25395],[37.36891,50.22282],[37.37313,50.18058],[37.31753,50.18287],[37.31526,50.15923],[37.28966,50.15107],[37.30532,50.13681],[37.26691,50.12594],[37.28005,50.11712],[37.26128,50.10571],[37.20517,50.12309],[37.21519,50.13337],[37.15111,50.1004],[37.18844,50.07748],[37.16848,50.06679],[37.16241,50.01247],[37.14795,50.00579],[37.1762,49.97895],[37.13525,49.94735],[37.17724,49.93697],[37.18896,49.83819],[37.14721,49.82562],[37.12136,49.79149],[37.07657,49.79825],[37.06655,49.77021],[37.02336,49.80171],[36.96456,49.77273],[36.99838,49.71357],[37.0234,49.71093],[36.96774,49.66079],[37.00497,49.62265],[37.04782,49.63395],[37.09748,49.58228],[37.16481,49.59395],[37.17206,49.54249],[37.29521,49.52457],[37.3728,49.55106],[37.38922,49.54355],[37.38196,49.51334],[37.40861,49.52357],[37.45477,49.48456],[37.51869,49.46748],[37.5231,49.44903],[37.56661,49.44572],[37.5701,49.43402],[37.64106,49.45099],[37.69984,49.51518],[37.80323,49.49203],[37.84088,49.49743],[37.84679,49.52058],[37.88562,49.51883],[37.92562,49.54159],[37.88632,49.54923],[37.90106,49.57378],[37.95266,49.56839],[37.93431,49.58969],[37.94426,49.61127],[37.97495,49.61165],[37.99494,49.64698],[38.04576,49.65747],[37.99892,49.70022],[38.01699,49.7128],[37.97468,49.70853],[37.95143,49.73119],[37.9766,49.76758],[37.99857,49.75327],[38.05277,49.78352],[38.00964,49.81283],[38.01778,49.83721],[38.0937,49.84599],[38.01879,49.91568],[38.04403,49.93263],[37.96198,49.98304],[37.91831,50.03905],[37.79732,50.0842],[37.75539,50.07856],[37.70873,50.13309],[37.64035,50.17604],[37.64355,50.19094],[37.61509,50.21677],[37.63574,50.31092],[37.57161,50.31209]]]]},"properties":{"uid":123,"title_uk":"Куп'янський район","region_type":"raion","parent_uid":22,"oblast_uid":22}},{"type":"Feature","geometry":{"type":"MultiPolygon","coordinates":[[[[36.1947,50.4018],[36.10536,50.36478],[36.17234,50.34577],[36.15084,50.33093],[36.17602,50.28782],[36.12088,50.2408],[36.08605,50.24392],[36.09308,50.22494],[36.03605,50.21147],[36.07244,50.20132],[36.07761,50.17997],[36.03628,50.18138],[36.01291,50.1329],[35.98685,50.13583],[35.99534,50.10831],[35.94135,50.11102],[35.94403,50.09271],[35.86765,50.07769],[35.84182,50.11709],[35.81607,50.11529],[35.84469,50.06371],[35.79835,50.0439],[35.81297,50.03467],[35.77971,50.01736],[35.79749,50.02247],[35.80243,50.00208],[35.8346,49.99598],[35.80976,49.99684],[35.81454,49.97218],[35.7926,49.95132],[35.75526,49.94419],[35.79647,49.94885],[35.81375,49.9437],[35.8045,49.92602],[35.8187,49.93672],[35.87329,49.91594],[35.8734,49.87468],[35.82472,49.85852],[35.82198,49.83517],[35.83907,49.83019],[35.82043,49.82372],[35.82037,49.80733],[35.76973,49.81822],[35.78103,49.82502],[35.76223,49.83646],[35.69868,49.8235],[35.70813,49.77513],[35.68674,49.78262],[35.65457,49.75176],[35.67479,49.748],[35.67553,49.72337],[35.70777,49.69685],[35.74689,49.69671],[35.71058,49.65702],[35.74503,49.64301],[35.74205,49.62632],[35.76765,49.61758],[35.83229,49.64112],[35.86617,49.58171],[35.96566,49.63286],[36.06525,49.61542],[36.03728,49.67097],[36.07335,49.672],[36.07369,49.69457],[36.01077,49.70215],[35.99995,49.71145],[36.01008,49.72051],[36.03536,49.72319],[35.98162,49.73973],[35.96796,49.7632],[35.97518,49.74937],[35.98705,49.76187],[36.05547,49.75616],[36.08358,49.76973],[36.13315,49.75473],[36.16019,49.77739],[36.12022,49.78606],[36.1293,49.80656],[36.16998,49.82612],[36.21084,49.81237],[36.30433,49.82482],[36.33365,49.79232],[36.41245,49.79379],[36.43258,49.86913],[36.53384,49.88603],[36.5395,49.90945],[36.60212,49.92128],[36.60215,49.93726],[36.64709,49.96725],[36.62461,49.99092],[36.64442,50.00712],[36.60279,50.03405],[36.56739,50.03551],[36.54948,50.08052],[36.56762,50.09793],[36.67068,50.10337],[36.69151,50.12722],[36.66742,50.148],[36.70243,50.15871],[36.6735,50.16947],[36.70519,50.18218],[36.68968,50.19009],[36.72189,50.19268],[36.56473,50.2476],[36.57461,50.27474],[36.59377,50.27581],[36.58616,50.28545],[36.44025,50.31087],[36.43358,50.33057],[36.3663,50.28778],[36.29706,50.29197],[36.27388,50.32391],[36.28375,50.33561],[36.1947,50.4018]]]]},"properties":{"uid":124,"title_uk":"Харківський район","region_type":"raion","parent_uid":22,"oblast_uid":22}},{"type":"Feature","geometry":{"type":"MultiPolygon","coordinates":[[[[37.0034,49.62729],[36.98109,49.65001],[36.93381,49.63236],[36.91932,49.59995],[36.89393,49.58989],[36.85622,49.60305],[36.85576,49.63676],[36.80057,49.63667],[36.8004,49.61916],[36.70215,49.58789],[36.70001,49.56956],[36.62177,49.58875],[36.56532,49.5434],[36.52841,49.55028],[36.50182,49.52322],[36.44402,49.53929],[36.45034,49.5298],[36.42909,49.52099],[36.47331,49.50265],[36.48573,49.52006],[36.52357,49.49969],[36.52568,49.48352],[36.49772,49.46861],[36.46326,49.47016],[36.48234,49.45526],[36.44829,49.38744],[36.52066,49.36886],[36.51943,49.35428],[36.55276,49.3554],[36.56066,49.31368],[36.61375,49.29661],[36.60641,49.2755],[36.58088,49.28284],[36.56074,49.2677],[36.64739,49.22838],[36.63155,49.19772],[36.65642,49.19529],[36.63938,49.15152],[36.59112,49.09958],[36.61446,49.08238],[36.6338,49.08992],[36.64384,49.0172],[36.72073,49.03123],[36.72651,49.0177],[36.7558,49.01609],[36.73767,48.99338],[36.76576,48.98673],[36.77957,48.94048],[36.81229,48.91147],[36.80901,48.89249],[36.761,48.89065],[36.73299,48.86021],[36.70359,48.86433],[36.68162,48.84857],[36.69778,48.8087],[36.79049,48.80137],[36.78839,48.78063],[36.82121,48.77134],[36.84077,48.77284],[36.85412,48.80038],[36.96892,48.79333],[37.03244,48.74922],[37.04321,48.76655],[36.99487,48.78739],[37.0238,48.81787],[37.07813,48.81761],[37.09875,48.85081],[37.19212,48.81466],[37.19369,48.8819],[37.22397,48.90826],[37.26636,48.90647],[37.26914,48.92272],[37.32804,48.92171],[37.33244,48.94119],[37.31067,48.94193],[37.32078,48.95652],[37.29478,48.97093],[37.34424,49.00354],[37.37363,48.99435],[37.37542,49.02622],[37.39188,49.02515],[37.38487,49.04831],[37.49529,49.06381],[37.50664,49.07996],[37.48654,49.09945],[37.58487,49.12613],[37.54297,49.14464],[37.56397,49.14556],[37.55446,49.16488],[37.49879,49.18163],[37.56124,49.22802],[37.61432,49.23309],[37.84349,49.20138],[37.86617,49.24636],[37.91152,49.25972],[37.89895,49.27025],[37.91335,49.2776],[37.95838,49.28521],[37.94594,49.30374],[37.88374,49.31287],[37.89611,49.40323],[37.87843,49.41342],[37.87583,49.44674],[37.84387,49.44515],[37.84428,49.50268],[37.80323,49.49203],[37.69984,49.51518],[37.64106,49.45099],[37.56924,49.43405],[37.56661,49.44572],[37.5231,49.44903],[37.51869,49.46748],[37.45477,49.48456],[37.40861,49.52357],[37.38196,49.51334],[37.38922,49.54355],[37.3728,49.55106],[37.29521,49.52457],[37.17206,49.54249],[37.16481,49.59395],[37.09748,49.58228],[37.04782,49.63395],[37.03539,49.62157],[37.0034,49.62729]]]]},"properties":{"uid":125,"title_uk":"Ізюмський район","region_type":"raion","parent_uid":22,"oblast_uid":22}},{"type":"Feature","geometry":{"type":"MultiPolygon","coordinates":[[[[36.06846,50.44937],[35.93586,50.43079],[35.88909,50.43891],[35.87234,50.42262],[35.83194,50.43382],[35.79289,50.41593],[35.80272,50.39804],[35.73851,50.35433],[35.65803,50.35116],[35.69273,50.34558],[35.6501,50.30979],[35.59383,50.3312],[35.51583,50.31721],[35.53532,50.30201],[35.52442,50.29012],[35.439,50.31692],[35.42342,50.33511],[35.37892,50.32054],[35.38219,50.29456],[35.32994,50.31867],[35.29648,50.28966],[35.3299,50.27422],[35.26648,50.26547],[35.26035,50.23456],[35.19274,50.22848],[35.14849,50.24257],[35.07024,50.20588],[35.03958,50.16466],[35.03253,50.18015],[34.96206,50.18467],[34.97355,50.15853],[34.94078,50.15235],[34.93277,50.13393],[34.93695,50.09521],[34.95576,50.09343],[34.96349,50.07374],[34.85618,49.9869],[34.87244,49.95652],[34.86004,49.94985],[34.91231,49.93524],[34.97067,49.8851],[35.0644,49.8861],[35.04535,49.87311],[35.06787,49.85833],[35.1399,49.8597],[35.21978,49.82946],[35.22257,49.80671],[35.20002,49.80054],[35.21247,49.78929],[35.20605,49.75692],[35.22401,49.73632],[35.2594,49.73365],[35.26492,49.71446],[35.24243,49.71287],[35.25627,49.70879],[35.24313,49.69341],[35.32971,49.68258],[35.34432,49.66499],[35.46447,49.67388],[35.57222,49.64567],[35.6179,49.65681],[35.62227,49.69121],[35.69901,49.70633],[35.67553,49.72337],[35.67352,49.7493],[35.65457,49.75176],[35.68674,49.78262],[35.70813,49.77513],[35.69868,49.8235],[35.76223,49.83646],[35.78103,49.82502],[35.76973,49.81822],[35.82037,49.80733],[35.82043,49.82372],[35.83907,49.83019],[35.82198,49.83517],[35.82472,49.85852],[35.8734,49.87468],[35.87329,49.91594],[35.8187,49.93672],[35.8045,49.92602],[35.81375,49.9437],[35.79647,49.94885],[35.75526,49.94419],[35.7926,49.95132],[35.81454,49.97218],[35.80976,49.99684],[35.8346,49.99598],[35.80243,50.00208],[35.79749,50.02247],[35.77971,50.01736],[35.81297,50.03467],[35.79835,50.0439],[35.84469,50.06371],[35.8275,50.07472],[35.81822,50.11785],[35.84182,50.11709],[35.86765,50.07769],[35.94403,50.09271],[35.94135,50.11102],[35.99534,50.10831],[35.98685,50.13583],[36.01291,50.1329],[36.03628,50.18138],[36.07761,50.17997],[36.07244,50.20132],[36.03605,50.21147],[36.09308,50.22494],[36.08605,50.24392],[36.12088,50.2408],[36.17602,50.28782],[36.15084,50.33093],[36.17234,50.34577],[36.10536,50.36478],[36.17698,50.40157],[36.16112,50.43032],[36.06846,50.44937]]]]},"properties":{"uid":126,"title_uk":"Богодухівський район","region_type":"raion","parent_uid":22,"oblast_uid":22}},{"type":"Feature","geometry":{"type":"MultiPolygon","coordinates":[[[[35.69892,49.70611],[35.62227,49.69121],[35.6179,49.65681],[35.57222,49.64567],[35.50828,49.66888],[35.43342,49.67321],[35.42517,49.65659],[35.48543,49.57133],[35.40431,49.55595],[35.42743,49.54931],[35.42755,49.52641],[35.48535,49.5162],[35.48147,49.48402],[35.33175,49.50422],[35.31574,49.4555],[35.36366,49.44735],[35.34858,49.40464],[35.37758,49.39792],[35.27921,49.31816],[35.28908,49.2949],[35.27183,49.27706],[35.24248,49.2967],[35.09092,49.30037],[35.07906,49.3171],[35.02454,49.32526],[34.98025,49.25003],[35.01772,49.1508],[35.04414,49.15643],[35.05316,49.17703],[35.07344,49.17018],[35.08536,49.14101],[35.12229,49.16469],[35.14475,49.15049],[35.18751,49.1628],[35.20971,49.15109],[35.18992,49.13807],[35.22865,49.12629],[35.18999,49.1099],[35.22745,49.10034],[35.25694,49.11354],[35.27644,49.09063],[35.30736,49.09172],[35.30178,49.06954],[35.40111,49.03055],[35.40736,49.01358],[35.43884,49.01111],[35.48523,48.97262],[35.62663,48.98317],[35.63077,48.96247],[35.65018,48.9741],[35.69437,48.9675],[35.69606,48.94276],[35.72371,48.96659],[35.75199,48.94692],[35.78894,48.95423],[35.8018,48.92723],[35.82967,48.95003],[35.85604,48.94522],[35.88499,48.97519],[35.9375,48.97291],[35.94485,49.00356],[35.99125,49.00258],[36.03032,48.98004],[36.10599,49.05071],[36.26972,49.10217],[36.25262,49.12639],[36.16635,49.10968],[36.16238,49.19765],[36.13673,49.19612],[36.13548,49.24714],[36.0609,49.25648],[36.07443,49.2899],[36.02866,49.31097],[36.0417,49.345],[36.00935,49.35533],[35.99953,49.39877],[35.98557,49.4011],[35.99825,49.45533],[35.97781,49.46688],[35.98451,49.50417],[36.09114,49.50803],[36.06837,49.54201],[36.10264,49.58615],[36.07486,49.59367],[36.07374,49.61532],[35.96566,49.63286],[35.86617,49.58171],[35.83229,49.64112],[35.76765,49.61758],[35.74205,49.62632],[35.74503,49.64301],[35.71058,49.65702],[35.74689,49.69671],[35.69892,49.70611]]]]},"properties":{"uid":127,"title_uk":"Берестинський район","region_type":"raion","parent_uid":22,"oblast_uid":22}},{"type":"Feature","geometry":{"type":"MultiPolygon","coordinates":[[[[36.26786,49.54092],[36.24194,49.50706],[36.19591,49.50951],[36.18026,49.53539],[36.13439,49.53849],[36.13238,49.51661],[36.08143,49.51705],[36.09157,49.50954],[36.0789,49.50388],[35.98451,49.50417],[35.97746,49.4759],[35.99825,49.45533],[35.98446,49.40629],[35.99953,49.39877],[35.9944,49.38172],[36.00935,49.35533],[36.0417,49.345],[36.02866,49.31097],[36.07591,49.28613],[36.0609,49.25648],[36.13182,49.25157],[36.13673,49.19612],[36.16238,49.19765],[36.16635,49.10968],[36.25262,49.12639],[36.26978,49.10225],[36.10599,49.05071],[36.02997,48.97991],[35.99125,49.00258],[35.93997,48.99919],[35.98957,48.96924],[35.97758,48.95971],[36.00413,48.94605],[35.99592,48.93932],[36.04363,48.91556],[36.01168,48.88789],[36.04031,48.87349],[36.01941,48.85472],[36.07518,48.83564],[36.06602,48.80896],[36.13052,48.80668],[36.15904,48.78414],[36.15887,48.76812],[36.13998,48.76589],[36.16167,48.74884],[36.14279,48.72437],[36.28423,48.65947],[36.2512,48.62073],[36.31903,48.58718],[36.2713,48.54374],[36.2963,48.53145],[36.32373,48.55562],[36.35478,48.53212],[36.42508,48.61273],[36.44542,48.61366],[36.42017,48.63505],[36.44755,48.63291],[36.4825,48.66353],[36.59111,48.60244],[36.73886,48.62616],[36.71176,48.69255],[36.73547,48.70516],[36.70858,48.76822],[36.68908,48.77608],[36.72078,48.80597],[36.68954,48.81401],[36.68162,48.84857],[36.70359,48.86433],[36.73299,48.86021],[36.761,48.89065],[36.80901,48.89249],[36.81229,48.91147],[36.77957,48.94048],[36.76576,48.98673],[36.73767,48.99338],[36.7558,49.01609],[36.72651,49.0177],[36.72073,49.03123],[36.64384,49.0172],[36.6338,49.08992],[36.61446,49.08238],[36.59112,49.09958],[36.63938,49.15152],[36.65642,49.19529],[36.63155,49.19772],[36.64739,49.22838],[36.56074,49.2677],[36.58088,49.28284],[36.60641,49.2755],[36.61375,49.29661],[36.56066,49.31368],[36.55276,49.3554],[36.51943,49.35428],[36.52066,49.36886],[36.44829,49.38744],[36.48234,49.45526],[36.46326,49.47016],[36.43588,49.45877],[36.3835,49.46851],[36.38388,49.50487],[36.26786,49.54092]]]]},"properties":{"uid":128,"title_uk":"Лозівський район","region_type":"raion","parent_uid":22,"oblast_uid":22}},{"type":"Feature","geometry":{"type":"MultiPolygon","coordinates":[[[[33.99839,47.45937],[33.95242,47.45914],[33.93774,47.51644],[33.64347,47.48445],[33.63584,47.51401],[33.5882,47.50213],[33.58892,47.55817],[33.609,47.5611],[33.58033,47.59999],[33.47367,47.58718],[33.48612,47.54398],[33.32519,47.52282],[33.34886,47.49357],[33.31365,47.48215],[33.30987,47.50162],[33.27902,47.51709],[33.28717,47.5433],[33.21547,47.53313],[33.23324,47.5774],[33.17167,47.56675],[33.09262,47.57869],[33.09466,47.52726],[33.14111,47.54322],[33.14709,47.51434],[33.12294,47.50814],[33.13773,47.41964],[33.07121,47.41185],[33.0702,47.47519],[33.047,47.4682],[33.05408,47.44364],[33.03349,47.44134],[33.03418,47.39751],[33.0392,47.37921],[33.1217,47.38942],[33.1381,47.33269],[33.1024,47.32147],[33.1052,47.27954],[33.18358,47.2381],[33.12712,47.23079],[33.14256,47.21042],[33.13024,47.20287],[33.07206,47.22337],[33.03769,47.17811],[33.00573,47.19662],[32.96061,47.18962],[32.91759,47.14314],[32.91453,47.08718],[33.02709,47.03949],[33.05197,47.0706],[33.07303,47.06303],[33.10315,47.09978],[33.08209,47.10775],[33.10492,47.13704],[33.15808,47.11686],[33.02236,46.97244],[33.05235,46.95988],[33.06441,46.90733],[33.00595,46.90182],[33.01545,46.86471],[32.9775,46.85965],[32.98581,46.83142],[33.02323,46.83589],[33.04637,46.74417],[33.1452,46.78415],[33.28934,46.75119],[33.32669,46.75617],[33.30708,46.78767],[33.31995,46.8214],[33.29365,46.84502],[33.3106,46.84988],[33.37107,46.83682],[33.41886,46.80356],[33.48931,46.83742],[33.59023,46.84516],[33.62168,46.9136],[33.67055,46.96128],[33.69571,47.03242],[33.79884,47.08942],[33.83173,47.16339],[33.90608,47.19546],[33.9607,47.24575],[33.99971,47.33157],[33.99839,47.45937]]]]},"properties":{"uid":129,"title_uk":"Бериславський район","region_type":"raion","parent_uid":23,"oblast_uid":23}},{"type":"Feature","geometry":{"type":"MultiPolygon","coordinates":[[[[32.6467,46.5573],[32.61655,46.58751],[32.5684,46.55445],[32.51519,46.55338],[32.47869,46.57165],[32.29483,46.49539],[32.22327,46.52813],[32.05992,46.53902],[31.92254,46.57227],[31.80695,46.47893],[31.81012,46.36673],[31.78908,46.34727],[31.79725,46.33095],[31.69469,46.26219],[31.63129,46.24485],[31.56523,46.26709],[31.53524,46.30549],[31.53243,46.36998],[31.5142,46.35796],[31.51362,46.32463],[31.55184,46.27384],[31.64677,46.23273],[32.04677,46.1714],[32.54291,46.06612],[32.54693,46.08221],[32.60061,46.09818],[32.76712,46.12239],[32.90821,46.10501],[33.028,46.11149],[33.01471,46.12255],[33.03159,46.15623],[33.13505,46.12485],[33.18433,46.15595],[33.18689,46.19492],[33.19996,46.18833],[33.22443,46.21632],[33.20537,46.17403],[33.22776,46.15423],[33.20942,46.14402],[33.20024,46.10958],[33.21332,46.10635],[33.20747,46.12433],[33.22017,46.13268],[33.28315,46.13345],[33.31139,46.11178],[33.30497,46.09357],[33.28044,46.09709],[33.28414,46.07754],[33.31514,46.07633],[33.31239,46.10335],[33.33047,46.11534],[33.37382,46.09048],[33.36555,46.07625],[33.42322,46.03005],[33.46274,46.05062],[33.51713,46.03012],[33.49232,46.05328],[33.49545,46.0739],[33.56859,46.07563],[33.51661,46.09881],[33.51193,46.12292],[33.53878,46.1185],[33.58661,46.15938],[33.61507,46.13439],[33.63671,46.14022],[33.61528,46.22639],[33.63278,46.22826],[33.59774,46.32648],[33.53518,46.3191],[33.53887,46.30009],[33.46829,46.29183],[33.45192,46.35783],[33.3665,46.34901],[33.35579,46.39529],[33.01332,46.35769],[33.02767,46.27889],[32.90295,46.26531],[32.89911,46.28635],[32.85882,46.28262],[32.83255,46.43417],[32.79089,46.45694],[32.78178,46.51901],[32.71175,46.51802],[32.6467,46.5573]]],[[[32.55747,46.06686],[32.87707,46.0153],[33.08164,46.01565],[32.94201,46.04686],[32.91153,46.03675],[32.86285,46.06107],[32.76524,46.03127],[32.55747,46.06686]]]]},"properties":{"uid":130,"title_uk":"Скадовський район","region_type":"raion","parent_uid":23,"oblast_uid":23}},{"type":"Feature","geometry":{"type":"MultiPolygon","coordinates":[[[[34.2074,47.45674],[34.13948,47.47738],[33.99839,47.45937],[33.99971,47.33157],[33.9607,47.24575],[33.90608,47.19546],[33.83173,47.16339],[33.79884,47.08942],[33.69571,47.03242],[33.67055,46.96128],[33.62168,46.9136],[33.59023,46.84516],[33.48931,46.83742],[33.41886,46.80356],[33.37107,46.83682],[33.3106,46.84988],[33.29365,46.84502],[33.31995,46.8214],[33.30708,46.78767],[33.32669,46.75617],[33.28934,46.75119],[33.1474,46.78415],[33.09928,46.76838],[33.15721,46.71349],[33.17841,46.71597],[33.18077,46.69693],[33.12907,46.68719],[33.12807,46.66346],[33.10586,46.65618],[33.14279,46.63339],[33.16393,46.63332],[33.16676,46.66701],[33.22015,46.67136],[33.2242,46.65595],[33.27721,46.66231],[33.29394,46.59852],[33.41533,46.61285],[33.43532,46.51215],[33.25369,46.4869],[33.26723,46.42408],[33.2138,46.41865],[33.22126,46.38949],[33.35579,46.39529],[33.3665,46.34901],[33.45192,46.35783],[33.46829,46.29183],[33.53887,46.30009],[33.53518,46.3191],[33.59774,46.32648],[33.63278,46.22826],[33.71744,46.19579],[33.74275,46.20868],[33.72752,46.21081],[33.72255,46.24035],[33.76529,46.24189],[33.77476,46.25507],[33.83733,46.22299],[33.88466,46.23306],[33.97405,46.20833],[33.96214,46.41612],[34.12837,46.43261],[34.1089,46.52653],[34.07952,46.54437],[33.98998,46.53627],[34.00032,46.57357],[33.97387,46.579],[33.97187,46.61817],[33.98706,46.63959],[34.06424,46.64941],[34.03761,46.72509],[34.03429,46.81042],[34.19821,46.81117],[34.18182,46.88818],[34.34838,47.0491],[34.40758,47.07838],[34.40198,47.10118],[34.51923,47.10472],[34.4899,47.24683],[34.53028,47.25109],[34.51858,47.28368],[34.48794,47.27989],[34.47878,47.31455],[34.51718,47.31834],[34.51565,47.33559],[34.41395,47.32337],[34.41928,47.30064],[34.39897,47.29833],[34.40154,47.2871],[34.33001,47.29041],[34.29348,47.27377],[34.24656,47.42575],[34.2074,47.45674]]]]},"properties":{"uid":131,"title_uk":"Каховський район","region_type":"raion","parent_uid":23,"oblast_uid":23}},{"type":"Feature","geometry":{"type":"MultiPolygon","coordinates":[[[[33.02236,46.97244],[32.95016,47.00351],[32.93356,46.98532],[32.94892,46.94532],[32.97597,46.94881],[32.97986,46.93368],[32.92206,46.92665],[32.92661,46.90974],[32.8424,46.89944],[32.83629,46.88411],[32.91613,46.88302],[32.92023,46.86595],[32.9491,46.85739],[32.81361,46.84015],[32.76936,46.81931],[32.69897,46.82146],[32.6878,46.86204],[32.58505,46.85495],[32.54485,46.88256],[32.53468,46.88151],[32.54145,46.85012],[32.52485,46.84815],[32.53121,46.82319],[32.46909,46.81608],[32.46291,46.84095],[32.3655,46.82943],[32.37295,46.79908],[32.34204,46.7955],[32.22906,46.84449],[32.25236,46.81961],[32.20972,46.80589],[32.21852,46.77121],[32.16868,46.7633],[32.17144,46.75248],[32.05707,46.74434],[32.0609,46.72824],[32.07543,46.73003],[32.08676,46.68356],[31.9403,46.65116],[31.92254,46.57227],[32.05992,46.53902],[32.22327,46.52813],[32.29483,46.49539],[32.47253,46.57029],[32.5684,46.55445],[32.61655,46.58751],[32.65305,46.54477],[32.69807,46.53538],[32.71175,46.51802],[32.78178,46.51901],[32.79089,46.45694],[32.83255,46.43417],[32.85882,46.28262],[32.89911,46.28635],[32.90295,46.26531],[33.02767,46.27889],[33.01332,46.35769],[33.23349,46.38265],[33.2138,46.41865],[33.26723,46.42408],[33.25369,46.4869],[33.43532,46.51215],[33.41533,46.61285],[33.29394,46.59852],[33.27721,46.66231],[33.16676,46.66701],[33.16054,46.63306],[33.10586,46.65618],[33.12807,46.66346],[33.12907,46.68719],[33.18077,46.69693],[33.17841,46.71597],[33.15721,46.71349],[33.09928,46.76838],[33.04637,46.74417],[33.02323,46.83589],[32.98581,46.83142],[32.9775,46.85965],[33.01545,46.86471],[33.00595,46.90182],[33.06441,46.90733],[33.05235,46.95988],[33.02236,46.97244]]]]},"properties":{"uid":132,"title_uk":"Херсонський район","region_type":"raion","parent_uid":23,"oblast_uid":23}},{"type":"Feature","geometry":{"type":"MultiPolygon","coordinates":[[[[34.55318,47.10579],[34.40198,47.10118],[34.40758,47.07838],[34.34838,47.0491],[34.18182,46.88818],[34.19821,46.81117],[34.03429,46.81042],[34.03761,46.72509],[34.06424,46.64941],[33.98706,46.63959],[33.97187,46.61817],[33.97387,46.579],[34.00032,46.57357],[33.98998,46.53627],[34.07952,46.54437],[34.1089,46.52653],[34.12837,46.43261],[33.96214,46.41612],[33.97405,46.20833],[34.04208,46.11985],[34.107,46.13064],[34.20115,46.0732],[34.21009,46.10644],[34.23545,46.08954],[34.22901,46.06465],[34.27653,46.08867],[34.27367,46.13854],[34.29647,46.1383],[34.29906,46.09266],[34.31875,46.10731],[34.34295,46.16739],[34.31533,46.16731],[34.30122,46.19049],[34.31249,46.2188],[34.32887,46.21948],[34.35099,46.18718],[34.38051,46.19788],[34.44028,46.15398],[34.50386,46.13456],[34.53648,46.14851],[34.52472,46.1871],[34.54879,46.19515],[34.59383,46.16741],[34.59019,46.11448],[34.57089,46.086],[34.55289,46.08913],[34.56637,46.10374],[34.54219,46.13032],[34.50445,46.11643],[34.49395,46.08566],[34.47513,46.12581],[34.43396,46.12147],[34.39449,46.09335],[34.40453,46.06181],[34.43042,46.0437],[34.41719,46.01721],[34.44644,45.97338],[34.45596,45.96758],[34.43873,46.01199],[34.4794,46.00226],[34.47954,45.95281],[34.49783,45.98555],[34.52792,45.99769],[34.54449,45.9812],[34.60787,46.03254],[34.64353,46.09652],[34.625,46.17037],[34.69621,46.18336],[34.74486,46.11808],[34.80831,46.12815],[34.80438,46.08479],[34.78904,46.07203],[34.76027,46.08955],[34.75994,46.10583],[34.66975,46.09417],[34.7129,46.07934],[34.70776,46.04957],[34.76145,46.00738],[34.726,45.9939],[34.68044,46.01153],[34.73501,45.9717],[34.76251,45.91795],[34.80283,45.90121],[34.79804,45.83326],[34.8511,45.82245],[34.8885,45.86089],[34.93029,45.83245],[34.86352,45.9657],[34.80965,46.16104],[34.83247,46.20374],[34.89519,46.24027],[35.03452,46.26126],[35.10312,46.30174],[35.07353,46.29984],[35.05286,46.48115],[35.01586,46.48043],[34.94723,46.5125],[34.89025,46.50675],[34.89108,46.56368],[34.75735,46.55014],[34.74804,46.58413],[34.72304,46.58137],[34.71278,46.62033],[34.75611,46.6271],[34.74599,46.68313],[34.63234,46.68686],[34.62515,46.72403],[34.73498,46.74746],[34.75003,46.78089],[34.76745,46.78106],[34.75801,46.8228],[34.81706,46.8284],[34.80457,46.88255],[34.75249,46.87968],[34.73636,46.96135],[34.68638,46.95568],[34.6819,46.97913],[34.62377,46.97338],[34.61919,46.99353],[34.59965,46.99191],[34.59261,47.02539],[34.56714,47.0245],[34.55318,47.10579]]],[[[35.27766,46.26445],[35.22246,46.22116],[35.21318,46.18754],[35.03813,46.14768],[35.03049,46.12705],[34.9898,46.10426],[34.98264,46.0774],[35.16879,46.13839],[35.27766,46.26445]]]]},"properties":{"uid":133,"title_uk":"Генічеський район","region_type":"raion","parent_uid":23,"oblast_uid":23}},{"type":"Feature","geometry":{"type":"MultiPolygon","coordinates":[[[[26.66153,49.94173],[26.61359,49.95633],[26.60179,49.93839],[26.50044,49.93899],[26.48471,49.91438],[26.52103,49.9034],[26.51002,49.88476],[26.46193,49.89731],[26.43079,49.88866],[26.37399,49.93359],[26.31077,49.90032],[26.31869,49.88237],[26.23032,49.87695],[26.1783,49.84774],[26.24079,49.77565],[26.24346,49.74531],[26.19084,49.71415],[26.24127,49.69361],[26.27241,49.65688],[26.2626,49.63754],[26.23108,49.63647],[26.1994,49.60898],[26.21901,49.5512],[26.17559,49.54926],[26.14227,49.50946],[26.18812,49.48102],[26.19314,49.42985],[26.23561,49.39988],[26.21943,49.37834],[26.24466,49.36942],[26.23195,49.35781],[26.24367,49.34738],[26.22903,49.35035],[26.22538,49.32905],[26.25071,49.31011],[26.25758,49.27716],[26.24127,49.27535],[26.25837,49.2636],[26.24324,49.24279],[26.20286,49.24464],[26.1831,49.19505],[26.18986,49.1715],[26.21709,49.17313],[26.25283,49.14029],[26.25975,49.11526],[26.27385,49.1391],[26.26017,49.14882],[26.28699,49.14429],[26.29726,49.17512],[26.31856,49.16562],[26.32623,49.17586],[26.37859,49.14216],[26.41291,49.14892],[26.4438,49.13375],[26.42026,49.11122],[26.44324,49.0674],[26.54283,49.04273],[26.56082,49.0239],[26.54438,48.99646],[26.6192,48.97878],[26.63062,48.98372],[26.5876,49.0108],[26.60721,49.01478],[26.63344,48.99387],[26.67804,49.02834],[26.65502,49.04907],[26.67855,49.07487],[26.75719,49.0756],[26.80239,49.0596],[26.84754,49.07563],[26.90097,49.04692],[26.89249,49.03002],[26.91427,49.02116],[26.93141,49.01809],[26.94058,49.0358],[26.98821,49.01027],[27.00345,49.01629],[27.04324,48.98442],[27.09843,48.99094],[27.10492,48.95845],[27.12601,48.94489],[27.11822,48.95151],[27.18238,48.94928],[27.20343,48.92166],[27.2911,48.90861],[27.28814,48.92206],[27.31839,48.9353],[27.39419,48.92779],[27.41783,48.97158],[27.38328,49.00774],[27.43659,49.06924],[27.50393,49.06677],[27.47924,49.08877],[27.50542,49.11033],[27.49259,49.12128],[27.50601,49.13079],[27.53495,49.12159],[27.53374,49.14138],[27.57754,49.12171],[27.59757,49.13509],[27.60116,49.16109],[27.63981,49.16699],[27.68697,49.14166],[27.74126,49.13771],[27.78082,49.17471],[27.77601,49.1899],[27.85482,49.17059],[27.89866,49.186],[27.89426,49.20888],[27.86636,49.21306],[27.85712,49.23823],[27.87233,49.24951],[27.84918,49.26382],[27.86216,49.27937],[27.85809,49.3288],[27.81188,49.3658],[27.82904,49.36776],[27.81193,49.38825],[27.83354,49.39132],[27.8515,49.42695],[27.7504,49.43974],[27.76376,49.47835],[27.79116,49.48791],[27.73469,49.49626],[27.74271,49.53147],[27.77524,49.52031],[27.79404,49.53067],[27.79039,49.55699],[27.75831,49.57631],[27.79986,49.62102],[27.81179,49.6154],[27.81148,49.6446],[27.766,49.66644],[27.76251,49.69719],[27.81157,49.70198],[27.83702,49.72981],[27.78112,49.72834],[27.74934,49.75653],[27.70363,49.76901],[27.72703,49.79956],[27.71647,49.80618],[27.65806,49.79684],[27.62174,49.83818],[27.60999,49.87566],[27.62536,49.89241],[27.52254,49.90994],[27.51966,49.88498],[27.47945,49.87634],[27.4468,49.90954],[27.38304,49.86719],[27.33872,49.91677],[27.25536,49.88242],[27.19524,49.9009],[27.21187,49.93305],[27.15288,49.93885],[27.15921,49.92093],[27.10651,49.91918],[27.13402,49.94644],[27.09546,49.94939],[27.04008,49.92409],[26.97506,49.92665],[26.96794,49.91746],[26.9827,49.90886],[26.93437,49.9066],[26.9141,49.87087],[26.7956,49.90703],[26.80571,49.9166],[26.63653,49.89211],[26.66153,49.94173]]]]},"properties":{"uid":134,"title_uk":"Хмельницький район","region_type":"raion","parent_uid":3,"oblast_uid":3}},{"type":"Feature","geometry":{"type":"MultiPolygon","coordinates":[[[[26.21767,49.17264],[26.1899,49.15818],[26.20553,49.1327],[26.19199,49.07738],[26.21552,49.07205],[26.18381,49.05512],[26.2077,49.03603],[26.19772,49.02482],[26.21489,49.00163],[26.17603,48.99551],[26.2119,48.98287],[26.17727,48.97352],[26.20819,48.9551],[26.18552,48.91058],[26.22511,48.90713],[26.20438,48.89682],[26.21408,48.87984],[26.19982,48.85889],[26.23319,48.81916],[26.25846,48.81555],[26.22552,48.81323],[26.2334,48.78997],[26.20729,48.79727],[26.24576,48.75569],[26.22337,48.75222],[26.24397,48.73653],[26.2289,48.70886],[26.23752,48.69663],[26.21951,48.68885],[26.24529,48.684],[26.24786,48.66786],[26.27853,48.67282],[26.27307,48.64717],[26.30751,48.6575],[26.28779,48.64019],[26.32357,48.62935],[26.29304,48.62282],[26.35969,48.58803],[26.33638,48.56936],[26.36382,48.55929],[26.3602,48.5419],[26.3794,48.56467],[26.41276,48.54106],[26.4864,48.5451],[26.56811,48.45419],[26.62213,48.45838],[26.60707,48.49887],[26.61624,48.50805],[26.66874,48.48569],[26.71043,48.49095],[26.67522,48.53863],[26.6178,48.54617],[26.64735,48.562],[26.73021,48.53409],[26.74298,48.55727],[26.72344,48.58708],[26.74753,48.58036],[26.77121,48.54671],[26.79447,48.56485],[26.77999,48.59713],[26.80927,48.61045],[26.82377,48.60585],[26.8202,48.58174],[26.83612,48.56273],[26.87597,48.54271],[26.9262,48.57415],[26.98996,48.58824],[27.00068,48.57052],[27.09941,48.55581],[27.16784,48.58522],[27.248,48.56526],[27.26638,48.58087],[27.23396,48.60754],[27.24549,48.62052],[27.27542,48.62653],[27.31285,48.59964],[27.34426,48.6049],[27.41473,48.69992],[27.3999,48.72674],[27.41436,48.73999],[27.38946,48.76441],[27.40896,48.76763],[27.42762,48.79719],[27.41106,48.81128],[27.41511,48.8817],[27.39353,48.90048],[27.39612,48.92896],[27.31839,48.9353],[27.28814,48.92206],[27.2911,48.90861],[27.20343,48.92166],[27.18477,48.94859],[27.11366,48.95027],[27.09843,48.99094],[27.04324,48.98442],[27.00345,49.01629],[26.98821,49.01027],[26.94126,49.03565],[26.93128,49.01803],[26.89249,49.03002],[26.90097,49.04692],[26.84754,49.07563],[26.80239,49.0596],[26.75719,49.0756],[26.67855,49.07487],[26.65502,49.04907],[26.67804,49.02834],[26.63344,48.99387],[26.60721,49.01478],[26.5876,49.0108],[26.63062,48.98372],[26.6192,48.97878],[26.54438,48.99646],[26.56082,49.0239],[26.54283,49.04273],[26.44324,49.0674],[26.42026,49.11122],[26.44274,49.12709],[26.43419,49.13973],[26.37859,49.14216],[26.32623,49.17586],[26.31856,49.16562],[26.29726,49.17512],[26.28699,49.14429],[26.26017,49.14882],[26.27385,49.1391],[26.26023,49.11513],[26.21767,49.17264]]]]},"properties":{"uid":135,"title_uk":"Кам'янець-Подільський район","region_type":"raion","parent_uid":3,"oblast_uid":3}},{"type":"Feature","geometry":{"type":"MultiPolygon","coordinates":[[[[27.11842,50.59322],[27.07946,50.58368],[27.07144,50.55111],[27.01752,50.559],[26.98279,50.52274],[26.89966,50.54635],[26.85632,50.509],[26.82724,50.52307],[26.81738,50.50253],[26.77834,50.50213],[26.76002,50.4767],[26.78655,50.46771],[26.74302,50.46153],[26.74517,50.4796],[26.7344,50.47725],[26.73695,50.44463],[26.7175,50.44564],[26.71259,50.41696],[26.69202,50.42011],[26.68247,50.38931],[26.65951,50.39221],[26.64796,50.36458],[26.60175,50.36818],[26.58661,50.33965],[26.55273,50.33025],[26.56064,50.31699],[26.52253,50.30659],[26.4962,50.27568],[26.50335,50.26275],[26.39604,50.26513],[26.32398,50.23115],[26.2876,50.18442],[26.21149,50.17536],[26.2209,50.16464],[26.20857,50.15414],[26.2435,50.14329],[26.23481,50.13121],[26.27344,50.10281],[26.20046,50.09797],[26.20082,50.06729],[26.22689,50.04734],[26.17592,50.02515],[26.21061,50.0159],[26.20238,49.99214],[26.17283,49.99395],[26.14198,49.97176],[26.16611,49.92218],[26.1327,49.8984],[26.21336,49.86539],[26.31869,49.88237],[26.31077,49.90032],[26.37399,49.93359],[26.43079,49.88866],[26.46193,49.89731],[26.51002,49.88476],[26.52103,49.9034],[26.48471,49.91438],[26.50044,49.93899],[26.60179,49.93839],[26.61359,49.95633],[26.66469,49.9372],[26.64556,49.93103],[26.66048,49.92868],[26.63653,49.89211],[26.80571,49.9166],[26.7956,49.90703],[26.9141,49.87087],[26.93437,49.9066],[26.9827,49.90886],[26.96794,49.91746],[26.97506,49.92665],[27.04008,49.92409],[27.09546,49.94939],[27.13402,49.94644],[27.10651,49.91918],[27.15921,49.92093],[27.15288,49.93885],[27.21187,49.93305],[27.19524,49.9009],[27.25536,49.88242],[27.3238,49.91861],[27.36333,49.90233],[27.36592,49.87677],[27.38304,49.86719],[27.4468,49.90954],[27.47945,49.87634],[27.51664,49.88267],[27.52254,49.90994],[27.54938,49.90831],[27.5477,49.93484],[27.5756,49.94855],[27.54646,50.0116],[27.57126,50.01967],[27.61171,50.00564],[27.642,50.03676],[27.68116,50.03406],[27.66874,50.07753],[27.61545,50.08622],[27.6391,50.11507],[27.62592,50.12333],[27.63163,50.14622],[27.67766,50.15786],[27.66433,50.19274],[27.62127,50.16949],[27.62269,50.19972],[27.59296,50.21567],[27.59744,50.25855],[27.52093,50.22553],[27.48098,50.25722],[27.44262,50.26118],[27.44472,50.27545],[27.39541,50.28757],[27.4162,50.30745],[27.36324,50.33254],[27.31559,50.33166],[27.32116,50.36761],[27.24843,50.39279],[27.30132,50.49314],[27.26778,50.4918],[27.25875,50.51307],[27.20739,50.53184],[27.19633,50.5621],[27.13069,50.56087],[27.11842,50.59322]]]]},"properties":{"uid":136,"title_uk":"Шепетівський район","region_type":"raion","parent_uid":3,"oblast_uid":3}},{"type":"Feature","geometry":{"type":"MultiPolygon","coordinates":[[[[25.83857,48.63352],[25.78205,48.67584],[25.73995,48.63344],[25.71012,48.66365],[25.62809,48.67283],[25.58536,48.63488],[25.60919,48.52707],[25.60018,48.41471],[25.62028,48.4088],[25.62195,48.37904],[25.66363,48.35827],[25.64737,48.33621],[25.65955,48.32369],[25.61346,48.29946],[25.59681,48.25547],[25.51925,48.26615],[25.51455,48.25025],[25.48026,48.25072],[25.45377,48.17967],[25.46936,48.11724],[25.38922,48.11644],[25.36801,48.09999],[25.3728,48.07106],[25.32727,48.04189],[25.36188,48.02011],[25.34657,47.97954],[25.36513,47.96321],[25.44239,47.9262],[25.64313,47.9496],[25.77471,47.93944],[25.83745,47.96701],[25.90744,47.96487],[25.91448,47.97736],[26.16468,47.98913],[26.19918,48.00784],[26.21327,48.05179],[26.27264,48.08163],[26.29786,48.13349],[26.33432,48.159],[26.33328,48.184],[26.43769,48.1936],[26.46791,48.22093],[26.52714,48.20926],[26.46395,48.34709],[26.41753,48.35613],[26.39213,48.33056],[26.3921,48.36287],[26.35752,48.34925],[26.26257,48.36511],[26.24511,48.33643],[26.21046,48.3351],[26.20549,48.34646],[26.22665,48.35632],[26.20825,48.37192],[26.22493,48.384],[26.16435,48.44138],[26.10405,48.47062],[26.07998,48.46464],[26.05569,48.4991],[26.08499,48.47404],[26.11435,48.48306],[26.09494,48.52138],[26.12207,48.5399],[26.0909,48.53916],[26.04435,48.58528],[26.06588,48.60714],[26.0563,48.64574],[26.03342,48.64509],[26.021,48.61033],[25.97364,48.62052],[25.9167,48.58695],[25.84965,48.5968],[25.85656,48.61731],[25.83857,48.63352]]]]},"properties":{"uid":137,"title_uk":"Чернівецький район","region_type":"raion","parent_uid":26,"oblast_uid":26}},{"type":"Feature","geometry":{"type":"MultiPolygon","coordinates":[[[[25.45614,48.4016],[25.31596,48.36607],[25.19319,48.25495],[25.10646,48.22524],[25.13728,48.1813],[25.08804,48.18118],[25.09282,48.16203],[25.06623,48.15723],[25.06749,48.13284],[25.03852,48.12747],[25.03659,48.11171],[24.98212,48.11342],[24.9942,48.08653],[24.91171,48.02742],[24.91445,47.96861],[24.92892,47.95391],[24.9192,47.94652],[24.95704,47.92001],[24.96126,47.90399],[24.94452,47.8979],[24.95653,47.87916],[24.99732,47.8556],[24.94667,47.79425],[24.92233,47.72681],[25.04014,47.72522],[25.05331,47.74634],[25.11537,47.75464],[25.1293,47.77885],[25.1673,47.79188],[25.17997,47.82563],[25.22183,47.8589],[25.23003,47.89312],[25.44239,47.9262],[25.34724,47.97864],[25.36486,48.01008],[25.32931,48.04644],[25.3728,48.07106],[25.36801,48.09999],[25.38922,48.11644],[25.46936,48.11724],[25.45377,48.17967],[25.48026,48.25072],[25.51455,48.25025],[25.51925,48.26615],[25.59681,48.25547],[25.61346,48.29946],[25.65955,48.32369],[25.64737,48.33621],[25.66399,48.35268],[25.62098,48.38036],[25.45614,48.4016]]]]},"properties":{"uid":138,"title_uk":"Вижницький район","region_type":"raion","parent_uid":26,"oblast_uid":26}},{"type":"Feature","geometry":{"type":"MultiPolygon","coordinates":[[[[27.4438,48.60229],[27.3648,48.63066],[27.31727,48.59872],[27.26392,48.62676],[27.23316,48.60927],[27.26562,48.58449],[27.248,48.56526],[27.16784,48.58522],[27.09941,48.55581],[27.00068,48.57052],[26.98996,48.58824],[26.9262,48.57415],[26.87928,48.54248],[26.84094,48.55788],[26.8202,48.58174],[26.82377,48.60585],[26.80061,48.60919],[26.77884,48.59454],[26.79453,48.5675],[26.77983,48.5478],[26.7616,48.54916],[26.72865,48.58727],[26.72028,48.57873],[26.74308,48.55599],[26.72708,48.53306],[26.66145,48.56002],[26.62263,48.55488],[26.62351,48.53752],[26.67522,48.53863],[26.71307,48.49514],[26.66925,48.48563],[26.61248,48.50671],[26.62583,48.46407],[26.59463,48.45112],[26.55369,48.46338],[26.47988,48.54659],[26.39147,48.53498],[26.35509,48.50757],[26.30219,48.50905],[26.26786,48.53998],[26.16632,48.52894],[26.14661,48.54625],[26.14452,48.59735],[26.11467,48.61995],[26.09598,48.59956],[26.12761,48.55612],[26.09494,48.52138],[26.11435,48.48306],[26.08499,48.47404],[26.05569,48.4991],[26.07998,48.46464],[26.10405,48.47062],[26.16435,48.44138],[26.22493,48.384],[26.20825,48.37192],[26.22665,48.35632],[26.20549,48.34646],[26.21046,48.3351],[26.24511,48.33643],[26.26257,48.36511],[26.35752,48.34925],[26.3921,48.36287],[26.39213,48.33056],[26.41753,48.35613],[26.46395,48.34709],[26.52714,48.20926],[26.55026,48.22497],[26.57193,48.21956],[26.58646,48.2465],[26.6207,48.23952],[26.61425,48.25016],[26.62779,48.24639],[26.63001,48.25965],[26.61642,48.27405],[26.69593,48.32718],[26.68181,48.35532],[26.69471,48.35986],[26.73926,48.31288],[26.75886,48.32242],[26.76687,48.30231],[26.81734,48.29524],[26.83138,48.31367],[26.82418,48.34434],[26.76496,48.3537],[26.70903,48.40533],[26.72505,48.41163],[26.75361,48.3989],[26.77519,48.41836],[26.87317,48.41997],[26.90126,48.39695],[26.89455,48.3835],[26.93237,48.36289],[26.99536,48.35948],[27.00244,48.3795],[27.04731,48.37851],[27.0398,48.41084],[27.01421,48.42495],[27.0621,48.42122],[27.08393,48.43452],[27.0873,48.41288],[27.13903,48.37444],[27.19225,48.39482],[27.23577,48.37283],[27.28645,48.37153],[27.31961,48.44356],[27.3389,48.44804],[27.37352,48.44169],[27.38441,48.40995],[27.44716,48.40886],[27.46625,48.44865],[27.53444,48.47014],[27.4788,48.50635],[27.47935,48.54692],[27.4438,48.60229]]]]},"properties":{"uid":139,"title_uk":"Дністровський район","region_type":"raion","parent_uid":26,"oblast_uid":26}},{"type":"Feature","geometry":{"type":"MultiPolygon","coordinates":[[[[31.43118,52.14321],[31.32488,52.10497],[31.29776,52.05177],[31.25361,52.04217],[31.21876,52.05491],[31.21307,52.07136],[31.16079,52.07814],[31.13975,52.10311],[30.99313,52.07779],[30.94974,52.08944],[30.95243,52.07545],[30.93205,52.07199],[30.94865,52.05482],[30.93331,52.03946],[30.93968,52.01355],[30.89505,52.00242],[30.911,51.9882],[30.88489,51.98446],[30.889,51.96875],[30.86015,51.97243],[30.80563,51.94742],[30.82519,51.92116],[30.8022,51.89886],[30.74989,51.90392],[30.70687,51.86674],[30.69145,51.82766],[30.66055,51.81695],[30.66867,51.7896],[30.61191,51.76538],[30.65092,51.76038],[30.62536,51.71374],[30.56081,51.7042],[30.57928,51.64547],[30.54856,51.64268],[30.55686,51.62359],[30.5064,51.60022],[30.55382,51.57841],[30.52702,51.57],[30.54587,51.54272],[30.5849,51.54477],[30.56748,51.51411],[30.60746,51.46647],[30.57777,51.44657],[30.59035,51.42388],[30.62136,51.42674],[30.65357,51.37737],[30.63379,51.35915],[30.65384,51.34293],[30.57449,51.30557],[30.56877,51.27003],[30.53895,51.25951],[30.55841,51.23256],[30.50573,51.22721],[30.53044,51.20059],[30.51637,51.18579],[30.53878,51.17834],[30.49041,51.16335],[30.51721,51.11099],[30.48443,51.0923],[30.51019,51.07372],[30.49344,51.04985],[30.49937,51.01905],[30.60134,51.02684],[30.60284,51.00929],[30.64097,51.00315],[30.67288,50.90619],[30.73456,50.89822],[30.77149,50.87453],[30.76647,50.81373],[30.73233,50.8125],[30.7508,50.79845],[30.73992,50.77138],[30.83688,50.76396],[30.87059,50.78605],[30.83163,50.75421],[30.86494,50.74449],[30.8891,50.77353],[30.94988,50.75725],[31.06949,50.76472],[31.07587,50.78134],[31.12641,50.77484],[31.12176,50.74977],[31.14886,50.73783],[31.20199,50.73368],[31.21057,50.74922],[31.24104,50.75133],[31.1861,50.7924],[31.24787,50.81258],[31.2916,50.85827],[31.31769,50.86482],[31.29938,50.87102],[31.29865,50.89614],[31.31743,50.90285],[31.30869,50.91313],[31.3556,50.9284],[31.31711,50.95133],[31.36928,50.99006],[31.26713,51.02731],[31.31873,51.04411],[31.27926,51.07144],[31.31622,51.10308],[31.38075,51.0983],[31.3891,51.12133],[31.4211,51.12129],[31.41449,51.13485],[31.44063,51.17743],[31.52523,51.19059],[31.49039,51.20342],[31.54386,51.23323],[31.62267,51.24241],[31.65921,51.22491],[31.74108,51.24946],[31.81632,51.2304],[31.84816,51.23226],[31.83884,51.238],[31.85059,51.2444],[31.87613,51.2352],[31.92656,51.29241],[31.98167,51.29232],[31.985,51.31193],[32.02865,51.32586],[31.98752,51.35343],[31.99785,51.36749],[31.97001,51.34814],[31.96383,51.36342],[31.89754,51.36934],[31.85767,51.413],[31.82439,51.41704],[31.81767,51.42986],[31.83895,51.44569],[31.8212,51.47896],[31.83386,51.49502],[31.81659,51.50434],[31.84955,51.50512],[31.84574,51.54036],[31.8815,51.58081],[31.87835,51.60785],[31.80469,51.62954],[31.8096,51.65537],[31.79064,51.66239],[31.77986,51.73057],[31.73223,51.72799],[31.76023,51.74457],[31.64935,51.78042],[31.66039,51.79494],[31.67445,51.78894],[31.63335,51.81021],[31.69308,51.86578],[31.66575,51.88141],[31.67482,51.89693],[31.66311,51.90082],[31.70498,51.92197],[31.81728,51.90783],[31.79809,51.92936],[31.80849,51.94119],[31.7631,51.96319],[31.76573,51.98474],[31.79988,51.99346],[31.79079,52.02115],[31.80215,52.02551],[31.78979,52.04067],[31.76713,52.03409],[31.78341,52.05042],[31.77389,52.06161],[31.81009,52.06996],[31.81699,52.09869],[31.78464,52.11216],[31.72197,52.09582],[31.66091,52.1166],[31.48326,52.1165],[31.43118,52.14321]],[[30.70886,51.55308],[30.78531,51.53885],[30.78922,51.52286],[30.78225,51.51185],[30.58574,51.51588],[30.71012,51.53087],[30.70886,51.55308]]]]},"properties":{"uid":140,"title_uk":"Чернігівський район","region_type":"raion","parent_uid":25,"oblast_uid":25}},{"type":"Feature","geometry":{"type":"MultiPolygon","coordinates":[[[[33.2002,52.37363],[33.16997,52.37289],[33.16949,52.34171],[33.13824,52.34696],[33.06728,52.30335],[33.0721,52.32641],[33.0607,52.32882],[32.99674,52.28799],[32.99614,52.2722],[32.96066,52.27356],[32.90153,52.24549],[32.88528,52.24881],[32.88434,52.27366],[32.83329,52.27924],[32.81695,52.25922],[32.7542,52.26694],[32.70064,52.24787],[32.60777,52.305],[32.57731,52.30102],[32.55011,52.32652],[32.50328,52.3275],[32.49031,52.3142],[32.37649,52.33759],[32.35178,52.3168],[32.36961,52.2767],[32.39314,52.27835],[32.38351,52.26313],[32.39988,52.24686],[32.34693,52.24506],[32.32378,52.22242],[32.34716,52.18322],[32.32462,52.15092],[32.36818,52.14667],[32.21805,52.08208],[32.26624,52.07622],[32.29396,52.05506],[32.38394,52.05934],[32.36221,52.04825],[32.38032,52.02634],[32.40585,52.02405],[32.41375,52.00176],[32.43236,52.00883],[32.41304,51.98154],[32.43559,51.9968],[32.45387,51.97512],[32.50999,51.98743],[32.51536,51.96458],[32.62698,51.96938],[32.63041,51.91697],[32.65905,51.9139],[32.66341,51.89899],[32.74761,51.93402],[32.76949,51.91754],[32.75986,51.90276],[32.81359,51.88856],[32.80235,51.85677],[32.81458,51.86694],[32.81787,51.84992],[32.75881,51.83563],[32.71058,51.84308],[32.72951,51.82212],[32.68207,51.81501],[32.70348,51.80603],[32.71365,51.77521],[32.7501,51.7702],[32.76685,51.73448],[32.69719,51.72463],[32.6801,51.69906],[32.68601,51.67933],[32.71698,51.66641],[32.71941,51.63448],[32.76421,51.63988],[32.74315,51.62751],[32.80557,51.6235],[32.80425,51.61348],[32.83093,51.62385],[32.81662,51.60699],[32.83464,51.61096],[32.82952,51.58081],[32.84769,51.569],[32.78834,51.57722],[32.7496,51.55963],[32.76016,51.55552],[32.69059,51.55404],[32.67685,51.5416],[32.6564,51.55611],[32.65108,51.54124],[32.62586,51.53906],[32.63068,51.52304],[32.60781,51.52],[32.61055,51.50066],[32.62831,51.49732],[32.6222,51.48337],[32.66752,51.48463],[32.67472,51.46937],[32.68684,51.48586],[32.73036,51.47414],[32.71786,51.45333],[32.7436,51.43301],[32.79652,51.43944],[32.86817,51.40741],[32.8986,51.41957],[32.9058,51.39856],[32.90879,51.40987],[32.94687,51.40297],[32.92848,51.3943],[32.99902,51.36259],[32.9594,51.33467],[33.01302,51.32089],[33.0267,51.33337],[33.06541,51.32626],[33.07462,51.34067],[33.03757,51.34568],[33.04093,51.36772],[33.01657,51.39574],[33.04575,51.41114],[33.05774,51.40403],[33.03958,51.39139],[33.06035,51.36999],[33.10653,51.36538],[33.11085,51.37997],[33.09084,51.38968],[33.13327,51.38281],[33.13538,51.39948],[33.11965,51.4037],[33.13455,51.41659],[33.11309,51.42837],[33.13418,51.49197],[33.19294,51.51262],[33.15918,51.57142],[33.22231,51.58031],[33.15446,51.60748],[33.1545,51.64188],[33.12767,51.64292],[33.14006,51.67852],[33.16514,51.68034],[33.14451,51.69121],[33.17167,51.69929],[33.07833,51.77558],[33.14697,51.81649],[33.12272,51.86355],[33.1798,51.88519],[33.17067,51.90066],[33.18751,51.9124],[33.22089,51.90476],[33.25301,51.92623],[33.35508,51.93027],[33.37086,51.95354],[33.39549,51.9549],[33.33716,52.00689],[33.30422,52.01346],[33.31601,52.03168],[33.40323,52.05119],[33.43039,52.0257],[33.50062,52.03853],[33.50002,52.08927],[33.43707,52.08704],[33.44496,52.09785],[33.40971,52.11539],[33.41719,52.1231],[33.34401,52.14569],[33.32259,52.1362],[33.33693,52.16116],[33.3098,52.18475],[33.33124,52.20181],[33.31464,52.2155],[33.36644,52.23295],[33.35812,52.25833],[33.38723,52.27134],[33.37686,52.27538],[33.38678,52.29707],[33.40283,52.30212],[33.386,52.31605],[33.40013,52.31344],[33.42889,52.34526],[33.40959,52.3504],[33.41664,52.36056],[33.38039,52.37225],[33.30574,52.35103],[33.2002,52.37363]]]]},"properties":{"uid":141,"title_uk":"Новгород-Сіверський район","region_type":"raion","parent_uid":25,"oblast_uid":25}},{"type":"Feature","geometry":{"type":"MultiPolygon","coordinates":[[[[32.63331,51.46144],[32.60272,51.45092],[32.56491,51.46063],[32.55979,51.44715],[32.60317,51.44702],[32.6087,51.42319],[32.46312,51.38798],[32.40613,51.39272],[32.38372,51.41343],[32.39297,51.42737],[32.35756,51.41942],[32.35604,51.40396],[32.29282,51.41878],[32.29018,51.40258],[32.22717,51.39025],[32.22452,51.37302],[32.13325,51.40396],[32.02721,51.38042],[32.02537,51.36257],[31.99738,51.37099],[31.98752,51.35343],[32.02865,51.32586],[31.985,51.31193],[31.98167,51.29232],[31.92656,51.29241],[31.87613,51.2352],[31.85059,51.2444],[31.83884,51.238],[31.84816,51.23226],[31.81632,51.2304],[31.74108,51.24946],[31.65921,51.22491],[31.62267,51.24241],[31.49696,51.21519],[31.49039,51.20342],[31.52523,51.19059],[31.44063,51.17743],[31.41449,51.13485],[31.4211,51.12129],[31.3891,51.12133],[31.38075,51.0983],[31.31622,51.10308],[31.27926,51.07144],[31.31873,51.04411],[31.26713,51.02731],[31.37224,50.98452],[31.31711,50.95133],[31.35601,50.93136],[31.32023,50.92546],[31.30635,50.90535],[31.31743,50.90285],[31.29865,50.89614],[31.29938,50.87102],[31.31769,50.86482],[31.2916,50.85827],[31.24787,50.81258],[31.1861,50.7924],[31.24104,50.75133],[31.16488,50.72509],[31.19082,50.72447],[31.19087,50.70268],[31.21834,50.69691],[31.2237,50.6673],[31.19909,50.64467],[31.2278,50.61316],[31.16604,50.6075],[31.16586,50.58944],[31.24658,50.56706],[31.26188,50.53921],[31.31916,50.52811],[31.33041,50.50103],[31.36437,50.53075],[31.44481,50.50035],[31.52121,50.52188],[31.52226,50.53612],[31.55462,50.51975],[31.63006,50.52033],[31.64678,50.55274],[31.68557,50.56353],[31.78217,50.55947],[31.78205,50.60567],[31.88508,50.63943],[31.88001,50.65554],[31.90102,50.65862],[31.89543,50.67482],[31.92178,50.7095],[31.95332,50.70178],[31.96859,50.71457],[32.01868,50.69885],[32.05776,50.72452],[32.04832,50.73194],[32.06809,50.7669],[32.11493,50.76155],[32.09832,50.78226],[32.11388,50.80144],[32.06586,50.83962],[32.07354,50.86391],[32.04234,50.87478],[32.06903,50.89852],[32.05501,50.90829],[32.05693,50.93381],[32.10698,50.95399],[32.09187,50.98043],[32.14858,50.98938],[32.19026,51.03432],[32.22593,51.02074],[32.26127,51.03201],[32.23135,51.01863],[32.26608,51.01931],[32.27018,51.00053],[32.33239,51.0297],[32.3656,50.9987],[32.37329,51.01696],[32.4094,51.01492],[32.39525,51.03968],[32.44361,51.07882],[32.49244,51.0834],[32.52655,51.06515],[32.53064,51.0254],[32.59221,51.01284],[32.61344,51.02631],[32.68702,51.00519],[32.6983,50.99165],[32.6902,50.94787],[32.75716,50.9317],[32.7763,50.88728],[32.79396,50.88973],[32.82578,50.86051],[32.95164,50.89742],[32.97522,50.91824],[32.96538,50.92631],[33.00014,50.93648],[32.98401,50.93949],[32.97974,50.96769],[33.0416,50.99719],[33.08473,51.03838],[33.06016,51.04921],[33.06915,51.06921],[33.03785,51.07179],[33.04097,51.08186],[32.94248,51.08967],[32.99285,51.14344],[32.96039,51.16264],[32.98637,51.18396],[32.9771,51.18836],[33.04141,51.20564],[33.02953,51.22729],[33.06908,51.25532],[33.05821,51.26609],[33.07632,51.29004],[33.04092,51.29119],[33.07921,51.32267],[32.96579,51.33091],[32.96494,51.34541],[32.99902,51.36259],[32.92848,51.3943],[32.94687,51.40297],[32.90879,51.40987],[32.9058,51.39856],[32.8986,51.41957],[32.86817,51.40741],[32.80048,51.43873],[32.74667,51.43238],[32.72617,51.45003],[32.71394,51.4384],[32.63331,51.46144]]]]},"properties":{"uid":142,"title_uk":"Ніжинський район","region_type":"raion","parent_uid":25,"oblast_uid":25}},{"type":"Feature","geometry":{"type":"MultiPolygon","coordinates":[[[[32.53597,51.02432],[32.52655,51.06515],[32.49244,51.0834],[32.43453,51.07713],[32.39525,51.03968],[32.4094,51.01492],[32.37329,51.01696],[32.3656,50.9987],[32.33239,51.0297],[32.27018,51.00053],[32.26608,51.01931],[32.23135,51.01863],[32.26127,51.03201],[32.22593,51.02074],[32.19026,51.03432],[32.14858,50.98938],[32.09187,50.98043],[32.10698,50.95399],[32.05693,50.93381],[32.05501,50.90829],[32.06903,50.89852],[32.04234,50.87478],[32.07354,50.86391],[32.06586,50.83962],[32.11388,50.80144],[32.09832,50.78226],[32.11493,50.76155],[32.06809,50.7669],[32.04832,50.73194],[32.05776,50.72452],[32.01868,50.69885],[31.96859,50.71457],[31.95332,50.70178],[31.92178,50.7095],[31.89543,50.67482],[31.90102,50.65862],[31.85899,50.63204],[31.9141,50.59506],[31.95213,50.54408],[32.06345,50.54077],[32.05144,50.5235],[32.06405,50.51173],[32.04692,50.49605],[31.963,50.48513],[31.97953,50.48139],[31.97336,50.46646],[32.02351,50.45862],[32.04451,50.40165],[32.10238,50.41267],[32.07438,50.37279],[32.15467,50.37653],[32.14331,50.34825],[32.21636,50.35797],[32.2545,50.34685],[32.26887,50.35195],[32.25459,50.35229],[32.26399,50.3625],[32.2516,50.37382],[32.29018,50.37948],[32.33705,50.42796],[32.49322,50.3992],[32.48592,50.36918],[32.52507,50.34567],[32.67165,50.36896],[32.67075,50.35803],[32.7932,50.34605],[32.78984,50.37089],[32.91698,50.40809],[32.91206,50.42362],[32.9698,50.44891],[32.97278,50.4758],[33.01619,50.47072],[33.02286,50.50142],[33.06528,50.51983],[33.04872,50.54093],[33.12291,50.59575],[33.10271,50.60215],[33.11756,50.64763],[33.14678,50.65498],[33.15116,50.69381],[33.13583,50.71084],[33.23936,50.73214],[33.1896,50.74653],[33.15338,50.79303],[33.16904,50.79961],[33.15513,50.82793],[33.18527,50.8482],[33.16916,50.85069],[33.18107,50.86702],[33.17042,50.88795],[33.21051,50.90185],[33.19709,50.91997],[33.20024,50.96155],[33.13696,50.96144],[33.11786,51.00676],[33.07816,50.99173],[33.07953,50.9802],[33.03931,50.99971],[33.01129,50.99347],[32.97656,50.96334],[32.99789,50.93119],[32.96668,50.92722],[32.97522,50.91824],[32.93894,50.89021],[32.8342,50.85929],[32.7763,50.88728],[32.75716,50.9317],[32.6902,50.94787],[32.6983,50.99165],[32.68702,51.00519],[32.61344,51.02631],[32.59221,51.01284],[32.53597,51.02432]]]]},"properties":{"uid":143,"title_uk":"Прилуцький район","region_type":"raion","parent_uid":25,"oblast_uid":25}},{"type":"Feature","geometry":{"type":"MultiPolygon","coordinates":[[[[31.85856,52.11093],[31.81699,52.09869],[31.81009,52.06996],[31.7782,52.06629],[31.78011,52.03786],[31.76713,52.03409],[31.78979,52.04067],[31.80215,52.02551],[31.79079,52.02115],[31.79988,51.99346],[31.76573,51.98474],[31.7631,51.96319],[31.80849,51.94119],[31.79809,51.92936],[31.81728,51.90783],[31.70498,51.92197],[31.66311,51.90082],[31.67482,51.89693],[31.66575,51.88141],[31.69308,51.86578],[31.63335,51.81021],[31.67445,51.78894],[31.66039,51.79494],[31.64935,51.78042],[31.76023,51.74457],[31.73223,51.72799],[31.77986,51.73057],[31.79064,51.66239],[31.8096,51.65537],[31.80469,51.62954],[31.87835,51.60785],[31.8815,51.58081],[31.84574,51.54036],[31.84955,51.50512],[31.81659,51.50434],[31.83386,51.49502],[31.8212,51.47896],[31.83895,51.44569],[31.81775,51.42589],[31.85767,51.413],[31.89754,51.36934],[31.96383,51.36342],[31.97273,51.34808],[31.98451,51.36768],[32.02153,51.35997],[32.02721,51.38042],[32.13325,51.40396],[32.22452,51.37302],[32.22717,51.39025],[32.29018,51.40258],[32.29282,51.41878],[32.35604,51.40396],[32.35756,51.41942],[32.39297,51.42737],[32.38372,51.41343],[32.40613,51.39272],[32.46312,51.38798],[32.6087,51.42319],[32.60317,51.44702],[32.5591,51.44745],[32.57265,51.4617],[32.60272,51.45092],[32.63106,51.46353],[32.71394,51.4384],[32.73036,51.47414],[32.6222,51.48337],[32.62831,51.49732],[32.61055,51.50066],[32.60781,51.52],[32.63068,51.52304],[32.62586,51.53906],[32.65108,51.54124],[32.6564,51.55611],[32.67685,51.5416],[32.69059,51.55404],[32.76016,51.55552],[32.7496,51.55963],[32.78834,51.57722],[32.84769,51.569],[32.82952,51.58081],[32.83464,51.61096],[32.81662,51.60699],[32.83093,51.62385],[32.80425,51.61348],[32.80557,51.6235],[32.74315,51.62751],[32.76421,51.63988],[32.71941,51.63448],[32.71698,51.66641],[32.68601,51.67933],[32.6801,51.69906],[32.69719,51.72463],[32.76685,51.73448],[32.7501,51.7702],[32.71365,51.77521],[32.68646,51.821],[32.72951,51.82212],[32.71058,51.84308],[32.75881,51.83563],[32.81787,51.84992],[32.81458,51.86694],[32.80235,51.85677],[32.81359,51.88856],[32.75986,51.90276],[32.76949,51.91754],[32.74836,51.92116],[32.75274,51.93355],[32.66341,51.89899],[32.65905,51.9139],[32.63041,51.91697],[32.62698,51.96938],[32.51536,51.96458],[32.50999,51.98743],[32.45387,51.97512],[32.43559,51.9968],[32.41304,51.98154],[32.43236,52.00883],[32.41375,52.00176],[32.40585,52.02405],[32.38032,52.02634],[32.36221,52.04825],[32.38394,52.05934],[32.29396,52.05506],[32.24677,52.08221],[32.14728,52.06915],[32.13376,52.04394],[32.10062,52.0456],[32.09552,52.0336],[31.96469,52.05387],[31.91459,52.04322],[31.95999,52.07511],[31.85856,52.11093]]]]},"properties":{"uid":144,"title_uk":"Корюківський район","region_type":"raion","parent_uid":25,"oblast_uid":25}},{"type":"Feature","geometry":{"type":"MultiPolygon","coordinates":[[[[36.60015,47.81988],[36.60437,47.85059],[36.4741,47.82412],[36.32373,47.83935],[36.33256,47.82074],[36.29855,47.81588],[36.27534,47.81535],[36.26589,47.83334],[36.19769,47.83277],[36.20686,47.80755],[36.17912,47.79384],[36.18425,47.77798],[36.00701,47.76573],[36.01248,47.72504],[35.97332,47.72152],[35.95271,47.75811],[35.84201,47.76888],[35.84569,47.83327],[35.7875,47.82901],[35.79218,47.80529],[35.77177,47.80185],[35.79754,47.67328],[35.75659,47.59691],[35.71302,47.62134],[35.55556,47.58014],[35.58472,47.45101],[35.68225,47.43345],[35.57859,47.3336],[35.60585,47.31231],[35.57535,47.28347],[35.58757,47.27858],[35.57763,47.26642],[35.55532,47.27581],[35.50281,47.23743],[35.49074,47.16084],[35.45666,47.16991],[35.45069,47.1597],[35.50922,47.14417],[35.50576,47.10113],[35.62327,47.10171],[35.67891,47.04564],[35.69113,46.98742],[35.85779,47.00492],[35.8617,46.99031],[35.88639,46.99284],[35.88327,47.00696],[35.92157,47.01072],[35.91662,47.08767],[35.86116,47.08487],[35.86628,47.14329],[35.83705,47.16459],[35.83317,47.19396],[35.99764,47.19733],[36.00804,47.24531],[35.96845,47.30153],[36.00128,47.34189],[36.17015,47.32759],[36.18875,47.28225],[36.2204,47.27743],[36.27153,47.2835],[36.34642,47.26322],[36.37016,47.29547],[36.43353,47.26312],[36.44754,47.22174],[36.40149,47.17462],[36.48172,47.1787],[36.4897,47.11585],[36.66825,47.14486],[36.66318,47.18845],[36.67934,47.19799],[36.96237,47.2017],[36.92615,47.31934],[37.0266,47.31465],[37.03621,47.29999],[37.12201,47.34035],[37.10615,47.37582],[37.14182,47.37984],[37.16183,47.34138],[37.20351,47.35583],[37.19463,47.37328],[37.24456,47.46854],[37.18942,47.46894],[37.19607,47.47892],[37.17968,47.48354],[37.15749,47.45475],[37.07422,47.4936],[37.02098,47.55278],[37.00152,47.53897],[36.94443,47.57587],[36.8931,47.54497],[36.83016,47.62423],[36.748,47.6065],[36.7452,47.62173],[36.76571,47.63411],[36.72505,47.63106],[36.71799,47.65927],[36.77545,47.66435],[36.79136,47.68459],[36.71326,47.67834],[36.6714,47.79319],[36.58755,47.78547],[36.60015,47.81988]]]]},"properties":{"uid":145,"title_uk":"Пологівський район","region_type":"raion","parent_uid":12,"oblast_uid":12}},{"type":"Feature","geometry":{"type":"MultiPolygon","coordinates":[[[[35.33661,47.67613],[35.27946,47.6437],[35.28146,47.60882],[35.18994,47.61486],[35.14034,47.53686],[35.06871,47.50914],[34.97713,47.51038],[34.94458,47.5295],[34.86123,47.51532],[34.7968,47.53719],[34.582,47.56235],[34.46768,47.53207],[34.2975,47.51852],[34.13928,47.47751],[34.24191,47.43481],[34.3054,47.26911],[34.33001,47.29041],[34.40154,47.2871],[34.39897,47.29833],[34.41928,47.30064],[34.41395,47.32337],[34.51565,47.33559],[34.51718,47.31834],[34.47878,47.31455],[34.48794,47.27989],[34.51858,47.28368],[34.53028,47.25109],[34.4899,47.24683],[34.51676,47.11879],[34.54988,47.12138],[34.54248,47.15854],[34.59459,47.16335],[34.601,47.13389],[34.82915,47.17227],[34.87434,47.1334],[34.95563,47.14127],[34.96311,47.07778],[35.13976,47.09072],[35.14745,47.11588],[35.17433,47.119],[35.17321,47.15151],[35.2053,47.15524],[35.22221,47.1336],[35.26439,47.13867],[35.28286,47.17599],[35.32041,47.17384],[35.32232,47.20294],[35.38148,47.17923],[35.39175,47.20209],[35.49074,47.16084],[35.50281,47.23743],[35.55532,47.27581],[35.57763,47.26642],[35.58757,47.27858],[35.57535,47.28347],[35.60585,47.31231],[35.57859,47.3336],[35.68225,47.43345],[35.58472,47.45101],[35.5499,47.60671],[35.45789,47.6053],[35.46937,47.61865],[35.43008,47.61808],[35.42798,47.63924],[35.34902,47.65845],[35.33661,47.67613]]]]},"properties":{"uid":146,"title_uk":"Василівський район","region_type":"raion","parent_uid":12,"oblast_uid":12}},{"type":"Feature","geometry":{"type":"MultiPolygon","coordinates":[[[[36.01604,47.33764],[36.00128,47.34189],[35.96845,47.30153],[36.00804,47.24531],[35.99764,47.19733],[35.83317,47.19396],[35.83705,47.16459],[35.86628,47.14329],[35.86116,47.08487],[35.91662,47.08767],[35.91902,47.0677],[35.94993,47.0691],[35.96306,47.04383],[35.99192,47.0377],[35.98181,46.97572],[36.06807,46.98517],[36.05779,46.91835],[35.98788,46.905],[35.98361,46.86922],[36.06083,46.89373],[36.14416,46.87228],[36.08381,46.85037],[36.09181,46.82165],[36.02573,46.80888],[36.02968,46.75525],[35.96178,46.74604],[35.96734,46.72373],[35.90156,46.72089],[35.91422,46.66904],[36.10493,46.65856],[36.19555,46.67048],[36.24897,46.63732],[36.25812,46.59601],[36.26697,46.62692],[36.27221,46.61226],[36.27732,46.62198],[36.27022,46.63454],[36.29464,46.63886],[36.27181,46.65179],[36.29634,46.64134],[36.22235,46.54905],[36.17114,46.52339],[36.15284,46.54166],[36.14813,46.50765],[36.10432,46.4908],[36.17196,46.50006],[36.37172,46.7068],[36.61456,46.77853],[36.7208,46.77925],[36.81,46.73271],[36.82978,46.70234],[36.7783,46.64592],[36.75795,46.65627],[36.75056,46.63259],[36.77083,46.63382],[36.81605,46.67779],[36.90146,46.81255],[36.98732,46.86348],[37.06255,46.88401],[37.02142,46.92792],[37.14124,46.98186],[37.08945,47.00746],[37.12488,47.03918],[37.0986,47.05935],[37.08109,47.04752],[36.98582,47.07948],[37.01273,47.0894],[37.00161,47.12762],[36.98342,47.12443],[36.94864,47.15927],[36.8885,47.17074],[36.85437,47.19933],[36.67934,47.19799],[36.66318,47.18845],[36.66825,47.14486],[36.4897,47.11585],[36.48172,47.1787],[36.40149,47.17462],[36.44754,47.22174],[36.43353,47.26312],[36.37016,47.29547],[36.34642,47.26322],[36.32877,47.26384],[36.27153,47.2835],[36.18875,47.28225],[36.17015,47.32759],[36.01604,47.33764]]]]},"properties":{"uid":147,"title_uk":"Бердянський район","region_type":"raion","parent_uid":12,"oblast_uid":12}},{"type":"Feature","geometry":{"type":"MultiPolygon","coordinates":[[[[35.37665,47.18101],[35.32232,47.20294],[35.32041,47.17384],[35.28286,47.17599],[35.26439,47.13867],[35.22221,47.1336],[35.2053,47.15524],[35.17321,47.15151],[35.17433,47.119],[35.14745,47.11588],[35.13976,47.09072],[35.02556,47.07859],[34.96311,47.07778],[34.95563,47.14127],[34.87434,47.1334],[34.82915,47.17227],[34.601,47.13389],[34.59459,47.16335],[34.54248,47.15854],[34.54988,47.12138],[34.51676,47.11879],[34.51927,47.10461],[34.55318,47.10579],[34.56714,47.0245],[34.59261,47.02539],[34.59965,46.99191],[34.61919,46.99353],[34.62377,46.97338],[34.6819,46.97913],[34.68638,46.95568],[34.73636,46.96135],[34.75249,46.87968],[34.80457,46.88255],[34.81706,46.8284],[34.75801,46.8228],[34.76745,46.78106],[34.75003,46.78089],[34.73498,46.74746],[34.62515,46.72403],[34.63234,46.68686],[34.74599,46.68313],[34.75611,46.6271],[34.71278,46.62033],[34.72304,46.58137],[34.74804,46.58413],[34.75735,46.55014],[34.89108,46.56368],[34.89025,46.50675],[34.94723,46.5125],[35.01586,46.48043],[35.05272,46.48159],[35.07353,46.29984],[35.13312,46.30049],[35.27766,46.26445],[35.45238,46.44053],[35.5933,46.48816],[35.72551,46.58755],[35.91923,46.65939],[35.90156,46.72089],[35.96734,46.72373],[35.96178,46.74604],[36.02968,46.75525],[36.02573,46.80888],[36.09181,46.82165],[36.08381,46.85037],[36.14416,46.87228],[36.06083,46.89373],[35.98361,46.86922],[35.98788,46.905],[36.05779,46.91835],[36.06807,46.98517],[35.98181,46.97572],[35.99232,47.03688],[35.96306,47.04383],[35.94993,47.0691],[35.91902,47.0677],[35.92157,47.01072],[35.88327,47.00696],[35.88639,46.99284],[35.8617,46.99031],[35.85779,47.00492],[35.69113,46.98742],[35.67891,47.04564],[35.62327,47.10171],[35.50576,47.10113],[35.50958,47.14373],[35.45069,47.1597],[35.44611,47.18496],[35.39175,47.20209],[35.37665,47.18101]]]]},"properties":{"uid":148,"title_uk":"Мелітопольський район","region_type":"raion","parent_uid":12,"oblast_uid":12}},{"type":"Feature","geometry":{"type":"MultiPolygon","coordinates":[[[[35.31534,48.13498],[35.10517,48.13101],[34.98929,48.08996],[34.91461,48.09081],[34.91559,48.13039],[34.85505,48.13298],[34.87558,48.05431],[34.83935,48.04901],[34.84653,48.01361],[34.85826,48.01511],[34.86937,47.98229],[34.90474,47.98576],[34.91847,47.9334],[34.88085,47.92883],[34.86865,47.94098],[34.84912,47.9379],[34.85306,47.92156],[34.80187,47.91552],[34.8168,47.86455],[34.86114,47.88048],[34.87065,47.85133],[34.89741,47.8527],[34.90333,47.82983],[34.87887,47.81855],[34.8935,47.76014],[34.95693,47.7693],[34.95588,47.71242],[34.92965,47.71156],[34.9377,47.67756],[34.90552,47.67399],[34.9419,47.60157],[34.92731,47.58036],[34.96518,47.55113],[34.94458,47.5295],[34.97713,47.51038],[35.06871,47.50914],[35.14034,47.53686],[35.18994,47.61486],[35.28146,47.60882],[35.27946,47.6437],[35.33593,47.67824],[35.34902,47.65845],[35.42798,47.63924],[35.43008,47.61808],[35.46937,47.61865],[35.45789,47.6053],[35.5499,47.60671],[35.56756,47.57617],[35.71302,47.62134],[35.75659,47.59691],[35.79754,47.67328],[35.77177,47.80185],[35.79218,47.80529],[35.7875,47.82901],[35.84569,47.83327],[35.84201,47.76888],[35.95271,47.75811],[35.97332,47.72152],[36.01248,47.72504],[36.00701,47.76573],[36.18425,47.77798],[36.17912,47.79384],[36.20619,47.80555],[36.18793,47.84139],[36.1965,47.85932],[36.07366,47.84788],[36.054,47.87995],[36.08061,47.8833],[36.08699,47.86115],[36.11954,47.86486],[36.12008,47.92794],[36.10895,47.94172],[36.08457,47.93026],[36.07339,47.96505],[36.05145,47.95847],[36.07084,47.97214],[36.06158,48.00142],[36.03419,48.01872],[36.0652,48.02513],[36.05231,48.05882],[35.97512,48.04335],[35.98852,48.058],[35.97144,48.06073],[35.98542,48.08448],[35.97477,48.09259],[35.8166,48.06568],[35.80599,48.10074],[35.7428,48.09568],[35.70323,48.14025],[35.52431,48.0744],[35.51891,48.09485],[35.42004,48.10004],[35.31534,48.13498]]]]},"properties":{"uid":149,"title_uk":"Запорізький район","region_type":"raion","parent_uid":12,"oblast_uid":12}},{"type":"Feature","geometry":{"type":"MultiPolygon","coordinates":[[[[31.09029,49.48514],[31.03948,49.47342],[31.04403,49.45649],[31.02931,49.47176],[30.99387,49.42246],[30.92079,49.41553],[30.93478,49.39557],[30.90906,49.3585],[30.80045,49.35407],[30.72858,49.33173],[30.60719,49.37025],[30.51582,49.32782],[30.47327,49.36509],[30.41385,49.33047],[30.42123,49.30233],[30.51514,49.25332],[30.49469,49.19999],[30.41535,49.21436],[30.39219,49.21172],[30.39409,49.19222],[30.47604,49.18202],[30.47871,49.14203],[30.5602,49.15538],[30.5683,49.14215],[30.53675,49.08736],[30.55319,49.08258],[30.53477,49.03828],[30.55626,49.03373],[30.56139,49.01644],[30.51428,48.98705],[30.5196,48.97409],[30.48753,48.96366],[30.46881,48.93408],[30.48218,48.91466],[30.45985,48.91448],[30.44611,48.89548],[30.46034,48.87261],[30.53708,48.85365],[30.47899,48.8207],[30.48778,48.80843],[30.46684,48.78591],[30.54345,48.72479],[30.57603,48.72087],[30.60897,48.71913],[30.63703,48.75187],[30.69804,48.76736],[30.80395,48.75684],[30.81145,48.76922],[30.83213,48.74967],[30.88266,48.74384],[30.90174,48.76255],[30.94533,48.75892],[30.94361,48.77219],[31.03763,48.76067],[31.11316,48.72765],[31.21642,48.76906],[31.25009,48.76748],[31.26202,48.74868],[31.30971,48.75903],[31.32983,48.72586],[31.35367,48.72752],[31.35758,48.74177],[31.38215,48.72767],[31.39343,48.74821],[31.39289,48.73542],[31.41203,48.75648],[31.42429,48.74306],[31.43614,48.75386],[31.42262,48.76364],[31.5589,48.82852],[31.55937,48.86299],[31.58186,48.8749],[31.56695,48.89986],[31.58167,48.91257],[31.59479,48.90613],[31.58068,48.88774],[31.63993,48.90791],[31.68945,48.89631],[31.69853,48.93103],[31.76958,48.93542],[31.74514,48.96212],[31.71899,48.96254],[31.72527,48.98623],[31.69301,48.97599],[31.67766,48.94611],[31.6243,48.97197],[31.62068,49.10172],[31.53021,49.12549],[31.53722,49.14101],[31.48292,49.16175],[31.46272,49.19773],[31.39342,49.2015],[31.28348,49.26155],[31.28127,49.32676],[31.30425,49.33264],[31.31162,49.35935],[31.33446,49.36036],[31.38251,49.32797],[31.4228,49.35426],[31.40269,49.40987],[31.33196,49.42499],[31.38218,49.44128],[31.32657,49.43407],[31.33103,49.41575],[31.28444,49.41271],[31.28601,49.3937],[31.26728,49.40023],[31.24704,49.38512],[31.19344,49.39475],[31.22485,49.40174],[31.21623,49.41772],[31.12966,49.42744],[31.14289,49.4443],[31.11989,49.44845],[31.11275,49.47383],[31.09029,49.48514]]]]},"properties":{"uid":150,"title_uk":"Звенигородський район","region_type":"raion","parent_uid":24,"oblast_uid":24}},{"type":"Feature","geometry":{"type":"MultiPolygon","coordinates":[[[[30.14893,49.32677],[30.10703,49.30289],[30.12324,49.28892],[30.11305,49.2701],[30.06988,49.32534],[30.02664,49.3343],[30.00716,49.31505],[29.94839,49.31192],[29.95558,49.25218],[29.87677,49.20026],[29.88222,49.18613],[29.76014,49.17978],[29.72733,49.2081],[29.75466,49.22629],[29.70379,49.22541],[29.72586,49.20293],[29.71203,49.14191],[29.7336,49.1228],[29.67818,49.11218],[29.68627,49.08871],[29.65089,49.09705],[29.6308,49.04704],[29.60594,49.05757],[29.63933,49.01176],[29.68367,49.02644],[29.69574,49.00041],[29.65201,48.95977],[29.65172,48.9368],[29.687,48.91232],[29.7355,48.90818],[29.70958,48.89744],[29.72807,48.88636],[29.7317,48.8546],[29.76164,48.84706],[29.76614,48.78626],[29.86653,48.76302],[29.88412,48.73608],[29.86774,48.7345],[29.86116,48.69975],[29.94685,48.66983],[29.94468,48.65782],[29.9923,48.63247],[29.98975,48.61353],[29.95129,48.60853],[29.94785,48.5946],[30.00584,48.57307],[30.02042,48.51921],[29.99285,48.52011],[30.00634,48.51336],[30.00087,48.49202],[29.96674,48.49143],[29.96118,48.47297],[30.04984,48.48283],[30.1114,48.45199],[30.16286,48.50378],[30.22033,48.48007],[30.25628,48.48926],[30.25487,48.50542],[30.38659,48.52705],[30.40284,48.57383],[30.45283,48.58347],[30.48617,48.56412],[30.56643,48.56738],[30.55781,48.59577],[30.57085,48.60564],[30.5294,48.62779],[30.55135,48.65365],[30.59865,48.6632],[30.61118,48.69796],[30.55972,48.73226],[30.54345,48.72479],[30.46684,48.78591],[30.48778,48.80843],[30.47899,48.8207],[30.53708,48.85365],[30.46034,48.87261],[30.44611,48.89548],[30.45985,48.91448],[30.48218,48.91466],[30.46881,48.93408],[30.48753,48.96366],[30.5196,48.97409],[30.51428,48.98705],[30.56139,49.01644],[30.55626,49.03373],[30.53477,49.03828],[30.55319,49.08258],[30.53675,49.08736],[30.5683,49.14215],[30.5602,49.15538],[30.47871,49.14203],[30.47604,49.18202],[30.39409,49.19222],[30.39219,49.21172],[30.41535,49.21436],[30.49469,49.19999],[30.51514,49.25332],[30.45873,49.27418],[30.46551,49.28955],[30.45115,49.29647],[30.39773,49.30348],[30.37184,49.23641],[30.36674,49.25504],[30.18949,49.27491],[30.20026,49.32817],[30.14893,49.32677]]]]},"properties":{"uid":151,"title_uk":"Уманський район","region_type":"raion","parent_uid":24,"oblast_uid":24}},{"type":"Feature","geometry":{"type":"MultiPolygon","coordinates":[[[[31.38266,49.99248],[31.28845,49.97275],[31.30543,49.97242],[31.28886,49.9523],[31.31529,49.96401],[31.35013,49.95021],[31.3349,49.93828],[31.38009,49.9078],[31.37362,49.89866],[31.20774,49.85231],[31.2208,49.83207],[31.18979,49.79023],[31.21623,49.77689],[31.20767,49.7555],[31.22103,49.73312],[31.19623,49.70154],[31.21747,49.6946],[31.13569,49.60369],[31.1287,49.58377],[31.15261,49.58047],[31.13859,49.57129],[31.15159,49.55586],[31.10868,49.5573],[31.09492,49.49718],[31.0611,49.48155],[31.10967,49.4756],[31.11989,49.44845],[31.14289,49.4443],[31.12966,49.42744],[31.21623,49.41772],[31.22485,49.40174],[31.19344,49.39475],[31.24704,49.38512],[31.26728,49.40023],[31.28601,49.3937],[31.28444,49.41271],[31.33103,49.41575],[31.32657,49.43407],[31.38218,49.44128],[31.33196,49.42499],[31.40269,49.40987],[31.4228,49.35426],[31.38251,49.32797],[31.33446,49.36036],[31.31162,49.35935],[31.30425,49.33264],[31.28127,49.32676],[31.28348,49.26155],[31.39342,49.2015],[31.46272,49.19773],[31.48292,49.16175],[31.53722,49.14101],[31.53021,49.12549],[31.62068,49.10172],[31.6243,48.97197],[31.67766,48.94611],[31.69301,48.97599],[31.72527,48.98623],[31.72959,48.95438],[31.74514,48.96212],[31.77063,48.93517],[31.80534,48.94961],[31.91823,48.90619],[31.92108,48.88011],[31.94535,48.90607],[32.00594,48.91353],[32.02642,48.93072],[32.0489,48.91631],[32.09331,48.91887],[32.08582,48.90509],[32.10523,48.90245],[32.15151,48.91662],[32.15396,48.94465],[32.13059,48.95187],[32.13475,48.96613],[32.17815,48.97291],[32.18379,48.99645],[32.21749,48.98773],[32.23365,49.05944],[32.26197,49.05867],[32.25987,49.07823],[32.28238,49.08484],[32.36534,49.07177],[32.37068,49.03869],[32.40124,49.02648],[32.44271,49.0525],[32.47454,49.0333],[32.47572,49.00548],[32.50054,49.01444],[32.52189,48.9389],[32.5517,48.94176],[32.53887,48.96693],[32.58711,48.94998],[32.60759,48.96449],[32.65433,48.95331],[32.67972,48.9573],[32.67519,48.98757],[32.73026,48.97749],[32.73329,48.96475],[32.87375,48.99228],[32.82868,49.00921],[32.8426,49.02818],[32.81417,49.07379],[32.89052,49.09595],[32.88915,49.12116],[32.77498,49.1444],[32.75745,49.16531],[32.8561,49.24619],[32.76272,49.23299],[32.71391,49.25758],[32.60846,49.25377],[32.59566,49.27624],[32.46648,49.3281],[32.44145,49.31952],[32.39058,49.33488],[32.34032,49.38481],[32.19825,49.39209],[32.15409,49.41885],[32.12811,49.4639],[32.04678,49.47169],[31.93971,49.54933],[31.87244,49.55092],[31.82314,49.57238],[31.7617,49.63385],[31.66992,49.63821],[31.66957,49.65129],[31.646,49.65392],[31.68888,49.69506],[31.67842,49.70853],[31.71151,49.75482],[31.69043,49.76004],[31.718,49.75714],[31.71968,49.77556],[31.69335,49.77557],[31.6927,49.78999],[31.70783,49.8438],[31.72853,49.84669],[31.61448,49.85597],[31.61241,49.90651],[31.58004,49.90686],[31.55099,49.87273],[31.51983,49.86855],[31.50444,49.84141],[31.49679,49.86134],[31.44899,49.87633],[31.42493,49.9165],[31.4437,49.97771],[31.38266,49.99248]]]]},"properties":{"uid":152,"title_uk":"Черкаський район","region_type":"raion","parent_uid":24,"oblast_uid":24}},{"type":"Feature","geometry":{"type":"MultiPolygon","coordinates":[[[[32.12556,50.22478],[32.08645,50.22143],[32.05624,50.18766],[31.99328,50.20125],[31.96538,50.15145],[31.93396,50.15836],[31.97522,50.12516],[31.91142,50.10069],[31.90411,50.05578],[31.98648,50.05241],[31.97977,50.03872],[31.89994,50.01927],[31.91861,49.99093],[31.90136,49.94381],[31.88969,49.96245],[31.81356,49.96618],[31.7702,49.92009],[31.77398,49.89361],[31.75228,49.89339],[31.71605,49.85327],[31.72853,49.84669],[31.70783,49.8438],[31.69335,49.77557],[31.71968,49.77556],[31.718,49.75714],[31.69043,49.76004],[31.71151,49.75482],[31.67842,49.70853],[31.68888,49.69506],[31.646,49.65392],[31.68803,49.63271],[31.7617,49.63385],[31.82314,49.57238],[31.87244,49.55092],[31.93971,49.54933],[32.04678,49.47169],[32.12811,49.4639],[32.15409,49.41885],[32.19825,49.39209],[32.34032,49.38481],[32.38237,49.3395],[32.44145,49.31952],[32.47889,49.3395],[32.46106,49.34739],[32.50987,49.40784],[32.54481,49.38182],[32.73737,49.35306],[32.73708,49.37213],[32.68992,49.38519],[32.67899,49.4253],[32.6509,49.43584],[32.67287,49.44801],[32.67726,49.49927],[32.70998,49.49902],[32.75017,49.52383],[32.75722,49.57569],[32.69632,49.60271],[32.71515,49.61237],[32.70853,49.65677],[32.57404,49.70254],[32.57245,49.75319],[32.55573,49.77354],[32.51428,49.77439],[32.50409,49.80446],[32.44932,49.79621],[32.37386,49.87441],[32.43457,49.88821],[32.41405,49.90345],[32.42859,49.96027],[32.37887,49.98098],[32.351,50.04734],[32.33376,50.05829],[32.31382,50.0386],[32.26153,50.08236],[32.27641,50.09685],[32.25033,50.11463],[32.30394,50.11989],[32.29859,50.14274],[32.17682,50.165],[32.1117,50.21259],[32.12556,50.22478]]]]},"properties":{"uid":153,"title_uk":"Золотоніський район","region_type":"raion","parent_uid":24,"oblast_uid":24}},{"type":"Feature","geometry":{"type":"MultiPolygon","coordinates":[[[[39.33575,48.76684],[39.31282,48.77556],[39.28586,48.74995],[39.27127,48.75409],[39.24853,48.71323],[39.19584,48.70731],[39.14056,48.66035],[39.07451,48.65138],[39.06507,48.6096],[39.08649,48.60332],[39.07525,48.58729],[39.11552,48.59008],[39.09586,48.56385],[39.13896,48.55375],[39.06465,48.54251],[39.08595,48.53767],[39.06423,48.51359],[39.09438,48.4722],[39.04381,48.47215],[39.0354,48.49073],[38.99352,48.4723],[39.00566,48.46741],[38.95755,48.46429],[38.96368,48.43338],[38.91676,48.38645],[38.91666,48.36011],[38.94747,48.35832],[38.96109,48.3743],[39.00239,48.36995],[39.00131,48.35329],[39.0445,48.35345],[39.05251,48.29077],[39.14862,48.29227],[39.20736,48.22837],[39.26773,48.21347],[39.36421,48.23509],[39.37521,48.22531],[39.35904,48.19985],[39.40412,48.17754],[39.41648,48.17486],[39.44074,48.21452],[39.46657,48.20055],[39.5081,48.22392],[39.58154,48.19216],[39.60455,48.23743],[39.6566,48.26539],[39.6342,48.26543],[39.6714,48.27103],[39.65445,48.27503],[39.66028,48.28776],[39.70566,48.29573],[39.68788,48.33884],[39.65501,48.35334],[39.69568,48.38683],[39.65391,48.37408],[39.61889,48.38679],[39.60259,48.45321],[39.63317,48.4653],[39.64186,48.48646],[39.62051,48.49246],[39.60774,48.57391],[39.59609,48.57736],[39.60529,48.59],[39.56984,48.58206],[39.56045,48.59919],[39.53139,48.58532],[39.51591,48.63404],[39.46762,48.62842],[39.45172,48.65605],[39.41034,48.65873],[39.41336,48.67047],[39.35637,48.69896],[39.34847,48.71218],[39.3752,48.71838],[39.35515,48.7267],[39.34461,48.7578],[39.35537,48.76756],[39.33575,48.76684]],[[39.57446,48.31862],[39.58562,48.30439],[39.56803,48.29877],[39.5739,48.27704],[39.56246,48.29573],[39.52227,48.30848],[39.57446,48.31862]]]]},"properties":{"uid":1801,"title_uk":"Луганський район","region_type":"raion","parent_uid":16,"oblast_uid":16}},{"type":"Feature","geometry":{"type":"MultiPolygon","coordinates":[[[[38.92835,48.39672],[38.81218,48.3543],[38.81046,48.29747],[38.76185,48.29506],[38.58838,48.23815],[38.61374,48.20374],[38.6014,48.17291],[38.69407,48.15909],[38.68997,48.14569],[38.81938,48.11576],[38.80667,48.08857],[38.8174,48.08421],[38.79829,48.07385],[38.81781,48.06526],[38.82878,48.07737],[38.81276,48.04799],[38.83745,48.01319],[39.03994,48.00642],[39.03859,47.95596],[39.09094,47.9405],[39.06557,47.89556],[39.07443,47.8695],[39.10957,47.8426],[39.35568,47.8724],[39.38698,47.87074],[39.41369,47.83094],[39.44156,47.85472],[39.42614,47.88674],[39.44434,47.89935],[39.50088,47.89686],[39.39256,47.9715],[39.39227,48.01244],[39.47187,48.04725],[39.42585,48.06721],[39.42326,48.13531],[39.39875,48.12813],[39.37666,48.14585],[39.38847,48.18269],[39.35883,48.20023],[39.37475,48.23089],[39.32533,48.23485],[39.30972,48.21806],[39.26773,48.21347],[39.20736,48.22837],[39.14862,48.29227],[39.05251,48.29077],[39.0445,48.35345],[39.00131,48.35329],[39.00239,48.36995],[38.96109,48.3743],[38.94747,48.35832],[38.91666,48.36011],[38.92835,48.39672]],[[39.41552,48.06397],[39.42409,48.05364],[39.41048,48.05305],[39.40209,48.0249],[39.37816,48.03348],[39.38528,48.05804],[39.41552,48.06397]]]]},"properties":{"uid":1802,"title_uk":"Ровеньківський район","region_type":"raion","parent_uid":16,"oblast_uid":16}},{"type":"Feature","geometry":{"type":"MultiPolygon","coordinates":[[[[38.49349,48.78208],[38.47965,48.78484],[38.52109,48.76483],[38.50837,48.75085],[38.52066,48.7327],[38.4989,48.72085],[38.52483,48.71662],[38.5307,48.68634],[38.57998,48.67812],[38.54854,48.66018],[38.55176,48.67297],[38.51008,48.68346],[38.47828,48.67092],[38.48694,48.67933],[38.46987,48.68379],[38.49553,48.69066],[38.45956,48.69738],[38.39599,48.66002],[38.42048,48.65636],[38.41727,48.64198],[38.47919,48.6531],[38.46943,48.63961],[38.42097,48.641],[38.45016,48.62568],[38.40012,48.59912],[38.39702,48.58198],[38.40431,48.56325],[38.44464,48.56996],[38.45921,48.52957],[38.48167,48.52395],[38.45264,48.46716],[38.42881,48.46509],[38.43701,48.39495],[38.48702,48.36189],[38.43307,48.34059],[38.42802,48.27762],[38.55907,48.27458],[38.58731,48.25771],[38.58763,48.23719],[38.76185,48.29506],[38.81046,48.29747],[38.81218,48.3543],[38.89212,48.393],[38.9358,48.39738],[38.96368,48.43338],[38.95755,48.46429],[39.00566,48.46741],[38.99352,48.4723],[39.0354,48.49073],[39.04381,48.47215],[39.09438,48.4722],[39.06423,48.51359],[39.08595,48.53767],[39.06465,48.54251],[39.13896,48.55375],[39.09586,48.56385],[39.11552,48.59008],[39.07525,48.58729],[39.08649,48.60332],[39.06507,48.6096],[39.07451,48.65138],[39.0117,48.65976],[39.02895,48.66392],[39.01675,48.69526],[38.98582,48.71171],[39.00057,48.72102],[38.97999,48.7453],[38.94275,48.7347],[38.93842,48.74731],[38.90109,48.75127],[38.88269,48.693],[38.86467,48.69506],[38.84341,48.67144],[38.68529,48.71659],[38.67877,48.75263],[38.65985,48.74649],[38.64869,48.76753],[38.6067,48.75703],[38.55803,48.77955],[38.49349,48.78208]],[[38.48,48.66494],[38.46079,48.66382],[38.51127,48.67479],[38.48,48.66494]]]]},"properties":{"uid":1803,"title_uk":"Алчевський район","region_type":"raion","parent_uid":16,"oblast_uid":16}},{"type":"Feature","geometry":{"type":"MultiPolygon","coordinates":[[[[39.79295,48.59262],[39.62258,48.58714],[39.60774,48.57391],[39.62051,48.49246],[39.64186,48.48646],[39.63317,48.4653],[39.60259,48.45321],[39.60788,48.417],[39.63188,48.37475],[39.69568,48.38683],[39.65501,48.35334],[39.68788,48.33884],[39.70547,48.29551],[39.66028,48.28776],[39.65445,48.27503],[39.6714,48.27103],[39.6342,48.26543],[39.6566,48.26539],[39.60455,48.23743],[39.58154,48.19216],[39.5081,48.22392],[39.46657,48.20055],[39.43061,48.20934],[39.41648,48.17486],[39.38639,48.18292],[39.37666,48.14585],[39.39875,48.12813],[39.42326,48.13531],[39.42585,48.06721],[39.47187,48.04725],[39.39227,48.01244],[39.39256,47.9715],[39.50088,47.89686],[39.44434,47.89935],[39.42577,47.88633],[39.43057,47.85617],[39.4775,47.86014],[39.51991,47.82505],[39.62664,47.83902],[39.73817,47.82768],[39.76329,47.84634],[39.76256,47.87076],[39.79373,47.86934],[39.79363,47.91914],[39.8059,47.95054],[39.82462,47.9552],[39.81626,48.00123],[39.77616,48.03973],[39.88155,48.04458],[39.83285,48.06606],[39.86872,48.07925],[39.87085,48.1177],[39.90393,48.14366],[39.90969,48.17972],[39.9371,48.18061],[39.94092,48.22847],[40.0095,48.2254],[40.0203,48.25411],[39.99068,48.31696],[39.91486,48.26955],[39.9155,48.2871],[39.88692,48.30878],[39.84109,48.31],[39.84524,48.33285],[39.94526,48.35055],[39.94274,48.38501],[39.91887,48.37735],[39.9057,48.39074],[39.91848,48.39738],[39.90575,48.40476],[39.91185,48.41972],[39.88899,48.4418],[39.89833,48.44703],[39.84577,48.47465],[39.84748,48.50194],[39.86692,48.50724],[39.85135,48.56672],[39.79295,48.59262]]],[[[39.41552,48.06397],[39.38528,48.05804],[39.37816,48.03348],[39.40209,48.0249],[39.41048,48.05305],[39.42409,48.05364],[39.41552,48.06397]]],[[[39.58562,48.30439],[39.56643,48.32056],[39.52227,48.30848],[39.56436,48.29448],[39.5703,48.27696],[39.56803,48.29877],[39.58562,48.30439]]]]},"properties":{"uid":1804,"title_uk":"Довжанський район","region_type":"raion","parent_uid":16,"oblast_uid":16}}],"count":126}